title,document_no,document_no_empty_reason,issuer,authority_level,category,scope,regions,tags,source_url,published_at,effective_at,expired_at,effective_note,last_verified_at,review_cycle_days,replacement_regulation_id,summary,content,change_note
中华人民共和国道路交通安全法（主席令第8号公布文本）,中华人民共和国主席令第八号,,全国人民代表大会常务委员会,law,traffic,NATIONAL,,道路交通安全|机动车|驾驶人|道路通行|交通事故|摩托车,https://gat.xinjiang.gov.cn/gat/flfg/201712/5ab1a15b470646018052b74ede4b46fe.shtml,2003-10-28,2004-05-01,,源文件为2003年主席令第8号公布文本；国家法律法规数据库显示后续存在修正，发布前须核对现行文本与历史沿革。,2026-08-03,30,,规定道路交通安全管理、车辆和驾驶人、道路通行、交通事故处理、执法监督及法律责任。该条目索引用户提供的2003年公布文本，不构成现行版本或个案法律结论。,"中华人民共和国主席令第八号
《中华人民共和国道路交通安全法》已由中华人民共和国第十届全国人
民代表大会常务委员会第五次会议于2003年10月28日通过，现予公布，自
2004年5月1日起施行。
目 录
第一章 总 则
第二章 车辆和驾驶人
第一节 机动车、非机动车
第二节 机动车驾驶人
第三章 道路通行条件
第四章 道路通行规定
第一节 一般规定
第二节 机动车通行规定

第三节 非机动车通行规定
第四节 行人和乘车人通行规定
第五节 高速公路的特别规定
第五章 交通事故处理
第六章 执法监督
第七章 法律责任
第八章 附 则 维
第一章 总 则

第一条
为了维护道路交通秩序，预防和减少交通事故，保护人身安全，保护公
民、法人和其他组织的财产安全及其他合法权益，提高通行效率，制定
本法。
第二条
中华人民共和国境内的车辆驾驶人、行人、乘车人以及与道路交通活动
有关的单位和个人，都应当遵守本法。
第三条
道路交通安全工作，应当遵尔循依法管理、方便群众的原则，保障道路交
通有序、安全、畅通。
第四条
各级人民政府应当保障道路交通安全管理工作与经济建设和社会发展相
适应。
县级以上地方各级人民政府应当适应道路交通发展的需要，依据道路交
通安全法律、法规和国家有关政策，制定道路交通安全管理规划，并组
织实施。
第五条
国务院公安部门负责全国道路交通安全管理工作。县级以上地方各级人
民政府公安机关交通管理部门负责本行政区域内的道路交通安全管理工

作。
县级以上各级人民政府交通、建设管理部门依据各自职责，负责有关的
道路交通工作。
第六条
各级人民政府应当经常进行道路交通安全教育，提高公民的道路交通安
全意识。
公安机关交通管理部门及其交通警察执行职务时，应当加强道路交通安
全法律、法规的宣传，并模范遵守道路交通安全法律、法规。
机关、部队、企业事业单位、社会团体以及其他组织，应当对本单位的
人员进行道路交通安全教育。
教育行政部门、学校应当将道路交通安全教育纳入法制教育的内容。
新闻、出版、广播、电视等有关单位，有进行道路交通安全教育的义务。
第七条
对道路交通安全管理工作，应当加强科学研究，推广、使用先进的管理
方法、技术、设备。

第二章 车辆和驾驶人
第一节 机动车、非机动车
第八条
国家对机动车实行登记制度。机动车经公安机关交通管理部门登记后，
方可上道路行驶。尚未登记的机动车，需要临时上道路行驶的，应当取
得临时通行牌证。维
第九条 申请机动车登记，应当提交以下证明、凭证：
（一）机动车所有人的身份证明；
（二）机动车来历证明；
（三）机动车整车出厂合格证明或者进口机动车进口凭证；

（四）车辆购置税的完税证明或者免税凭证；
（五）法律、行政法规规定应当在机动车登记时提交的其他证明、凭证。
公安机关交通管理部门应当自受理申请之日起五个工安作日内完成机动车
登记审查工作，对符合前款规定条件的，应当发放机动车登记证书、号
牌和行驶证；对不符合前款规定条件的，应当向申请人说明不予登记的
理由。
公安机关交通管理部门以外的任何单位或者个人不得发放机动车号牌或
者要求机动车悬挂其他号牌，本法另有规定的除外。
机动车登记证书、号牌、行驶证的式样由国务院公安部门规定并监制。
第十条
准予登记的机动车应当符合机动车国家安全技术标准。申请机动车登记
时，应当接受对该机动车的安全技术检验。但是，经国家机动车产品主
管部门依据机动车国家安全技术标准认定的企业生产的机动车型，该车
型的新车在出厂时经检验符合机动车国家安全技术标准，获得检验合格
证的，免予安全技术检验。
第十一条
驾驶机动车上道路行驶，应当悬挂机动车号牌，放置检验合格标志、保
险标志，并随车携带机动车行驶证。

机动车号牌应当按照规定悬挂并保持清晰、完整，不得故意遮挡、污损。
任何单位和个人不得收缴、扣留机动车号牌。
第十二条 有下列情形之一的，应当办理相应的登记：
（一） 机动车所有权发生转移的； 公
（二） 机动车登记内容变更的； 治
（三） 机动车用作抵押的；
（四） 机动车报废的。
第十三条
对登记后上道路行驶的机动车，应当依照法律、行政法规的规定，根据
车辆用途、载客载货数量、使用年限等不同情况，定期进行安全技术检
验。对提供机动车行驶证和机动车第三者责任强制保险单的，机动车安
全技术检验机构应当予以检验，任何单位不得附加其他条件。对符合机
动车国家安全技术标准的，公安机关交通管理部门应当发给检验合格标
志。
对机动车的安全技术检验实行社会化。具体办法由国务院规定。

机动车安全技术检验实行社会化的地方，任何单位不得要求机动车到指
定的场所进行检验。
公安机关交通管理部门、机动车安全技术检验机构不得要求机动车到指
定的场所进行维修、保养。
机动车安全技术检验机构对机动车检验收取费用，应当严格执行国务院
价格主管部门核定的收费标准。
第十四条
国家实行机动车强制报废制度，根据机动车的安全技术状况和不同用途，
规定不同的报废标准。
应当报废的机动车必须及时办理注销登记。
达到报废标准的机动车不得上道路行驶。报废的大型客、货车及其他营
运车辆应当在公安机关交通管理部门的监督下解体。
第十五条
警车、消防车、救护车、工程救险车应当按照规定喷涂标志图案，安装
警报器、标志灯具。其他机动车不得喷涂、安装、使用上述车辆专用的
或者与其相类似的标志图案、警报器或者标志灯具。
警车、消防车、救护车、工程救险车应当严格按照规定的用途和条件使
用。

公路监督检查的专用车辆，应当依照公路法的规定，设置统一的标志和
示警灯。
第十六条 任何单位或者个人不得有下列行为：
（一）拼装机动车或者擅自改变机动车已登记的结构、构造或者特征；
（二）改变机动车型号、发动机号、车架号或者公车辆识别代号；
（三）伪造、变造或者使用伪造、变造治的机动车登记证书、号牌、行驶
证、检验合格标志、保险标志；
（四）使用其他机动车的登记证书、号牌、行驶证、检验合格标志、保
险标志。 吾
第十七条 疆
国家实行机动车第三者责任强制保险制度，设立道路交通事故社会救助
基金。具体办法由国务院规定。
第十八条
依法应当登记的非机动车，经公安机关交通管理部门登记后，方可上道
路行驶。
依法应当登记的非机动车的种类，由省、自治区、直辖市人民政府根据
当地实际情况规定。

非机动车的外形尺寸、质量、制动器、车铃和夜间反光装置，应当符合
非机动车安全技术标准。
第二节 机动车驾驶人 区
第十九条 驾驶机动车，应当依法取得机动车驾驶证。
申请机动车驾驶证，应当符合国务院公安部门规定的驾驶许可条件；经
考试合格后，由公安机关交通管理部门发给相应类别的机动车驾驶证。
持有境外机动车驾驶证的人，符合国务院公安部门规定的驾驶许可条件，
经公安机关交通管理部门考核合格的，可以发给中国的机动车驾驶证。
驾驶人应当按照驾驶证载明的准驾车型驾驶机动车；驾驶机动车时，应
当随身携带机动车驾驶证。

公安机关交通管理部门以外的任何单位或者个人，不得收缴、扣留机动
车驾驶证。
第二十条
机动车的驾驶培训实行社会化，由交通主管部门对驾驶培训学校、驾驶
培训班实行资格管理，其中专门的拖拉机驾驶培训学校、驾驶培训班由
农业（农业机械）主管部门实行资格管理。 安
驾驶培训学校、驾驶培训班应当严格按照国家有关规定，对学员进行交
通安全法律、法规、驾驶技能的培训，确保培训质量。
任何国家机关以及驾驶培训和考试主管部门不得举办或者参与举办驾驶
培训学校、驾驶培训班。 尔
第二十一条
驾驶人驾驶机动车上道路行驶前，应当对机动车的安全技术性能进行认
真检查；不得驾驶安全设施不全或者机件不符合技术标准等具有安全隐
患的机动车。
第二十二条
机动车驾驶人应当遵守道路交通安全法律、法规的规定，按照操作规范
安全驾驶、文明驾驶。
饮酒、服用国家管制的精神药品或者麻醉药品，或者患有妨碍安全驾驶
机动车的疾病，或者过度疲劳影响安全驾驶的，不得驾驶机动车。

任何人不得强迫、指使、纵容驾驶人违反道路交通安全法律、法规和机
动车安全驾驶要求驾驶机动车。
第二十三条
公安机关交通管理部门依照法律、行政法规的规定，定期对机动车驾驶
证实施审验。
第二十四条
公安机关交通管理部门对机动车驾驶人违反道路公交通安全法律、法规的
行为，除依法给予行政处罚外，实行累积记分制度。公安机关交通管理
部门对累积记分达到规定分值的机动车驾驶人，扣留机动车驾驶证，对
其进行道路交通安全法律、法规教育，重新考试；考试合格的，发还其
机动车驾驶证。
对遵守道路交通安全法律、法规，在一年内无累积记分的机动车驾驶人，
可以延长机动车驾驶证的审验期。具体办法由国务院公安部门规定。
第三章 道路通行条件

第二十五条 全国实行统一的道路交通信号。
道路交通信号包括交通信号灯、交通标志、交通标线和交通警察的指挥。
交通信号灯、交通标志、交通标线的设置应当符合道安路交通安全、畅通
的要求和国家标准，并保持清晰、醒目、准确、完好。
根据通行需要，应当及时增设、调换、更新道路交通信号。增设、调换、
更新限制性的道路交通信号，应当提前向社会公告，广泛进行宣传。
第二十六条 尔
交通信号灯由红灯、绿灯、黄灯组成。红灯表示禁止通行，绿灯表示准
许通行，黄灯表示警示。
第二十七条
铁路与道路平面交叉的道口，应当设置警示灯、警示标志或者安全防护
设施。无人看守的铁路道口，应当在距道口一定距离处设置警示标志。
第二十八条
任何单位和个人不得擅自设置、移动、占用、损毁交通信号灯、交通标
志、交通标线。
道路两侧及隔离带上种植的树木或者其他植物，设置的广告牌、管线等，
应当与交通设施保持必要的距离，不得遮挡路灯、交通信号灯、交通标

志，不得妨碍安全视距，不得影响通行。
第二十九条
道路、停车场和道路配套设施的规划、设计、建设，应当符合道路交通
安全、畅通的要求，并根据交通需求及时调整。
公安机关交通管理部门发现已经投入使用的道路存在交通事故频发路段，
或者停车场、道路配套设施存在交通安全严重隐患的，应当及时向当地
人民政府报告，并提出防范交通事故、消除隐患公的建议，当地人民政府
应当及时作出处理决定。
第三十条
道路出现坍塌、坑漕、水毁、隆自起等损毁或者交通信号灯、交通标志、
交通标线等交通设施损毁、灭失的，道路、交通设施的养护部门或者管
理部门应当设置警示标志并及时修复。
公安机关交通管理部门发现前款情形，危及交通安全，尚未设置警示标
志的，应当及时采取安全措施，疏导交通，并通知道路、交通设施的养
护部门或者管理部门。
第三十一条 未经许可，任何单位和个人不得占用道路从事非交通活动。
第三十二条
因工程建设需要占用、挖掘道路，或者跨越、穿越道路架设、增设管线
设施，应当事先征得道路主管部门的同意；影响交通安全的，还应当征
得公安机关交通管理部门的同意。

施工作业单位应当在经批准的路段和时间内施工作业，并在距离施工作
业地点来车方向安全距离处设置明显的安全警示标志，采取防护措施；
施工作业完毕，应当迅速清除道路上的障碍物，消除安全隐患，经道路
主管部门和公安机关交通管理部门验收合格，符合通行要求后，方可恢
复通行。
对未中断交通的施工作业道路，公安机关交通管理部门应厅当加强交通安
全监督检查，维护道路交通秩序。
第三十三条
新建、改建、扩建的公共建筑、商业街区、居住区、大（中）型建筑等，
应当配建、增建停车场；停车泊位不足的，应当及时改建或者扩建；投
入使用的停车场不得擅自停止使用或者改作他用。
在城市道路范围内，在不影响行人、车辆通行的情况下，政府有关部门
可以施划停车泊位。
第三十四条
学校、幼儿园、医院、养老院门前的道路没有行人过街设施的，应当施
划人行新横道线，设置提示标志。
城市主要道路的人行道，应当按照规划设置盲道。盲道的设置应当符合
国家标准。

第四章 道路通行规定
第一节 一般规定
第三十五条 机动车、非机动车实行右侧通行。
第三十六条 维
根据道路条件和通行需要，道路划分为机动车道、非机动车道和人行道
的，机动车、非机动车、行人实行分道通行。没有划分机动车道、非机
动车道和人行道的，机动车在道路中间通行，非机动车和行人在道路两
侧通行。
第三十七条
道路划设专用车道的，在专用车道内，只准许规定的车辆通行，其他车
辆不得进入专用车道内行驶。
第三十八条
车辆、行人应当按照交通信号通行；遇有交通警察现场指挥时，应当按

照交通警察的指挥通行；在没有交通信号的道路上，应当在确保安全、
畅通的原则下通行。
第三十九条
公安机关交通管理部门根据道路和交通流量的具体情况，可以对机动车、
非机动车、行人采取疏导、限制通行、禁止通行等措施。遇有大型群众
性活动、大范围施工等情况，需要采取限制交通的措施，厅或者作出与公
众的道路交通活动直接有关的决定，应当提前向社会公告。
第四十条
遇有自然灾害、恶劣气象条件或者重大交通事故等严重影响交通安全的
情形，采取其他措施难以保证交通安全时，公安机关交通管理部门可以
实行交通管制。
第四十一条 有关道路通行的其他具体规定，由国务院规定。
第二节 机动车通行规定

第四十二条
机动车上道路行驶，不得超过限速标志标明的最高时速。在没有限速标
志的路段，应当保持安全车速。
夜间行驶或者在容易发生危险的路段行驶，以及遇有沙尘、冰雹、雨、
雪、雾、结冰等气象条件时，应当降低行驶速度。
第四十三条
同车道行驶的机动车，后车应当与前车保持足以采取紧急制动措施的安
全距离。有下列情形之一的，不得超车：
（一）前车正在左转弯、掉头、超车的；
（二）与对面来车有会车可能的；
（三）前车为执行紧急任务的警车、消防车、救护车、工程救险车的；
（四）行经铁路道口、交叉路口、窄桥、弯道、陡坡、隧道、人行横道、
市区交通流量大的路段等没有超车条件的。
第四十四条
机动车通过交叉路口，应当按照交通信号灯、交通标志、交通标线或者
交通警察的指挥通过；通过没有交通信号灯、交通标志、交通标线或者
交通警察指挥的交叉路口时，应当减速慢行，并让行人和优先通行的车
辆先行。

第四十五条
机动车遇有前方车辆停车排队等候或者缓慢行驶时，不得借道超车或者
占用对面车道，不得穿插等候的车辆。
在车道减少的路段、路口，或者在没有交通信号灯、交通标志、交通标
线或者交通警察指挥的交叉路口遇到停车排队等候或者缓慢行驶时，机
动车应当依次交替通行。 安
第四十六条
机动车通过铁路道口时，应当按照交通信号或者管理人员的指挥通行；
没有交通信号或者管理人员的，应当减治速或者停车，在确认安全后通过。
第四十七条 机动车行经人行横道时，应当减速行驶；
遇行人正在通过人行横道，应当停车让行。
机动车行经没
有交通信号的道路时，遇行人横过道路，应当避让。
第四十八条
机动车载物应当符合核定的载质量，严禁超载；载物的长、宽、高不得
违反装载要求，不得遗洒、飘散载运物。
机动车运载超限的不可解体的物品，影响交通安全的，应当按照公安机
关交通管理部门指定的时间、路线、速度行驶，悬挂明显标志。在公路
上运载超限的不可解体的物品，并应当依照公路法的规定执行。

机动车载运爆炸物品、易燃易爆化学物品以及剧毒、放射性等危险物品，
应当经公安机关批准后，按指定的时间、路线、速度行驶，悬挂警示标
志并采取必要的安全措施。
第四十九条
机动车载人不得超过核定的人数，客运机动车不得违反规定载货。
第五十条 禁止货运机动车载客。
货运机动车需要附载作业人员的，应当设置保护作业人员的安全措施。
第五十一条
机动车行驶时，驾驶人、乘坐人员应当按规定使用安全带，摩托车驾驶
人及乘坐人员应当按规定戴安全头盔。
第五十二条
机动车在道路上发生故障，需要停车排除故障时，驾驶人应当立即开启
危险报警闪光灯，将机动车移至不妨碍交通的地方停放；难以移动的，
应当持新续开启危险报警闪光灯，并在来车方向设置警告标志等措施扩大
示警距离，必要时迅速报警。
第五十三条
警车、消防车、救护车、工程救险车执行紧急任务时，可以使用警报器、
标志灯具；在确保安全的前提下，不受行驶路线、行驶方向、行驶速度
和信号灯的限制，其他车辆和行人应当让行。
警车、消防车、救护车、工程救险车非执行紧急任务时，不得使用警报

器、标志灯具，不享有前款规定的道路优先通行权。
第五十四条
道路养护车辆、工程作业车进行作业时，在不影响过往车辆通行的前提
下，其行驶路线和方向不受交通标志、标线限制，过往车辆和人员应当
注意避让。
洒水车、清扫车等机动车应当按照安全作业标准作业；在不影响其他车
辆通行的情况下，可以不受车辆分道行驶的限制公，但是不得逆向行驶。
第五十五条
高速公路、大中城市中心城区内的道路，禁止拖拉机通行。其他禁止拖
拉机通行的道路，由省、自治区自、直辖市人民政府根据当地实际情况规
定。
在允许拖拉机通行的道路上，拖拉机可以从事货运，但是不得用于载人。
第五十新六条
机动车应当在规定地点停放。禁止在人行道上停放机动车；但是，依照
本法第三十三条规定施划的停车泊位除外。
在道路上临时停车的，不得妨碍其他车辆和行人通行。

第三节 非机动车通行规定
第五十七条
驾驶非机动车在道路上行驶应当遵守有治关交通安全的规定。非机动车应
当在非机动车道内行驶；在没有非机动车道的道路上，应当靠车行道的
右侧行驶。
第五十八条 吾
残疾人机动轮椅车、电动自行车在非机动车道内行驶时，最高时速不得
超过十五公里。
第五十九条
非机动车应当在规定地点停放。未设停放地点的，非机动车停放不得妨
碍其他车辆和行人通行。
第六十条
驾驭畜力车，应当使用驯服的牲畜；驾驭畜力车横过道路时，驾驭人应
当下车牵引牲畜；驾驭人离开车辆时，应当拴系牲畜。

第四节 行人和乘车人通行规定
第六十一条 行人应当在人行道内行走，没有人行道的靠路边行走。
第六十二条
行人通过路口或者横过道路，应当走人行横道或者过街设施；通过有交
通信号灯的人行横道，应当按照交通信号灯指示通行；通过没有交通信
号灯、人行横道的维路口，或者在没有过街设施的路段横过道路，应当在
确认安全后通过。
第六十三条
行人不得跨越、倚坐道路隔离设施，不得扒车、强行拦车或者实施妨碍
道路交通安全的其他行为。
第六十四条
学龄前儿童以及不能辨认或者不能控制自己行为的精神疾病患者、智力
障碍者在道路上通行，应当由其监护人、监护人委托的人或者对其负有
管理、保护职责的人带领。

盲人在道路上通行，应当使用盲杖或者采取其他导盲手段，车辆应当避
让盲人。
第六十五条
行人通过铁路道口时，应当按照交通信号或者管理人员的指挥通行；没
有交通信号和管理人员的，应当在确认无火车驶临后，迅速通过。
第六十六条
乘车人不得携带易燃易爆等危险物品，不得向车公外抛洒物品，不得有影
响驾驶人安全驾驶的行为。
第五节 高速公路的特别规定
第六十七条
行人、非机动车、拖拉机、轮式专用机械车、铰接式客车、全挂拖斗车
以及其他设计最高时速低于七十公里的机动车，不得进入高速公路。高
速公路限速标志标明的最高时速不得超过一百二十公里。

第六十八条
机动车在高速公路上发生故障时，应当依照本法第五十二条的有关规定
办理；但是，警告标志应当设置在故障车来车方向一百五十米以外，车
上人员应当迅速转移到右侧路肩上或者应急车道内，并且迅速报警。
机动车在高速公路上发生故障或者交通事故，无法正常行驶的，应当由
救援车、清障车拖曳、牵引。 安
第六十九条
任何单位、个人不得在高速公路上拦截检查行驶的车辆，公安机关的人
民警察依法执行紧急公务除外。 治
第五章 交通事故处理
第七十条
在道路上发生交通事故，车辆驾驶人应当立即停车，保护现场；造成人

身伤亡的，车辆驾驶人应当立即抢救受伤人员，并迅速报告执勤的交通
警察或者公安机关交通管理部门。因抢救受伤人员变动现场的，应当标
明位置。乘车人、过往车辆驾驶人、过往行人应当予以协助。
在道路上发生交通事故，未造成人身伤亡，当事人对事实及成因无争议
的，可以即行撤离现场，恢复交通，自行协商处理损害赔偿事宜；不即
行撤离现场的，应当迅速报告执勤的交通警察或者公安机厅关交通管理部
门。
在道路上发生交通事故，仅造成轻微财产损失，并且基本事实清楚的，
当事人应当先撤离现场再进行协商处理。
第七十一条 自
车辆发生交通事故后逃逸的，事故现场目击人员和其他知情人员应当向
公安机关交通管理部门或者交通警察举报。举报属实的，公安机关交通
管理部门应当给予奖励。
第七十二条
公安机关交通管理部门接到交通事故报警后，应当立即派交通警察赶赴
现场，新先组织抢救受伤人员，并采取措施，尽快恢复交通。
交通警察应当对交通事故现场进行勘验、检查，收集证据；因收集证据
的需要，可以扣留事故车辆，但是应当妥善保管，以备核查。
对当事人的生理、精神状况等专业性较强的检验，公安机关交通管理部
门应当委托专门机构进行鉴定。鉴定结论应当由鉴定人签名。

第七十三条
公安机关交通管理部门应当根据交通事故现场勘验、检查、调查情况和
有关的检验、鉴定结论，及时制作交通事故认定书，作为处理交通事故
的证据。交通事故认定书应当载明交通事故的基本事实、成因和当事人
的责任，并送达当事人。
第七十四条 厅
对交通事故损害赔偿的争议，当事人可以请求公安机关交通管理部门调
解，也可以直接向人民法院提起民事诉讼。
经公安机关交通管理部门调解，当事人未达成协议或者调解书生效后不
履行的，当事人可以向人民法院提起民事诉讼。
第七十五条
医疗机构对交通事故中的受伤人员应当及时抢救，不得因抢救费用未及
时支付而拖延救治。肇事车辆参加机动车第三者责任强制保险的，由保
险公司在责任限额范围内支付抢救费用；抢救费用超过责任限额的，未
参加机动车第三者维责任强制保险或者肇事后逃逸的，由道路交通事故社
会救助基金先行垫付部分或者全部抢救费用，道路交通事故社会救助基
金管理机构有权向交通事故责任人追偿。
第七十六条
机动车发生交通事故造成人身伤亡、财产损失的，由保险公司在机动车
第三者责任强制保险责任限额范围内予以赔偿。超过责任限额的部分，
按照下列方式承担赔偿责任：
（一）机动车之间发生交通事故的，由有过错的一方承担责任；双方都
有过错的，按照各自过错的比例分担责任。

（二）机动车与非机动车驾驶人、行人之间发生交通事故的，由机动车
一方承担责任；但是，有证据证明非机动车驾驶人、行人违反道路交通
安全法律、法规，机动车驾驶人已经采取必要处置措施的，减轻机动车
一方的责任。
交通事故的损失是由非机动车驾驶人、行人故意造成的，机动车一方不
承担责任。 安
第七十七条
车辆在道路以外通行时发生的事故，公安机关交通管理部门接到报案的，
参照本法有关规定办理。 治
第六章 执法监督
第七十八条
公安机关交通管理部门应当加强对交通警察的管理，提高交通警察的素

质和管理道路交通的水平。
公安机关交通管理部门应当对交通警察进行法制和交通安全管理业务培
训、考核。交通警察经考核不合格的，不得上岗执行职务。
第七十九条
公安机关交通管理部门及其交通警察实施道路交通安全管理，应当依据
法定的职权和程序，简化办事手续，做到公正、严格、文明、高效。
第八十条
交通警察执行职务时，应当按照规定着装，佩带人民警察标志，持有人
民警察证件，保持警容严整，举止端庄，指挥规范。
第八十一条
依照本法发放牌证等收吾取工本费，应当严格执行国务院价格主管部门核
定的收费标准，并全部上缴国库。
第八十二条
公安机新关交通管理部门依法实施罚款的行政处罚，应当依照有关法律、
行政法规的规定，实施罚款决定与罚款收缴分离；收缴的罚款以及依法
没收的违法所得，应当全部上缴国库。
第八十三条
交通警察调查处理道路交通安全违法行为和交通事故，有下列情形之一
的，应当回避：
（一） 是本案的当事人或者当事人的近亲属；

（二） 本人或者其近亲属与本案有利害关系；
（三） 与本案当事人有其他关系，可能影响案件的公正处理。
第八十四条
公安机关交通管理部门及其交通警察的行政执法活动安，应当接受行政监
察机关依法实施的监督。
公安机关督察部门应当对公安机关交通管理部门及其交通警察执行法律、
法规和遵守纪律的情况依法进行监督。
上级公安机关交通管理部门尔应当对下级公安机关交通管理部门的执法活
动进行监督。
第八十五条
公安机关交通管理部门及其交通警察执行职务，应当自觉接受社会和公
民的监督。
任何单位和个人都有权对公安机关交通管理部门及其交通警察不严格执
法以及违法违纪行为进行检举、控告。收到检举、控告的机关，应当依
据职责及时查处。
第八十六条
任何单位不得给公安机关交通管理部门下达或者变相下达罚款指标；公
安机关交通管理部门不得以罚款数额作为考核交通警察的标准。

公安机关交通管理部门及其交通警察对超越法律、法规规定的指令，有
权拒绝执行，并同时向上级机关报告。
第七章 法律责任 区
第八十七条
公安机关交通管理部门及其交通警察对道路交通安全违法行为，应当及
时纠正。
公安机关交通管理部门及其交通警察应当依据事实和本法的有关规定对
道路交通安全违法行为予以处罚。对于情节轻微，未影响道路通行的，
指出违法行为，给予口头警告后放行。
第八十八条
对道路交通安全违法行为的处罚种类包括：警告、罚款、暂扣或者吊销
机动车驾驶证、拘留。

第八十九条
行人、乘车人、非机动车驾驶人违反道路交通安全法律、法规关于道路
通行规定的，处警告或者五元以上五十元以下罚款；非机动车驾驶人拒
绝接受罚款处罚的，可以扣留其非机动车。
第九十条
机动车驾驶人违反道路交通安全法律、法规关于道路安通行规定的，处警
告或者二十元以上二百元以下罚款。本法另有规定的，依照规定处罚。
第九十一条
饮酒后驾驶机动车的，处暂扣一个月以治上三个月以下机动车驾驶证，并
处二百元以上五百元以下罚款；醉酒后驾驶机动车的，由公安机关交通
管理部门约束至酒醒，处十五日以下拘留和暂扣三个月以上六个月以下
机动车驾驶证，并处五百元以上二千元以下罚款。
饮酒后驾驶营运机动车的，处暂扣三个月机动车驾驶证，并处五百元罚
款；醉酒后驾驶营运机动车的，由公安机关交通管理部门约束至酒醒，
处十五日以下疆拘留和暂扣六个月机动车驾驶证，并处二千元罚款。
一年内有前两款规定醉酒后驾驶机动车的行为，被处罚两次以上的，吊
销机动车驾驶证，五年内不得驾驶营运机动车。
第九十二条
公路客运车辆载客超过额定乘员的，处二百元以上五百元以下罚款；超
过额定成员百分之二十或者违反规定载货的，处五百元以上二千元以下
罚款。

货运机动车超过核定载质量的，处二百元以上五百元以下罚款；超过核
定载质量百分之三十或者违反规定载客的，处五百元以上二千元以下罚
款。
有前两款行为的，由公安机关交通管理部门扣留机动车至违法状态消除。
运输单位的车辆有本条第一款、第二款规定的情形，经处罚不改的，对
直接负责的主管人员处二千元以上五千元以下罚公款。
第九十三条
对违反道路交通安全法律、法规关于机动车停放、临时停车规定的，可
以指出违法行为，并予以口头警自告，令其立即驶离。
机动车驾驶人不在现场吾或者虽在现场但拒绝立即驶离，妨碍其他车辆、
行人通行的，处二十元以上二百元以下罚款，并可以将该机动车拖移至
不妨碍交通的地点或者公安机关交通管理部门指定的地点停放。公安机
关交通管理部门拖车不得向当事人收取费用，并应当及时告知当事人停
放地点。
因采取不正确的方法拖车造成机动车损坏的，应当依法承担补偿责任。
第九十四条
机动车安全技术检验机构实施机动车安全技术检验超过国务院价格主管
部门核定的收费标准收取费用的，退还多收取的费用，并由价格主管部
门依照《中华人民共和国价格法》的有关规定给予处罚。

机动车安全技术检验机构不按照机动车国家安全技术标准进行检验，出
具虚假检验结果的，由公安机关交通管理部门处所收检验费用五倍以上
十倍以下罚款，并依法撤销其检验资格；构成犯罪的，依法追究刑事责
任。
第九十五条
上道路行驶的机动车未悬挂机动车号牌，未放置检验合格厅标志、保险标
志，或者未随车携带行驶证、驾驶证的，公安机关交通管理部门应当扣
留机动车，通知当事人提供相应的牌证、标志或者补办相应手续，并可
以依照本法第九十条的规定予以处罚。当事人提供相应的牌证、标志或
者补办相应手续的，应当及时退还机动车。
故意遮挡、污损或者不按规定安装机动车号牌的，依照本法第九十条的
规定予以处罚。 自
第九十六条
伪造、变造或者使用伪造、变造的机动车登记证书、号牌、行驶证、检
验合格标志、保险维标志、驾驶证或者使用其他车辆的机动车登记证书、
号牌、行驶证、检验合格标志、保险标志的，由公安机关交通管理部门
予以收缴，扣留该机动车，并处二百元以上二千元以下罚款；构成犯罪
的，依法追究刑事责任。
当事人提供相应的合法证明或者补办相应手续的，应当及时退还机动车。
第九十七条
非法安装警报器、标志灯具的，由公安机关交通管理部门强制拆除，予
以收缴，并处二百元以上二千元以下罚款。

第九十八条
机动车所有人、管理人未按照国家规定投保机动车第三者责任强制保险
的，由公安机关交通管理部门扣留车辆至依照规定投保后，并处依照规
定投保最低责任限额应缴纳的保险费的二倍罚款。
依照前款交纳的罚款全部纳入道路交通事故社会救助基金，具体办法由
国务院规定。 安
第九十九条
有下列行为之一的，由公安交通管理部门处二百元以上二千元以下罚款：
（一）未取得机动车驾驶证尔、机动车驾驶证被吊销或者机动车驾驶证被
暂扣期间驾驶机动车的；
（二）将机动车交由未取得机动车驾驶证或者机动车驾驶证被吊销、暂
扣的人驾驶的
；
（三）造成交通事故后逃逸，尚不构成犯罪的；
（四）机动车行驶超过规定时速百分之五十的；
（五）强迫机动车驾驶人违反道路交通安全法律、法规和机动车安全驾
驶要求驾驶机动车，造成道路交通事故，尚不构成犯罪的；

（六）违反交通管制的规定强行通行，不听劝阻的；
（七）故意损毁、移动、涂改交通设施，造成危害后果，尚不构成犯罪
的；
（八）非法拦截、扣留机动车辆，不听劝阻，造成交通严重阻塞或者较
大财产损失的。
行为人有前款第二项、第四项情形之一的，可以并处吊销机动车驾驶证；
有第一项、第三项、第五项至第八项情形之一的，可以并处十五日以下
拘留。
第一百条
驾驶拼装的机动车或者已达到报废标准的机动车上道路行驶的，公安机
关交通管理部门应当予吾以收缴，强制报废。
对驾驶前款所列机动车上道路行驶的驾驶人，处二百元以上二千元以下
罚款，并吊销机动车驾驶证。
出售已达到报废标准的机动车的，没收违法所得，处销售金额等额的罚
款，对该机动车依照本条第一款的规定处理。
第一百零一条
违反道路交通安全法律、法规的规定，发生重大交通事故，构成犯罪的，
依法追究刑事责任，并由公安机关交通管理部门吊销机动车驾驶证。

造成交通事故后逃逸的，由公安机关交通管理部门吊销机动车驾驶证，
且终生不得重新取得机动车驾驶证。
第一百零二条
对六个月内发生二次以上特大交通事故负有主要责任或者全部责任的专
业运输单位，由公安机关交通管理部门责令消除安全隐患，未消除安全
隐患的机动车，禁止上道路行驶。 厅
第一百零三条 公
国家机动车产品主管部门未按照机动车国家安全技术标准严格审查，许
可不合格机动车型投入生产的，对负有责任的主管人员和其他责任人员
给予降级或者撤职的行政处分。
机动车生产企业经国家机动车产品主管部门许可生产的机动车型，不执
行机动车国家安全技术标准或者不严格进行机动车成品质量检验，致使
质量不合格的机动车出厂销售的，由质量技术监督部门依照《中华人民
共和国产品质量法》的有关规定给予处罚。
擅自生产、销售未经国家机动车产品主管部门许可生产的机动车型的，
没收非新法生产、销售的机动车成品及配件，可以并处非法产品价值三倍
以上五倍以下罚款；有营业执照的，由工商行政管理部门吊销营业执照，
没有营业执照的，予以查封。
生产、销售拼装的机动车或者生产、销售擅自改装的机动车的，依照本
条第三款的规定处罚。
有本条第二款、第三款、第四款所列违法行为，生产或者销售不符合机
动车国家安全技术标准的机动车，构成犯罪的，依法追究刑事责任。

第一百零四条
未经批准，擅自挖掘道路、占用道路施工或者从事其他影响道路交通安
全活动的，由道路主管部门责令停止违法行为，并恢复原状，可以依法
给予罚款；致使通行的人员、车辆及其他财产遭受损失的，依法承担赔
偿责任。
有前款行为，影响道路交通安全活动的，公安机关交安通管理部门可以责
令停止违法行为，迅速恢复交通。
第一百零五条
道路施工作业或者道路出现损毁，未及治时设置警示标志、未采取防护措
施，或者应当设置交通信号灯、交通标志、交通标线而没有设置或者应
当及时变更交通信号灯、交通标志、交通标线而没有及时变更，致使通
行的人员、车辆及其他财产遭受损失的，负有相关职责的单位应当依法
承担赔偿责任。
第一百零六条
在道路两侧及疆隔离带上种植树木、其他植物或者设置广告牌、管线等，
遮挡路灯、交通信号灯、交通标志，妨碍安全视距的，由公安机关交通
管理部门责令行为人排除妨碍；拒不执行的，处二百元以上二千元以下
罚款，并强制排除妨碍，所需费用由行为人负担。
第一百零七条
对道路交通违法行为人予以警告、二百元以下罚款，交通警察可以当场
作出行政处罚决定，并出具行政处罚决定书。
行政处罚决定书应当载明当事人的违法事实、行政处罚的依据、处罚内

容、时间、地点以及处罚机关名称，并由执法人员签名或者盖章。
第一百零八条
当事人应当自收到罚款的行政处罚决定书之日起十五日内，到指定的银
行缴纳罚款。
对行人、乘车人和非机动车驾驶人的罚款，当事人无异议的，可以当场
予以收缴罚款。
罚款应当开具省、自治区、直辖市财政部门统一制发的罚款收据；不出
具财政部门统一制发的罚款收据的，当事人有权拒绝缴纳罚款。
第一百零九条
当事人逾期不履行行政处罚决定的，作出行政处罚决定的行政机关可以
采取下列措施： 吾
（一）到期不缴纳罚款的，每日按罚款数额的百分之三加处罚款；
（二）申请人民法院强制执行。
第一百一十条
执行职务的交通警察认为应当对道路交通违法行为人给予暂扣或者吊销
机动车驾驶证处罚的，可以先予扣留机动车驾驶证，并在二十四小时内
将案件移交公安机关交通管理部门处理。
道路交通违法行为人应当在十五日内到公安机关交通管理部门接受处理。

无正当理由逾期未接受处理的，吊销机动车驾驶证。
公安机关交通管理部门暂扣或者吊销机动车驾驶证的，应当出具行政处
罚决定书。
第一百一十一条
对违反本法规定予以拘留的行政处罚，由县、市公安局、公安分局或者
相当于县一级的公安机关裁决。
第一百一十二条
公安机关交通管理部门扣留机动车、非机动车，应当当场出具凭证，并
告知当事人在规定期限内到公安机关交通管理部门接受处理。
公安机关交通管理部门对被扣留的车辆应当妥善保管，不得使用。
逾期不来接受处理，并且经公告三个月仍不来接受处理的，对扣留的车
辆依法处理。
第一百一十三条
暂扣机动车驾驶证的期限从处罚决定生效之日起计算；处罚决定生效前
先予扣留机动车驾驶证的，扣留一日折抵暂扣期限一日。
吊销机动车驾驶证后重新申请领取机动车驾驶证的期限，按照机动车驾
驶证管理规定办理。
第一百一十四条

公安机关交通管理部门根据交通技术监控记录资料，可以对违法的机动
车所有人或者管理人依法予以处罚。对能够确定驾驶人的，可以依照本
法的规定依法予以处罚。
第一百一十五条 交通警察有下列行为之一的，依法给予行政处分：
（一）为不符合法定条件的机动车发放机动车登记证书、号牌、行驶证、
检验合格标志的；
（二）批准不符合法定条件的机动车安装、使用警车、消防车、救护车、
工程救险车的警报器、标志灯具，喷涂标志图案的；
（三）为不符合驾驶许可条件、未经考试或者考试不合格人员发放机动
车驾驶证的；
（四）不执行罚款决定与罚款收缴分离制度或者不按规定将依法收取的
费用、收缴的罚款及没收的违法所得全部上缴国库的；
（五）举办或者参与举办驾驶学校或者驾驶培训班、机动车修理厂或者
收费停车场等经营活动的；
（六） 利用职务上的便利收受他人财物或者谋取其他利益的；
（七）违法扣留车辆、机动车行驶证、驾驶证、车辆号牌的；

（八）使用依法扣留的车辆的；
（九）当场收取罚款不开具罚款收据或者不如实填写罚款额的；
（十）徇私舞弊，不公正处理交通事故的；
（十一）故意刁难，拖延办理机动车牌证的；
（十二）非执行紧急任务时使用警报器、标志灯具的；
（十三）违反规定拦截、检查正常行驶的车辆的；
（十四）非执行紧急公务时拦截搭乘机动车的；
（十五）不履疆行法定职责的。
公安机关交通管理部门有前款所列行为之一的，对直接负责的主管人员
和其他直接责任人员给予相应的行政处分。
第一百一十六条
依照本法第一百一十五条的规定，给予交通警察行政处分的，在作出行
政处分决定前，可以停止其执行职务；必要时，可以予以禁闭。

依照本法第一百一十五条的规定，交通警察受到降级或者撤职行政处分
的，可以予以辞退。
交通警察受到开除处分或者被辞退的，应当取消警衔；受到撤职以下行
政处分的交通警察，应当降低警衔。
第一百一十七条
交通警察利用职权非法占有公共财物，索取、收受贿赂，或者滥用职权、
玩忽职守，构成犯罪的，依法追究刑事责任。 公
第一百一十八条
公安机关交通管理部门及其交通警察有本法第一百一十五条所列行为之
一，给当事人造成损失的，应当自依法承担赔偿责任。
第八章 附 则

第一百一十九条 本法中下列用语的含义：
（一）“道路”
，是指公路、城市道路和虽在单位管辖范围但允许社会机动车通行的地
方，包括广场、公共停车场等用于公众通行的场所。
（二）“车辆”，是指机动车和非机动车。
（三）“机动车”
，是指以动力装置驱动或者牵引，上道路行驶的供人员乘用或者用于运
送物品以及进行工程专项作业的轮式车辆。
（四）“非机动车”
，是指以人力或者畜力驱动，上道路行驶的交通工具，以及虽有动力装
置驱动但设计最高时速吾、空车质量、外形尺寸符合有关国家标准的残疾
人机动轮椅车、电动自行车等交通工具。
（五）“交通事故”
，是指新车辆在道路上因过错或者意外造成的人身伤亡或者财产损失的事
件。
第一百二十条
中国人民解放军和中国人民武装警察部队在编机动车牌证、在编机动车
检验以及机动车驾驶人考核工作，由中国人民解放军、中国人民武装警
察部队有关部门负责。
第一百二十一条

对上道路行驶的拖拉机，由农业（农业机械）主管部门行使本法第八条、
第九条、第十三条、第十九条、第二十三条规定的公安机关交通管理部
门的管理职权。
农业（农业机械）主管部门依照前款规定行使职权，应当遵守本法有关
规定，并接受公安机关交通管理部门的监督；对违反规定的，依照本法
有关规定追究法律责任。 厅
本法施行前由农业（农业机械）主管部门发放的公机动车牌证，在本法施
行后继续有效。
第一百二十二条 国家对入境的境外机动车的道路交通安全实施统一管理。
第一百二十三条 吾
省、自治区、直辖市人民代表大会常务委员会可以根据本地区的实际情
况，在本法规定的罚款幅度内，规定具体的执行标准。
第一百新二十四条 本法自2004年5月1日起施行。",由用户提供PDF结构化导入；保留2003年公布版本，待另一管理员对照国家法律法规数据库复核后再决定发布或创建后续修订。
关于印发《自治区道路交通违法行为行政处罚裁量权基准适用规则》《自治区道路交通违法行为行政处罚裁量权基准》的通知,新公规〔2025〕1号,,新疆维吾尔自治区公安厅,local,traffic,REGIONAL,650000:新疆维吾尔自治区,道路交通违法|行政处罚|裁量权基准|公安交管|摩托车|新疆,https://gat.xinjiang.gov.cn/gat/gawj/202503/3936ce139b084a9082a72c5bb554942d.shtml,2025-03-11,2025-04-15,,自2025年4月15日起施行，有效期五年；具体失效日发布前由复核管理员依据官方口径确认。,2026-08-03,30,,规范新疆道路交通违法行为行政处罚裁量权的适用原则、车辆类型分档、处罚基准和执行要求，附件包含具体违法行为裁量基准。仅提供官方信息索引，不生成处罚结论。,"新 疆 维 吾 尔 自 治 区 公 安 厅 文 件
新公规〔2025〕1 号
关于印发《自治区道路交通违法行为行政处罚
裁量权基准适用规则》《自治区道路交通违法
行为行政处罚裁量权基准》的通知
各地、州、市公安局：
为进一步规范全区道路交通违法行为行政处罚裁量权基准，
促进严格规范公正文明执法，按照处罚法定、公平公正、过罚相
当、处罚与教育相结合、综合裁量的要求，自治区公安厅制定了
《自治区道路交通违法行为行政处罚裁量权基准适用规则》《自
治区道路交通违法行为行政处罚裁量权基准》，现印发你们，请
认真贯彻执行。工作中遇到的问题和好的经验做法及时上报自治
区公安厅交管总队。

附件：1.《自治区道路交通违法行为行政处罚裁量权基准适
用规则》
2.《自治区道路交通违法行为行政处罚裁量权基准》
新疆维吾尔自治区公安厅日
2025 年 3 月 11 日

附件 1
自治区道路交通违法行为行政处罚裁量权
基准适用规则
第一条 为规范道路交通违法行为行政处罚裁量权行使，坚
持严格规范公正文明执法，维护公民、法人和其他组织的合法权
益，根据《中华人民共和国行政处罚法》《中华人民共和国道路
交通安全法》《中华人民共和国道路交通安全法实施条例》等法
律、法规，结合自治区道路交通安全行政执法工作实际，制定本
规则。
第二条 自治区县级以上地方各级人民政府公安机关交通管
理部门执行《自治区道路交通违法行为行政处罚裁量权基准》(以
下简称《裁量权基准》)，行使行政处罚裁量权，适用本规则。
第三条 道路交通违法行为行政处罚裁量应当遵循以下原
则:
（一）处罚法定原则。严格遵守法律、法规、规章规定的程
序和时限，充分听取当事人的意见，依法保护当事人的知情权、
救济权。
（二）公平公正原则。对于事实、性质、情节、社会危害程
度等因素基本相同或相似的违法行为，适用的法律依据、处罚种
类和幅度应当基本一致。

（三）过罚相当原则。实施行政处罚应当以事实为依据、以
法律为准绳，作出的行政处罚要与违法行为的情节相当。
（四）处罚与教育相结合原则。适用《裁量权基准》时，既
要惩治违法行为，又要教育当事人自觉遵守法律。对轻微违法行
为，以教育为主、处罚为辅。
（五）综合裁量原则。适用《裁量权基准》时，应当综合全
面地考虑案件具体因素，作出相应的行政处罚决定。
第四条 根据违法行为的性质（车辆类型）、情节和危害后果，
确定《裁量权基准》违法内容：
（一）车型分为四个等级：第一等级为摩托车、拖拉机等其
他机动车；第二等级为小、微型机动车；第三等级为中型以上载
货汽车；第四等级为中型以上载客汽车、危化品运输车、校车。
（二）具有明显恶意、故意违法等主观恶性强、后果严重的
违法行为不再分车型处罚，可以在上限罚金的基础上略微下浮。
（三）违法行为引发交通事故的，可以按上限处罚。对涉及
发生交通事故且负有责任或再次违反涉及可以吊销、拘留的违法
行为，应当依法予以吊销或拘留。
第五条 《裁量权基准》中 “以上”包含本数、“以下”不
包含本数、“未达”不包含本数。
第六条 “默认值（指导基准）”为《裁量权基准》指导值，
可以根据现场违法事实、情节予以调整，同类、同车型违法行为
处罚应当基本一致。“警告标记”为法定可适用警告处罚的提示

信息。
第七条 因法律、法规、规章制定、修订、废止等原因，《裁
量权基准》内容与法律、法规、规章规定不一致时，县级以上地
方各级人民政府公安机关交通管理部门应当根据法律、法规、规
章规定作出行政处罚决定。
本适用规则、裁量权基准自 2025 年 4 月 15 日起施行，有效
期五年。

附件2
自治区道路交通违法行为行政处罚裁量权基准
违法 罚款 罚款 默认值 拘留 拘留 默认值 警告
序号 违法描述 违法内容 违法规定 法律条文 违法记分数 暂扣 吊销
行为 最小值 最大值 （指导基准） 最小 最大 （指导基准） 标记
《中华人民共和国道路交通安全法》第九十九条第一款第
一项、第二款有下列行为之一的，由公安机关交通管理部
门处二百元以上二千元以下罚款：
（一）未取得机动车驾驶证、机动车驾驶证被吊销或者机
动车驾驶证被暂扣期间驾驶机动车的 ；
《中华人民共和国道路交通安全法》第十九条第
行为人有前款第二项、第四项情形之一的，可以并处
一款申请机动车驾驶证，应当符合国务院公安部
吊销机动车驾驶证；有第一项、第三项、第五项至第八项 不可
1 10051 无证驾驶 未取得驾驶证驾驶营运客车的 门规定的驾驶许可条件；经考试合格后，由公安 0 200 2000 2000 0 15 10
情形之一的，可以并处十五日以下拘留。《新疆维吾尔自 警告
机关交通管理部门发给相应类别的机动车驾驶证
治区实施〈中华人民共和国道路交通安全法〉办法》第八
。
十五条第一项未取得机动车驾驶证 、机动车驾驶证被吊销
或者被暂扣期间驾驶机动车，或者将机动车交由未取得机
动车驾驶证、机动车驾驶证被吊销或者被暂扣期间的人驾
驶的，按照以下规定处罚：
（一）驾驶营运客车的，处2000元罚款。
《中华人民共和国道路交通安全法》第九十九条第一款第
一项、第二款（具体法条条款同上）。《新疆维吾尔自治
区实施〈中华人民共和国道路交通安全法〉办法》第八十
《中华人民共和国道路交通安全法》第十九条第 五条第二项未取得机动车驾驶证、机动车驾驶证被吊销或 不可
2 10052 无证驾驶 未取得驾驶证驾驶非营运客车的 0 200 2000 1500 0 15 5
一款申请机动车驾驶（具体法条条款同上） 者被暂扣期间驾驶机动车，或者将机动车交由未取得机动 警告
车驾驶证、机动车驾驶证被吊销或者被暂扣期间的人驾驶
的，按照以下规定处罚：
（二）驾驶非营运客车的，处1500元罚款。
《中华人民共和国道路交通安全法》第九十九条第一款第
一项、第二款（具体法条条款同上）。《新疆维吾尔自治
区实施〈中华人民共和国道路交通安全法〉办法》第八十
《中华人民共和国道路交通安全法》第十九条 五条第三项未取得机动车驾驶证、机动车驾驶证被吊销或 不可
3 10053 无证驾驶 未取得驾驶证驾驶载货汽车的 0 200 2000 1000 0 15 7
（具体法条条款同上） 者被暂扣期间驾驶机动车，或者将机动车交由未取得机动 警告
车驾驶证、机动车驾驶证被吊销或者被暂扣期间的人驾驶
的，按照以下规定处罚：
（三）驾驶载货汽车的，处1000元罚款。
《中华人民共和国道路交通安全法》第九十九条第一款第
一项、第二款（具体法条条款同上）。《新疆维吾尔自治
区实施〈中华人民共和国道路交通安全法〉办法》第八十
五条第四项未取得机动车驾驶证、机动车驾驶证被吊销或
未取得驾驶证驾驶拖拉机、摩托 《中华人民共和国道路交通安全法》第十九条 不可
4 10054 无证驾驶 者被暂扣期间驾驶机动车，或者将机动车交由未取得机动 0 200 2000 200 0 15 3
车等其他机动车的 （具体法条条款同上） 警告
车驾驶证、机动车驾驶证被吊销或者被暂扣期间的人驾驶
的，按照以下规定处罚：
（四）驾驶拖拉机、摩托车等其他机动车的，处200
元罚款。

违法 罚款 罚款 默认值 拘留 拘留 默认值 警告
序号 违法描述 违法内容 违法规定 法律条文 违法记分数 暂扣 吊销
行为 最小值 最大值 （指导基准） 最小 最大 （指导基准） 标记
《中华人民共和国道路交通安全法》第九十九条第一款第
一项、第二款有下列行为之一的，由公安机关交通管理部
门处二百元以上二千元以下罚款：
（一）未取得机动车驾驶证、机动车驾驶证被吊销或者机
动车驾驶证被暂扣期间驾驶机动车的 ；
《中华人民共和国道路交通安全法》第十九条第
行为人有前款第二项、第四项情形之一的，可以并处
一款申请机动车驾驶证，应当符合国务院公安部
驾驶证吊销 驾驶证被吊销期间驾驶营运客车 吊销机动车驾驶证；有第一项、第三项、第五项至第八项 不可
5 10061 门规定的驾驶许可条件；经考试合格后，由公安 0 200 2000 2000 0 15 10
后驾车 的 情形之一的，可以并处十五日以下拘留。 警告
机关交通管理部门发给相应类别的机动车驾驶证
《新疆维吾尔自治区实施〈中华人民共和国道路交通安全
。
法〉办法》第八十五条第一项未取得机动车驾驶证 、机动
车驾驶证被吊销或者被暂扣期间驾驶机动车 ，或者将机动
车交由未取得机动车驾驶证、机动车驾驶证被吊销或者被
暂扣期间的人驾驶的，按照以下规定处罚：
（一）驾驶营运客车的，处2000元罚款。
《中华人民共和国道路交通安全法》第九十九条第一款第
一项、第二款（具体法条条款同上）。《新疆维吾尔自治
区实施〈中华人民共和国道路交通安全法〉办法》第八十
驾驶证吊销 驾驶证被吊销期间驾驶非营运客 《中华人民共和国道路交通安全法》第十九条第 五条第二项未取得机动车驾驶证、机动车驾驶证被吊销或 不可
6 10062 0 200 2000 1500 0 15 5
后驾车 车的 一款（具体法条条款同上） 者被暂扣期间驾驶机动车，或者将机动车交由未取得机动 警告
车驾驶证、机动车驾驶证被吊销或者被暂扣期间的人驾驶
的，按照以下规定处罚：
（二）驾驶非营运客车的，处1500元罚款。
《中华人民共和国道路交通安全法》第九十九条第一款第
一项、第二款（具体法条条款同上）。《新疆维吾尔自治
区实施〈中华人民共和国道路交通安全法〉办法》第八十
驾驶证吊销 驾驶证被吊销期间驾驶载货汽车 《中华人民共和国道路交通安全法》第十九条 五条第三项未取得机动车驾驶证、机动车驾驶证被吊销或 不可
7 10063 0 200 2000 1000 0 15 7
后驾车 的 （具体法条条款同上） 者被暂扣期间驾驶机动车，或者将机动车交由未取得机动 警告
车驾驶证、机动车驾驶证被吊销或者被暂扣期间的人驾驶
的，按照以下规定处罚：
（三）驾驶载货汽车的，处1000元罚款。
《中华人民共和国道路交通安全法》第九十九条第一款第
一项、第二款（具体法条条款同上）。《新疆维吾尔自治
区实施〈中华人民共和国道路交通安全法〉办法》第八十
五条第四项未取得机动车驾驶证、机动车驾驶证被吊销或
驾驶证吊销 驾驶证被吊销期间驾驶拖拉机、 《中华人民共和国道路交通安全法》第十九条 不可
8 10064 者被暂扣期间驾驶机动车，或者将机动车交由未取得机动 0 200 2000 200 0 15 3
后驾车 摩托车等其他机动车的 （具体法条条款同上） 警告
车驾驶证、机动车驾驶证被吊销或者被暂扣期间的人驾驶
的，按照以下规定处罚：
（四）驾驶拖拉机、摩托车等其他机动车的，处200
元罚款。
《中华人民共和国道路交通安全法》第十五条第
一款警车、消防车、救护车、工程救险车应当按 《中华人民共和国道路交通安全法》第九十七条非法安装
9 10111 非法安装警 摩托车非法安装警报器 照规定喷涂标志图案，安装警报器、标志灯具。 警报器、标志灯具的，由公安机关交通管理部门强制拆 0 200 2000 200 0 0 0 不可
报器 其他机动车不得喷涂、安装、使用上述车辆专用 除，予以收缴，并处二百元以上二千元以下罚款。 警告
的或者与其相类似的标志图案、警报器或者标志
灯具。
非法安装警 《中华人民共和国道路交通安全法》第十五条第 《中华人民共和国道路交通安全法》第九十七条（具体法 不可
10 10112 小、微型机动车非法安装警报器 0 200 2000 500 0 0 0
报器 一款（具体法条条款同上） 条条款同上） 警告
非法安装警 中型以上载货汽车非法安装警报 《中华人民共和国道路交通安全法》第十五条第 《中华人民共和国道路交通安全法》第九十七条（具体法 不可
11 10113 0 200 2000 1000 0 0 0
报器 器 一款（具体法条条款同上） 条条款同上） 警告
非法安装警 中型以上载客汽车、危化品运输 《中华人民共和国道路交通安全法》第十五条第 《中华人民共和国道路交通安全法》第九十七条（具体法 不可
12 10114 0 200 2000 1500 0 0 0
报器 车辆、校车非法安装警报器 一款（具体法条条款同上） 条条款同上） 警告

违法 罚款 罚款 默认值 拘留 拘留 默认值 警告
序号 违法描述 违法内容 违法规定 法律条文 违法记分数 暂扣 吊销
行为 最小值 最大值 （指导基准） 最小 最大 （指导基准） 标记
《中华人民共和国道路交通安全法》第十五条第
一款警车、消防车、救护车、工程救险车应当按 《中华人民共和国道路交通安全法》第九十七条非法安装
13 10121 非法安装标 摩托车非法安装标志灯具 照规定喷涂标志图案，安装警报器、标志灯具。 警报器、标志灯具的，由公安机关交通管理部门强制拆 0 200 2000 200 0 0 0 不可
志灯具 其他机动车不得喷涂、安装、使用上述车辆专用 除，予以收缴，并处二百元以上二千元以下罚款。 警告
的或者与其相类似的标志图案、警报器或者标志
灯具。
非法安装标 小、微型机动车非法安装标志灯 《中华人民共和国道路交通安全法》第十五条第 《中华人民共和国道路交通安全法》第九十七条（具体法 不可
14 10122 0 200 2000 500 0 0 0
志灯具 具 一款（具体法条条款同上） 条条款同上） 警告
非法安装标 中型以上载货汽车非法安装标志 《中华人民共和国道路交通安全法》第十五条第 《中华人民共和国道路交通安全法》第九十七条（具体法 不可
15 10123 0 200 2000 1000 0 0 0
志灯具 灯具 一款（具体法条条款同上） 条条款同上） 警告
非法安装标 中型以上载客汽车、危化品运输 《中华人民共和国道路交通安全法》第十五条第 《中华人民共和国道路交通安全法》第九十七条（具体法 不可
16 10124 0 200 2000 1500 0 0 0
志灯具 车辆、校车非法安装标志灯具 一款（具体法条条款同上） 条条款同上） 警告
《中华人民共和国道路交通安全法》第三十六条
根据道路条件和通行需要，道路划分为机动车道 《中华人民共和国道路交通安全法》第九十条机动车驾驶
机动车不走 、非机动车道和人行道的，机动车、非机动车、 人违反道路交通安全法律、法规关于道路通行规定的，处 可警
17 10181 摩托车不走机动车道 0 20 200 60 0 0 0
机动车道 行人实行分道通行。没有划分机动车道、非机动 警告或者二十元以上二百元以下罚款 。本法另有规定的， 告
车道和人行道的，机动车在道路中间通行，非机 依照规定处罚。
动车和行人在道路两侧通行。
机动车不走 《中华人民共和国道路交通安全法》第三十六条 《中华人民共和国道路交通安全法》第九十条（具体法条 可警
18 10182 小、微型机动车不走机动车道 0 20 200 90 0 0 0
机动车道 （具体法条条款同上） 条款同上） 告
机动车不走 《中华人民共和国道路交通安全法》第三十六条 《中华人民共和国道路交通安全法》第九十条（具体法条 可警
19 10183 中型以上载货汽车不走机动车道 0 20 200 120 0 0 0
机动车道 （具体法条条款同上） 条款同上） 告
机动车不走 中型以上载客汽车、危化品运输 《中华人民共和国道路交通安全法》第三十六条 《中华人民共和国道路交通安全法》第九十条（具体法条 可警
20 10184 0 20 200 150 0 0 0
机动车道 车辆、校车不走机动车道 （具体法条条款同上） 条款同上） 告
《中华人民共和国道路交通安全法》第三十七条 《中华人民共和国道路交通安全法》第九十条机动车驾驶
机动车违规
道路划设专用车道的，在专用车道内，只准许规 人违反道路交通安全法律、法规关于道路通行规定的，处 可警
21 10191 使用专用车 摩托车违规使用专用车道 0 20 200 60 0 0 0
定的车辆通行，其他车辆不得进入专用车道内行 警告或者二十元以上二百元以下罚款 。本法另有规定的， 告
道
驶。 依照规定处罚。
机动车违规 小、微型机动车违规使用专用车 《中华人民共和国道路交通安全法》第三十七条 《中华人民共和国道路交通安全法》第九十条（具体法条 可警
22 10192 使用专用车 道 （具体法条条款同上） 条款同上） 0 20 200 90 0 0 0 告
机动车道违规 中型以上载货汽车违规使用专用 《中华人民共和国道路交通安全法》第三十七条 《中华人民共和国道路交通安全法》第九十条（具体法条 可警
23 10193 使用专用车 车道 （具体法条条款同上） 条款同上） 0 20 200 120 0 0 0 告
机动车道违规 中型以上载客汽车、危化品运输 《中华人民共和国道路交通安全法》第三十七条 《中华人民共和国道路交通安全法》第九十条（具体法条 可警
24 10194 使用专用车 车辆、校车违规使用专用车道 （具体法条条款同上） 条款同上） 0 20 200 150 0 0 0 告
道
《中华人民共和国道路交通安全法》第三十八条
《中华人民共和国道路交通安全法》第九十条机动车驾驶
车辆、行人应当按照交通信号通行；遇有交通警
人违反道路交通安全法律、法规关于道路通行规定的，处 可警
25 1020 不服从指挥 机动车驾驶人不服从交警指挥的 察现场指挥时，应当按照交通警察的指挥通行； 0 20 200 180 0 0 0
警告或者二十元以上二百元以下罚款 。本法另有规定的， 告
在没有交通信号的道路上，应当在确保安全、畅
依照规定处罚。
通的原则下通行。
《中华人民共和国道路交通安全法实施条例 》第
《中华人民共和国道路交通安全法》第九十条机动车驾驶
交通拥堵处 摩托车遇前方机动车停车排队等 五十三条第二款机动车在遇有前方机动车停车排
人违反道路交通安全法律、法规关于道路通行规定的，处 可警
26 10252 不按规定停 候或者缓慢行驶时、在人行横道 队等候或者缓慢行驶时，应当依次排队，不得从 0 20 200 60 0 0 0
警告或者二十元以上二百元以下罚款 。本法另有规定的， 告
车等候 、网状线区域内停车等候的 前方车辆两侧穿插或者超越行驶，不得在人行横
依照规定处罚。
道、网状线区域内停车等候。
交通拥堵处 遇前方机动车停车排队等候或者
《中华人民共和国道路交通安全法实施条例 》第 《中华人民共和国道路交通安全法》第九十条（具体法条 可警
27 10253 不按规定停 缓慢行驶时、在人行横道、网状 0 20 200 90 0 0 0
五十三条第二款（具体法条条款同上） 条款同上） 告
车等候 线区域内停车等候的

违法 罚款 罚款 默认值 拘留 拘留 默认值 警告
序号 违法描述 违法内容 违法规定 法律条文 违法记分数 暂扣 吊销
行为 最小值 最大值 （指导基准） 最小 最大 （指导基准） 标记
交通拥堵处 中型以上载货汽车遇前方机动车
28 10254 不按规定停 停车排队等候或者缓慢行驶时、 《中华人民共和国道路交通安全法实施条例 》第 《中华人民共和国道路交通安全法》第九十条（具体法条 0 20 200 120 0 0 0 可警
车等候 在人行横道、网状线区域内停车 五十三条第二款（具体法条条款同上） 条款同上） 告
等候的
中型以上载客汽车、危化品运输
交通拥堵处
车辆、校车遇前方机动车停车排 《中华人民共和国道路交通安全法实施条例 》第 《中华人民共和国道路交通安全法》第九十条（具体法条 可警
29 10255 不按规定停 0 20 200 150 0 0 0
队等候或者缓慢行驶时、在人行 五十三条第二款（具体法条条款同上） 条款同上） 告
车等候
横道、网状线区域内停车等候的
《中华人民共和国道路交通安全法》第四十六条 《中华人民共和国道路交通安全法》第九十条机动车驾驶
铁路路口不 摩托车行经铁路道口不按规定行 机动车通过铁路道口时，应当按照交通信号或者 人违反道路交通安全法律、法规关于道路通行规定的，处 可警
30 10261 0 20 200 60 0 0 0
按规定行驶 驶 管理人员的指挥通行；没有交通信号或者管理人 警告或者二十元以上二百元以下罚款 。本法另有规定的， 告
员的，应当减速或者停车，在确认安全后通过。 依照规定处罚。
铁路路口不 小、微型机动车行经铁路道口不 《中华人民共和国道路交通安全法》第四十六条 《中华人民共和国道路交通安全法》第九十条（具体法条 可警
31 10262 0 20 200 90 0 0 0
按规定行驶 按规定行驶 （具体法条条款同上） 条款同上） 告
铁路路口不 中型以上载货汽车行经铁路道口 《中华人民共和国道路交通安全法》第四十六条 《中华人民共和国道路交通安全法》第九十条（具体法条 可警
32 10263 0 20 200 120 0 0 0
按规定行驶 不按规定行驶 （具体法条条款同上） 条款同上） 告
中型以上载客汽车、危化品运输
铁路路口不 《中华人民共和国道路交通安全法》第四十六条 《中华人民共和国道路交通安全法》第九十条（具体法条 可警
33 10264 车辆、校车行经铁路道口不按规 0 20 200 150 0 0 0
按规定行驶 （具体法条条款同上） 条款同上） 告
定行驶
《中华人民共和国道路交通安全法》第五十二条
机动车在道路上发生故障，需要停车排除故障
《中华人民共和国道路交通安全法》第九十条机动车驾驶
时，驾驶人应当立即开启危险报警闪光灯 ，将机
故障车未占 未将故障的摩托车移到不妨碍交 人违反道路交通安全法律、法规关于道路通行规定的，处 可警
34 10371 动车移至不妨碍交通的地方停放；难以移动的， 0 20 200 60 0 0 0
道妨碍交通 通的地方停放的 警告或者二十元以上二百元以下罚款 。本法另有规定的， 告
应当持续开启危险报警闪光灯，并在来车方向设
依照规定处罚。
置警告标志等措施扩大示警距离，必要时迅速报
警。
故障车未占 未将故障的小、微型机动车移到 《中华人民共和国道路交通安全法》第五十二条 《中华人民共和国道路交通安全法》第九十条（具体法条 可警
35 10372 0 20 200 90 0 0 0
道妨碍交通 不妨碍交通的地方停放的 （具体法条条款同上） 条款同上） 告
故障车未占 未将故障的中型以上载货汽车移 《中华人民共和国道路交通安全法》第五十二条 《中华人民共和国道路交通安全法》第九十条（具体法条 可警
36 10373 0 20 200 120 0 0 0
道妨碍交通 到不妨碍交通的地方停放的 （具体法条条款同上） 条款同上） 告
未将故障的中型以上载客汽车、
故障车未占 《中华人民共和国道路交通安全法》第五十二条 《中华人民共和国道路交通安全法》第九十条（具体法条 可警
37 10374 危化品运输车辆、校车辆移到不 0 20 200 150 0 0 0
道妨碍交通 （具体法条条款同上） 条款同上） 告
妨碍交通的地方停放的
《中华人民共和国道路交通安全法》第五十四条 《中华人民共和国道路交通安全法》第九十条机动车驾驶
不避让道路 摩托车不避让正在作业的道路养 第一款道路养护车辆、工程作业车进行作业时， 人违反道路交通安全法律、法规关于道路通行规定的，处 可警
38 10381 养护车、工 护车、工程作业车的 在不影响过往车辆通行的前提下，其行驶路线和 警告或者二十元以上二百元以下罚款 。本法另有规定的， 0 20 200 60 0 0 0 告
程作业车的 方向不受交通标志、标线限制，过往车辆和人员 依照规定处罚。
应当注意避让。
不避让道路
小、微型机动车不避让正在作业 《中华人民共和国道路交通安全法》第五十四条 《中华人民共和国道路交通安全法》第九十条（具体法条 可警
39 10382 养护车、工 0 20 200 90 0 0 0
的道路养护车、工程作业车的 第一款（具体法条条款同上） 条款同上） 告
程作业车的
不避让道路
中型以上载货汽车不避让正在作 《中华人民共和国道路交通安全法》第五十四条 《中华人民共和国道路交通安全法》第九十条（具体法条 可警
40 10383 养护车、工 0 20 200 120 0 0 0
业的道路养护车、工程作业车的 第一款（具体法条条款同上） 条款同上） 告
程作业车的
不避让道路 中型以上载客汽车、危化品运输
《中华人民共和国道路交通安全法》第五十四条 《中华人民共和国道路交通安全法》第九十条（具体法条 可警
41 10384 养护车、工 车辆、校车不避让正在作业的道 0 20 200 150 0 0 0
第一款（具体法条条款同上） 条款同上） 告
程作业车的 路养护车、工程作业车的

违法 罚款 罚款 默认值 拘留 拘留 默认值 警告
序号 违法描述 违法内容 违法规定 法律条文 违法记分数 暂扣 吊销
行为 最小值 最大值 （指导基准） 最小 最大 （指导基准） 标记
《中华人民共和国道路交通安全法实施条例 》第
六十三条机动车在道路上临时停车 ，应当遵守下
列规定：（一）在设有禁停标志、标线的路段，
在机动车道与非机动车道、人行道之间设有隔离
设施的路段以及人行横道、施工地段，不得停
车；（二）交叉路口、铁路道口、急弯路、宽度
《中华人民共和国道路交通安全法》第九十三条第二款机
不足4米的窄路、桥梁、陡坡、隧道以及距离上述
动车驾驶人不在现场或者虽在现场但拒绝立即驶离 ，妨碍
地点50米以内的路段，不得停车；（三）公共汽
其他车辆、行人通行的，处二十元以上二百元以下罚款，
机动车违反规定停放、临时停车 车站、急救站、加油站、消防栓或者消防队
并可以将该机动车拖移至不妨碍交通的地点或者公安机关
不按规定停 且驾驶人不在现场或驾驶人虽在 （站）门前以及距离上述地点30米以内的路段， 可警
42 1039 交通管理部门指定的地点停放。公安机关交通管理部门拖 0 20 200 100 0 0 0
车 现场拒绝立即驶离、妨碍其他车 除使用上述设施的以外，不得停车；（四）车辆 告
车不得向当事人收取费用，并应当及时告知当事人停放地
辆、行人通行的 停稳前不得开车门和上下人员，开关车门不得妨
点。第九十条机动车驾驶人违反道路交通安全法律 、法规
碍其他车辆和行人通行；（五）路边停车应当紧
关于道路通行规定的，处警告或者二十元以上二百元以下
靠道路右侧，机动车驾驶人不得离车，上下人员
罚款。本法另有规定的，依照规定处罚。
或者装卸物品后，立即驶离；（六）城市公共汽
车不得在站点以外的路段停车上下乘客 。、《中
华人民共和国道路交通安全法》第五十六条机动
车应当在规定地点停放。禁止在人行道上停放机
动车；但是，依照本法第三十三条规定施划的停
车泊位除外。
《中华人民共和国道路交通安全法》第九十条机动车驾驶
《中华人民共和国道路交通安全法实施条例 》第
漫水路桥不 摩托车行经漫水路或漫水桥时未 人违反道路交通安全法律、法规关于道路通行规定的，处 可警
43 10501 六十四条机动车行经漫水路或者漫水桥时 ，应当 0 20 200 60 0 0 0
低速行驶 低速通过的 警告或者二十元以上二百元以下罚款 。本法另有规定的， 告
停车察明水情，确认安全后，低速通过。
依照规定处罚。
漫水路桥不 小微型机动车行经漫水路或漫水 《中华人民共和国道路交通安全法实施条例 》第 《中华人民共和国道路交通安全法》第九十条（具体法条 可警
44 10502 0 20 200 90 0 0 0
低速行驶 桥时未低速通过的 六十四条（具体法条条款同上） 条款同上） 告
漫水路桥不 中型以上货车行经漫水路或漫水 《中华人民共和国道路交通安全法实施条例 》第 《中华人民共和国道路交通安全法》第九十条（具体法条 可警
45 10503 0 20 200 120 0 0 0
低速行驶 桥时未低速通过的 六十四条（具体法条条款同上） 条款同上） 告
中型以上客车、危险物品运输车
漫水路桥不 《中华人民共和国道路交通安全法实施条例 》第 《中华人民共和国道路交通安全法》第九十条（具体法条 可警
46 10504 辆、校车行经漫水路或漫水桥时 0 20 200 150 0 0 0
低速行驶 六十四条（具体法条条款同上） 条款同上） 告
未低速通过的
超限车辆在 《中华人民共和国道路交通安全法实施条例 》第 《中华人民共和国道路交通安全法》第九十条机动车驾驶
铁道路口不 摩托车载运超限物品行经铁路道 六十五条第一款机动车载运超限物品行经铁路道 人违反道路交通安全法律、法规关于道路通行规定的，处 可警
47 10511 0 20 200 60 0 0 0
按指定道口 口时不按指定的道口通过的 口的，应当按照当地铁路部门指定的铁路道口 、 警告或者二十元以上二百元以下罚款 。本法另有规定的， 告
通过 时间通过。 依照规定处罚。
超限车辆在 小微型机动车载运超限物品行经
48 10512 铁道路口不 铁路道口时不按指定的道口通过 《中华人民共和国道路交通安全法实施条例 》第 《中华人民共和国道路交通安全法》第九十条（具体法条 0 20 200 90 0 0 0 可警
按指定道口 的 六十五条第一款（具体法条条款同上） 条款同上） 告
超限通车过辆在
中型以上货车载运超限物品行经
49 10513 铁道路口不 铁路道口时不按指定的道口通过 《中华人民共和国道路交通安全法实施条例 》第 《中华人民共和国道路交通安全法》第九十条（具体法条 0 20 200 120 0 0 0 可警
按指定道口 的 六十五条第一款（具体法条条款同上） 条款同上） 告
超限通车过辆在
危险物品运输车辆载运超限物品
铁道路口不 《中华人民共和国道路交通安全法实施条例 》第 《中华人民共和国道路交通安全法》第九十条（具体法条 可警
50 10514 行经铁路道口时不按指定的道口 0 20 200 150 0 0 0
按指定道口 六十五条第一款（具体法条条款同上） 条款同上） 告
通过的
通过

违法 罚款 罚款 默认值 拘留 拘留 默认值 警告
序号 违法描述 违法内容 违法规定 法律条文 违法记分数 暂扣 吊销
行为 最小值 最大值 （指导基准） 最小 最大 （指导基准） 标记
《中华人民共和国道路交通安全法实施条例 》第 《中华人民共和国道路交通安全法》第九十条机动车驾驶
渡口不按指 机动车行经渡口、不服从渡口管 六十五条第二款机动车行经渡口，应当服从渡口 人违反道路交通安全法律、法规关于道路通行规定的，处 可警
51 1053 0 20 200 180 0 0 0
挥依次待渡 理人员指挥、不依次待渡的 管理人员指挥，按照指定地点依次待渡。机动车 警告或者二十元以上二百元以下罚款 。本法另有规定的， 告
上下渡船时，应当低速慢行。 依照规定处罚。
《中华人民共和国道路交通安全法实施条例 》第 《中华人民共和国道路交通安全法》第九十条机动车驾驶
上下渡船不 摩托车上下渡船时、不低速慢行 六十五条第二款机动车行经渡口，应当服从渡口 人违反道路交通安全法律、法规关于道路通行规定的，处 可警
52 10541 0 20 200 60 0 0 0
低速行驶 的 管理人员指挥，按照指定地点依次待渡。机动车 警告或者二十元以上二百元以下罚款 。本法另有规定的， 告
上下渡船时，应当低速慢行。 依照规定处罚。
上下渡船不 小微型机动车上下渡船时、不低 《中华人民共和国道路交通安全法实施条例 》第 《中华人民共和国道路交通安全法》第九十条（具体法条 可警
53 10542 0 20 200 90 0 0 0
低速行驶 速慢行的 六十五条第二款（具体法条条款同上） 条款同上） 告
上下渡船不 中型以上货车上下渡船时、不低 《中华人民共和国道路交通安全法实施条例 》第 《中华人民共和国道路交通安全法》第九十条（具体法条 可警
54 10543 0 20 200 120 0 0 0
低速行驶 速慢行的 六十五条第二款（具体法条条款同上） 条款同上） 告
上下渡船不 中型以上客车、危险物品运输车 《中华人民共和国道路交通安全法实施条例 》第 《中华人民共和国道路交通安全法》第九十条（具体法条 可警
55 10544 低速行驶 辆、校车上下渡船时、不低速慢 六十五条第二款（具体法条条款同上） 条款同上） 0 20 200 150 0 0 0 告
行的
《中华人民共和国道路交通安全法》第五十三条
第二款警车、消防车、救护车、工程救险车非执
行紧急任务时，不得使用警报器、标志灯具，不
享有前款规定的道路优先通行权。《中华人民共
和国噪音污染防治法》第四十八条第二款警车、
消防救援车、救护车、工程救险车等机动车安装
、使用警报器，应当符合国务院、公安等部门的 《中华人民共和国道路交通安全法》第九十条机动车驾驶
特种车辆违
规定；非执行紧急任务，不得使用警报器。《中 人违反道路交通安全法律、法规关于道路通行规定的，处 可警
56 1055 反规定使用 特种车辆违反规定使用警报器的 0 20 200 180 0 0 0
华人民共和国道路交通安全法实施条例 》第六十 警告或者二十元以上二百元以下罚款 。本法另有规定的， 告
警报器
六条 警车、消防车、救护车、工程救险车在执行 依照规定处罚。
紧急任务遇交通受阻时，可以断续使用警报器，
并遵守下列规定：
（一）不得在禁止使用警报器的区域或者路段使
用警报器；（二）夜间在市区不得使用警报器；
（三）列队行驶时，前车已经使用警报器的，后
车不再使用警报器。
《中华人民共和国道路交通安全法》第五十三条
第二款警车、消防车、救护车、工程救险车非执
行紧急任务时，不得使用警报器、标志灯具，不
享有前款规定的道路优先通行权、《中华人民共
和国道路交通安全法实施条例》第六十六条警车 《中华人民共和国道路交通安全法》第九十条机动车驾驶
特种车辆违
特种车辆违反规定使用标志灯具 、消防车、救护车、工程救险车在执行紧急任务 人违反道路交通安全法律、法规关于道路通行规定的，处 可警
57 1056 规使用标志 0 20 200 180 0 0 0
的 遇交通受阻时，可以断续使用警报器，并遵守下 警告或者二十元以上二百元以下罚款 。本法另有规定的， 告
灯具
列规定： 依照规定处罚。
（一）不得在禁止使用警报器的区域或者路段使
用警报器；（二）夜间在市区不得使用警报器；
（三）列队行驶时，前车已经使用警报器的，后
车不再使用警报器。
《中华人民共和国道路交通安全法》第五十五条
《中华人民共和国道路交通安全法》第九十条机动车驾驶
第一款高速公路、大中城市中心城区内的道路，
拖拉机进入 拖拉机驶入大中城市中心城区内 人违反道路交通安全法律、法规关于道路通行规定的，处 可警
58 1061 禁止拖拉机通行。其他禁止拖拉机通行的道路， 0 20 200 60 0 0 0
中心区 道路的 警告或者二十元以上二百元以下罚款 。本法另有规定的， 告
由省、自治区、直辖市人民政府根据当地实际情
依照规定处罚。
况规定。

违法 罚款 罚款 默认值 拘留 拘留 默认值 警告
序号 违法描述 违法内容 违法规定 法律条文 违法记分数 暂扣 吊销
行为 最小值 最大值 （指导基准） 最小 最大 （指导基准） 标记
《中华人民共和国道路交通安全法》第五十五条
《中华人民共和国道路交通安全法》第九十条机动车驾驶
第一款高速公路、大中城市中心城区内的道路，
拖拉机驶入 人违反道路交通安全法律、法规关于道路通行规定的，处 可警
59 1062 拖拉机驶入其它禁止通行道路的 禁止拖拉机通行。其他禁止拖拉机通行的道路， 0 20 200 60 0 0 0
禁行路 警告或者二十元以上二百元以下罚款 。本法另有规定的， 告
由省、自治区、直辖市人民政府根据当地实际情
依照规定处罚。
况规定。
《中华人民共和国道路交通安全法》第五十五条
《中华人民共和国道路交通安全法》第九十条机动车驾驶
第一款高速公路、大中城市中心城区内的道路，
人违反道路交通安全法律、法规关于道路通行规定的，处 可警
60 1063 拖拉机载人 拖拉机载人的 禁止拖拉机通行。其他禁止拖拉机通行的道路， 0 20 200 60 0 0 0
警告或者二十元以上二百元以下罚款 。本法另有规定的， 告
由省、自治区、直辖市人民政府根据当地实际情
依照规定处罚。
况规定。
《中华人民共和国道路交通安全法实施条例 》第
二十条第二款、《机动车驾驶证申领和使用规定 《中华人民共和国道路交通安全法》第九十条机动车驾驶
》第四十二条申请人在道路上学习驾驶 ，应当随 人违反道路交通安全法律、法规关于道路通行规定的，处
身携带学习驾驶证明，使用教练车或者学车专用 警告或者二十元以上二百元以下罚款 。本法另有规定的，
标识签注的自学用车，在教练员或者学车专用标 依照规定处罚、《机动车驾驶证申领和使用规定》第九十
不按指定路 摩托车驾驶证申请人不按指定路 可警
61 10652 识签注的指导人员随车指导下，按照公安机关交 五条申请人在道路上学习驾驶时，有下列情形之一的，由 0 20 200 60 0 0 0
线学习驾驶 线上道路学习驾驶的 告
通管理部门指定的路线、时间进行。 公安机关交通管理部门对教练员或者随车指导人员处二十
申请人为自学直考人员的，在道路上学习驾驶 元以上二百元以下罚款：（一）未按照公安机关交通管理
时，应当在自学用车上按规定放置、粘贴学车专 部门指定的路线、时间进行的；（二）未按照本规定第四
用标识，自学用车不得搭载随车指导人员以外的 十二条规定放置、粘贴学车专用标识的。
其他人员。
《中华人民共和国道路交通安全法实施条例 》第 《中华人民共和国道路交通安全法》第九十条、《机动车
不按指定路 小微型机动车驾驶证申请人不按 可警
62 10653 二十条第二款、《机动车驾驶证申领和使用规定 驾驶证申领和使用规定》第九十五条（具体法条条款同 0 20 200 90 0 0 0
线学习驾驶 指定路线上道路学习驾驶的 告
》第四十二条（具体法条条款同上） 上）
《中华人民共和国道路交通安全法实施条例 》第 《中华人民共和国道路交通安全法》第九十条、《机动车
不按指定路 中型以上货车驾驶证申请人不按 可警
63 10654 二十条第二款、《机动车驾驶证申领和使用规定 驾驶证申领和使用规定》第九十五条（具体法条条款同 0 20 200 120 0 0 0
线学习驾驶 指定路线上道路学习驾驶的 告
》第四十二条（具体法条条款同上） 上）
中型以上客车、危险物品运输车 《中华人民共和国道路交通安全法实施条例 》第 《中华人民共和国道路交通安全法》第九十条、《机动车
不按指定路 可警
64 10655 辆、校车驾驶证申请人不按指定 二十条第二款、《机动车驾驶证申领和使用规定 驾驶证申领和使用规定》第九十五条（具体法条条款同 0 20 200 150 0 0 0
线学习驾驶 告
路线上道路学习驾驶的 》第四十二条（具体法条条款同上） 上）
《中华人民共和国道路交通安全法》第三十九条
公安机关交通管理部门根据道路和交通流量的具
体情况，可以对机动车、非机动车、行人采取疏 《中华人民共和国道路交通安全法》第九十九条第一款第
机动车违反 导、限制通行、禁止通行等措施。遇有大型群众 六项有下列行为之一的，由公安机关交通管理部门处二百
交通管制规 性活动、大范围施工等情况，需要采取限制交通 元以上二千元以下罚款：（六）违反交通管制的规定强行
机动车违反交通管制规定强行通 不可
65 1078 定强行通行 的措施，或者作出与公众的道路交通活动直接有 通行，不听劝阻的；第二款行为人有前款第二项、第四项 0 200 2000 1800 0 15 10
行、不听劝阻的 警告
、不听劝阻 关的决定，应当提前向社会公告。第四十条遇有 情形之一的，可以并处吊销机动车驾驶证；有第一项、第
的 自然灾害、恶劣气象条件或者重大交通事故等严 三项、第五项至第八项情形之一的，可以并处十五日以下
重影响交通安全的情形，采取其他措施难以保证 拘留。
交通安全时，公安机关交通管理部门可以实行交
通管制。
《中华人民共和国道路交通安全法》第十九条第 《中华人民共和国道路交通安全法》第十九条第一款驾驶
使用他人机
一款驾驶机动车，应当依法取得机动车驾驶证、 机动车，应当依法取得机动车驾驶证。《中华人民共和国
动车驾驶证 驾驶摩托车使用他人机动车驾驶 可警
66 10821 第四款驾驶人应当按照驾驶证载明的准驾车型驾 道路交通安全法》第九十条机动车驾驶人违反道路交通安 0 20 200 60 0 0 0
驾驶机动车 证驾驶机动车的 告
驶机动车；驾驶机动车时，应当随身携带机动车 全法律、法规关于道路通行规定的，处警告或者二十元以
的
驾驶证。 上二百元以下罚款。本法另有规定的，依照规定处罚。

违法 罚款 罚款 默认值 拘留 拘留 默认值 警告
序号 违法描述 违法内容 违法规定 法律条文 违法记分数 暂扣 吊销
行为 最小值 最大值 （指导基准） 最小 最大 （指导基准） 标记
使用他人机 《中华人民共和国道路交通安全法》第十九条第一款、《
67 10822 动车驾驶证 驾驶小微型机动车使用他人机动 《中华人民共和国道路交通安全法》第十九条第 中华人民共和国道路交通安全法》第九十条（具体法条条 0 20 200 90 0 0 0 可警
驾驶机动车 车驾驶证驾驶机动车的 一款、第四款（具体法条条款同上） 款同上） 告
使用他的人机
《中华人民共和国道路交通安全法》第十九条第一款、《
68 10823 动车驾驶证 驾驶中型以上货车使用他人机动 《中华人民共和国道路交通安全法》第十九条第 中华人民共和国道路交通安全法》第九十条（具体法条条 0 20 200 120 0 0 0 可警
驾驶机动车 车驾驶证驾驶机动车的 一款、第四款（具体法条条款同上） 款同上） 告
使用他的人机
驾驶中型以上客车、危险物品运 《中华人民共和国道路交通安全法》第十九条第一款、《
69 10824 动车驾驶证 输车辆、校车使用他人机动车驾 《中华人民共和国道路交通安全法》第十九条第 中华人民共和国道路交通安全法》第九十条（具体法条条 0 20 200 150 0 0 0 可警
驾驶机动车 驶证驾驶机动车的 一款、第四款（具体法条条款同上） 款同上） 告
的
《中华人民共和国道路交通安全法》第九十二条第一款公
《中华人民共和国道路交通安全法》第四十九条
路客运车辆载客超过额定乘员的，处二百元以上五百元以
机动车载人不得超过核定的人数，客运机动车不
下罚款；超过额定乘员百分之二十或者违反规定载货的 ，
得违反规定载货。《中华人民共和国道路交通安
客运车辆载 小、中型公路客运车辆违反规定 处五百元以上二千元以下罚款。《新疆维吾尔自治区实施 不可
70 10891 全法实施条例》第五十四条第二款载客汽车除车 0 500 1000 600 0 0 0
货 载货的 〈道路交通安全法〉办法》办法第八十三条第一款第四项 警告
身外部的行李架和内置的行李箱外 ，不得载货。
公路客运车辆载客超过核定人数或者违反规定载货的 ，按
载客汽车行李架载货，从车顶起高度不得超过0．
下列规定处罚：（四）违反规定载货的，处500元至1000
5米，从地面起高度不得超过4米。
元罚款。
《中华人民共和国道路交通安全法》第四十九条 《中华人民共和国道路交通安全法》第九十二条第一款、
客运车辆载 大型公路客运车辆违反规定载货 不可
71 10892 、《中华人民共和国道路交通安全法实施条例 》 《新疆维吾尔自治区实施〈道路交通安全法〉办法》办法 0 500 1000 800 0 0 0
货 的 警告
第五十四条第二款（具体法条条款同上） 第八十三条第一款第四项（具体法条条款同上）
《中华人民共和国道路交通安全法》第三十八条 《中华人民共和国道路交通安全法》第九十条机动车驾驶
违反警告标 车辆、行人应当按照交通信号通行；遇有交通警 人违反道路交通安全法律、法规关于道路通行规定的，处 可警
72 10901 志指示 摩托车违反警告标志指示的 察现场指挥时，应当按照交通警察的指挥通行； 警告或者二十元以上二百元以下罚款 。本法另有规定的， 0 20 200 60 0 0 0 告
在没有交通信号的道路上，应当在确保安全、畅 依照规定处罚。
通的原则下通行。
违反警告标 小微型机动车违反警告标志指示 《中华人民共和国道路交通安全法》第三十八条 《中华人民共和国道路交通安全法》第九十条（具体法条 可警
73 10902 0 20 200 90 0 0 0
志指示 的 （具体法条条款同上） 条款同上） 告
违反警告标 中型以上货车违反警告标志指示 《中华人民共和国道路交通安全法》第三十八条 《中华人民共和国道路交通安全法》第九十条（具体法条 可警
74 10903 0 20 200 120 0 0 0
志指示 的 （具体法条条款同上） 条款同上） 告
违反警告标 中型以上客车、危险物品运输车 《中华人民共和国道路交通安全法》第三十八条 《中华人民共和国道路交通安全法》第九十条（具体法条 可警
75 10904 0 20 200 150 0 0 0
志指示 辆、校车违反警告标志指示的 （具体法条条款同上） 条款同上） 告
《中华人民共和国道路交通安全法》第三十八条
《中华人民共和国道路交通安全法》第九十条机动车驾驶
车辆、行人应当按照交通信号通行；遇有交通警
违反警告标 人违反道路交通安全法律、法规关于道路通行规定的，处 可警
76 10911 摩托车违反警告标线指示的 察现场指挥时，应当按照交通警察的指挥通行； 0 20 200 60 0 0 0
线指示 警告或者二十元以上二百元以下罚款 。本法另有规定的， 告
在没有交通信号的道路上，应当在确保安全、畅
依照规定处罚。
通的原则下通行。
违反警告标 小微型机动车违反警告标线指示 《中华人民共和国道路交通安全法》第三十八条 《中华人民共和国道路交通安全法》第九十条（具体法条 可警
77 10912 0 20 200 90 0 0 0
线指示 的 （具体法条条款同上） 条款同上） 告
违反警告标 中型以上货车违反警告标线指示 《中华人民共和国道路交通安全法》第三十八条 《中华人民共和国道路交通安全法》第九十条（具体法条 可警
78 10913 0 20 200 120 0 0 0
线指示 的 （具体法条条款同上） 条款同上） 告
违反警告标 中型以上客车、危险物品运输车 《中华人民共和国道路交通安全法》第三十八条 《中华人民共和国道路交通安全法》第九十条（具体法条 可警
79 10914 0 20 200 150 0 0 0
线指示 辆、校车违反警告标线指示的 （具体法条条款同上） 条款同上） 告
《中华人民共和国道路交通安全法实施条例 》第 《中华人民共和国道路交通安全法》第九十条机动车驾驶
拨打接听手 六十二条第三项驾驶机动车不得有下列行为 ： 人违反道路交通安全法律、法规关于道路通行规定的，处 可警
80 1093 拨打接听手持电话 0 20 200 180 0 0 0
持电话 （三）拨打接听手持电话、观看电视等妨碍安全 警告或者二十元以上二百元以下罚款 。本法另有规定的， 告
驾驶的行为。 依照规定处罚。

违法 罚款 罚款 默认值 拘留 拘留 默认值 警告
序号 违法描述 违法内容 违法规定 法律条文 违法记分数 暂扣 吊销
行为 最小值 最大值 （指导基准） 最小 最大 （指导基准） 标记
《中华人民共和国道路交通安全法》第四十三条
同车道行驶的机动车，后车应当与前车保持足以
采取紧急制动措施的安全距离。有下列情形之一
的，不得超车： 《中华人民共和国道路交通安全法》第九十条机动车驾驶
不与前车保 在同车道行驶中、不按规定与前 （一）前车正在左转弯、掉头、超车的；（二） 人违反道路交通安全法律、法规关于道路通行规定的，处 可警
81 1094 0 20 200 180 0 0 0
持安全距离 车保持必要的安全距离的 与对面来车有会车可能的；（三）前车为执行紧 警告或者二十元以上二百元以下罚款 。本法另有规定的， 告
急任务的警车、消防车、救护车、工程救险车 依照规定处罚。
的；（四）行经铁路道口、交叉路口、窄桥、弯
道、陡坡、隧道、人行横道、市区交通流量大的
路段等没有超车条件的。
《中华人民共和国道路交通安全法》第四十八条
第一款机动车载物应当符合核定的载质量 ，严禁
超载；载物的长、宽、高不得违反装载要求，不
得遗洒、飘散载运物。《中华人民共和国道路交
机动车载货 《中华人民共和国道路交通安全法》第九十条机动车驾驶
通安全法实施条例》第五十四条第三款机动车载
长度、宽度 摩托车载货长度、宽度、高度超 人违反道路交通安全法律、法规关于道路通行规定的，处 可警
82 11111 物不得超过机动车行驶证上核定的载质量 ，装载 1 20 200 60 0 0 0
、高度超过 过规定的 警告或者二十元以上二百元以下罚款 。本法另有规定的， 告
长度、宽度不得超出车厢，并应当遵守下列规
规定的 依照规定处罚。
定： （三）摩托车载物，高度从地面起不得超
过1．5米，长度不得超出车身0．2米。两轮摩托
车载物宽度左右各不得超出车把0．15米；三轮摩
托车载物宽度不得超过车身。
机动车载货 《中华人民共和国道路交通安全法》第四十八条
长度、宽度 小微型机动车载货长度、宽度、 第一款（具体法条条款同上）、《中华人民共和 《中华人民共和国道路交通安全法》第九十条（具体法条 可警
83 11112 1 20 200 90 0 0 0
、高度超过 高度超过规定的 国道路交通安全法实施条例》第五十四条第二款 条款同上） 告
规定的 （具体法条条款同上）
机动车载货 《中华人民共和国道路交通安全法》第四十八条
长度、宽度 中型货车载货长度、宽度、高度 第一款（具体法条条款同上）、《中华人民共和 《中华人民共和国道路交通安全法》第九十条（具体法条 可警
84 11113 1 20 200 120 0 0 0
、高度超过 超过规定的 国道路交通安全法实施条例》第五十四条第二款 条款同上） 告
规定的 （具体法条条款同上）
机动车载货 《中华人民共和国道路交通安全法》第四十八条
长度、宽度 重型货车载货长度、宽度、高度 第一款（具体法条条款同上）、《中华人民共和 《中华人民共和国道路交通安全法》第九十条（具体法条 可警
85 11114 1 20 200 150 0 0 0
、高度超过 超过规定的 国道路交通安全法实施条例》第五十四条第二款 条款同上） 告
规定的 （具体法条条款同上）

违法 罚款 罚款 默认值 拘留 拘留 默认值 警告
序号 违法描述 违法内容 违法规定 法律条文 违法记分数 暂扣 吊销
行为 最小值 最大值 （指导基准） 最小 最大 （指导基准） 标记
《中华人民共和国道路交通安全法》第十三条对
登记后上道路行驶的机动车，应当依照法律、行
政法规的规定，根据车辆用途、载客载货数量、
使用年限等不同情况，定期进行安全技术检验。
对提供机动车行驶证和机动车第三者责任强制保
险单的，机动车安全技术检验机构应当予以检
驾驶未按规
验，任何单位不得附加其他条件。对符合机动车
定定期进行
国家安全技术标准的，公安机关交通管理部门应
安全技术检
当发给检验合格标志。《中华人民共和国道路交
验的公路客
通安全法实施条例》第十六条机动车应当从注册
运汽车、旅 《机动车登记规定》第七十八条第四项有下列情形之一
驾驶未按规定定期进行安全技术 登记之日起，按照下列期限进行安全技术检验： 可警
86 11182 游客运汽车 的，由公安机关交通管理部门处警告或者二百元以下罚 1 20 200 60 0 0 0
检验的摩托车上道路行驶的 （一）营运载客汽车5年以内每年检验1次；超过5 告
、危险物品 款：（四）机动车未按照规定期限进行安全技术检验的 ；
年的，每6个月检验1次；（二）载货汽车和大型
运输车辆以
、中型非营运载客汽车10年以内每年检验1次；超
外的机动车
过10年的，每6个月检验1次；（三）小型、微型
上道路行驶
非营运载客汽车6年以内每2年检验1次；超过6年
的
的，每年检验1次；超过15年的，每6个月检验
1次；（四）摩托车4年以内每2年检验1次；超过4
年的，每年检验1次；（五）拖拉机和其他机动车
每年检验1次。营运机动车在规定检验期限内经安
全技术检验合格的，不再重复进行安全技术检验
。
驾驶未按规
定定期进行
安全技术检
验的公路客
驾驶未按规定定期进行安全技术 《中华人民共和国道路交通安全法》第十三条、
运汽车、旅 《机动车登记规定》第七十八条第四项,（具体法条条款 可警
87 11183 检验的小微型机动车上道路行驶 《中华人民共和国道路交通安全法实施条例 》第 1 20 200 90 0 0 0
游客运汽车 同上） 告
的 十六条（具体法条条款同上）
、危险物品
运输车辆以
外的机动车
上道路行驶
驾驶未的按规
定定期进行
安全技术检
验的公路客
《中华人民共和国道路交通安全法》第十三条、
运汽车、旅 驾驶未按规定定期进行安全技术 《机动车登记规定》第七十八条第四项,（具体法条条款 可警
88 11184 《中华人民共和国道路交通安全法实施条例 》第 1 20 200 120 0 0 0
游客运汽车 检验的中型货车上道路行驶的 同上） 告
十六条（具体法条条款同上）
、危险物品
运输车辆以
外的机动车
上道路行驶
的 《中华人民共和国道路交通安全法实施条例 》第
《中华人民共和国道路交通安全法》第九十条机动车驾驶
四十九条第一款机动车在有禁止掉头或者禁止左
危险路段掉 摩托车在容易发生危险的路段掉 人违反道路交通安全法律、法规关于道路通行规定的，处 可警
89 11221 转弯标志、标线的地点以及在铁路道口、人行横 1 20 200 60 0 0 0
头 头的 警告或者二十元以上二百元以下罚款 。本法另有规定的， 告
道、桥梁、急弯、陡坡、隧道或者容易发生危险
依照规定处罚。
的路段，不得掉头。
危险路段掉 小微型机动车在容易发生危险的 《中华人民共和国道路交通安全法实施条例 》第 《中华人民共和国道路交通安全法》第九十条（具体法条 可警
90 11222 1 20 200 90 0 0 0
头 路段掉头的 四十九条第一款（具体法条条款同上） 条款同上） 告
危险路段掉 中型以上货车在容易发生危险的 《中华人民共和国道路交通安全法实施条例 》第 《中华人民共和国道路交通安全法》第九十条（具体法条 可警
91 11223 1 20 200 120 0 0 0
头 路段掉头的 四十九条第一款（具体法条条款同上） 条款同上） 告

违法 罚款 罚款 默认值 拘留 拘留 默认值 警告
序号 违法描述 违法内容 违法规定 法律条文 违法记分数 暂扣 吊销
行为 最小值 最大值 （指导基准） 最小 最大 （指导基准） 标记
中型以上客车、危险物品运输车
危险路段掉 《中华人民共和国道路交通安全法实施条例 》第 《中华人民共和国道路交通安全法》第九十条（具体法条 可警
92 11224 辆、校车在容易发生危险的路段 1 20 200 150 0 0 0
头 四十九条第一款（具体法条条款同上） 条款同上） 告
掉头的
《中华人民共和国道路交通安全法》第九十条机动车驾驶
《中华人民共和国道路交通安全法》第六十四条
人违反道路交通安全法律、法规关于道路通行规定的，处 可警
93 1334 不避让盲人 机动车不避让盲人的 第二款盲人在道路上通行，应当使用盲杖或者采 3 20 200 180 0 0 0
警告或者二十元以上二百元以下罚款 。本法另有规定的， 告
取其他导盲手段，车辆应当避让盲人。
依照规定处罚。
《中华人民共和国道路交通安全法》第九十条机动车驾驶
《中华人民共和国道路交通安全法》第四十七条
人行道不减 人违反道路交通安全法律、法规关于道路通行规定的，处 可警
94 1356 行经人行横道、未减速行驶的 第一款机动车行经人行横道时，应当减速行驶； 3 20 200 100 0 0 0
速的 警告或者二十元以上二百元以下罚款 。本法另有规定的， 告
遇行人正在通过人行横道，应当停车让行。
依照规定处罚。
《中华人民共和国道路交通安全法》第九十条机动车驾驶
《中华人民共和国道路交通安全法》第四十七条
人行道不停 遇行人正在通过人行横道时未停 人违反道路交通安全法律、法规关于道路通行规定的，处 可警
95 1357 第一款机动车行经人行横道时，应当减速行驶； 3 20 200 100 0 0 0
车让行的 车让行的 警告或者二十元以上二百元以下罚款 。本法另有规定的， 告
遇行人正在通过人行横道，应当停车让行。
依照规定处罚。
《中华人民共和国道路交通安全法》第九十五条第二款故
不按规定安 《中华人民共和国道路交通安全法》第十一条第 意遮挡、污损或者不按规定安装机动车号牌的 ，依照本法
96 1359 装机动车号 驾驶不按规定安装机动车号牌的 二款机动车号牌应当按照规定悬挂并保持清晰 、 第九十条的规定予以处罚、第九十条机动车驾驶人违反道 3 20 200 180 0 0 0 可警
牌的 机动车上道路行驶的 完整，不得故意遮挡、污损。 路交通安全法律、法规关于道路通行规定的，处警告或者 告
二十元以上二百元以下罚款。本法另有规定的，依照规定
处罚。
《中华人民共和国道路交通安全法》第十三条对
登记后上道路行驶的机动车，应当依照法律、行
政法规的规定，根据车辆用途、载客载货数量、
使用年限等不同情况，定期进行安全技术检验。
对提供机动车行驶证和机动车第三者责任强制保
险单的，机动车安全技术检验机构应当予以检
验，任何单位不得附加其他条件。对符合机动车
驾驶未按规
国家安全技术标准的，公安机关交通管理部门应
定定期进行
当发给检验合格标志。《中华人民共和国道路交
安全技术检
驾驶未按规定定期进行安全技术 通安全法实施条例》第十六条机动车应当从注册
验的公路客
检验的公路客运汽车、旅游客运 登记之日起，按照下列期限进行安全技术检验： 《机动车登记规定》第七十八条第四项（四）机动车未按 可警
97 13611 运汽车、旅 3 20 200 150 0 0 0
汽车、危险物品运输车辆上道路 （一）营运载客汽车5年以内每年检验1次；超过5 照规定期限进行安全技术检验的 告
游客运汽车
行驶的 年的，每6个月检验1次；（二）载货汽车和大型
、危险物品
、中型非营运载客汽车10年以内每年检验1次；超
运输车辆上
过10年的，每6个月检验1次；（三）小型、微型
道路行驶的
非营运载客汽车6年以内每2年检验1次；超过6年
的，每年检验1次；超过15年的，每6个月检验
1次；（四）摩托车4年以内每2年检验1次；超过4
年的，每年检验1次；（五）拖拉机和其他机动车
每年检验1次。营运机动车在规定检验期限内经安
全技术检验合格的，不再重复进行安全技术检验
。
《中华人民共和国道路交通安全法》第四十五条
第一款机动车遇有前方车辆停车排队等候或者缓
慢行驶时，不得借道超车或者占用对面车道，不
借道超车或 《中华人民共和国道路交通安全法》第九十条机动车驾驶
摩托车遇前方机动车停车排队或 得穿插等候的车辆、《中华人民共和国道路交通
者占用对面 人违反道路交通安全法律、法规关于道路通行规定的，处 可警
98 13631 者缓慢行驶时、借道超车或者占 安全法实施条例》第五十三条第二款机动车在遇 3 20 200 60 0 0 0
车道、穿插 警告或者二十元以上二百元以下罚款 。本法另有规定的， 告
用对面车道、穿插等候车辆的 有前方机动车停车排队等候或者缓慢行驶时 ，应
等候车辆的 依照规定处罚。
当依次排队，不得从前方车辆两侧穿插或者超越
行驶，不得在人行横道、网状线区域内停车等候
。

违法 罚款 罚款 默认值 拘留 拘留 默认值 警告
序号 违法描述 违法内容 违法规定 法律条文 违法记分数 暂扣 吊销
行为 最小值 最大值 （指导基准） 最小 最大 （指导基准） 标记
借道超车或 小微型机动车遇前方机动车停车
《中华人民共和国道路交通安全法》第四十五条
者占用对面 排队或者缓慢行驶时、借道超车 《中华人民共和国道路交通安全法》第九十条（具体法条 可警
99 13632 第一款、《中华人民共和国道路交通安全法实施 3 20 200 90 0 0 0
车道、穿插 或者占用对面车道、穿插等候车 条款同上） 告
条例》第五十三条第二款（具体法条条款同上）
等候车辆的 辆的
借道超车或 中型以上货车遇前方机动车停车
《中华人民共和国道路交通安全法》第四十五条
者占用对面 排队或者缓慢行驶时、借道超车 《中华人民共和国道路交通安全法》第九十条（具体法条 可警
100 13633 第一款、《中华人民共和国道路交通安全法实施 3 20 200 120 0 0 0
车道、穿插 或者占用对面车道、穿插等候车 条款同上） 告
条例》第五十三条第二款（具体法条条款同上）
等候车辆的 辆的
借道超车或 中型以上客车、危险物品运输车
《中华人民共和国道路交通安全法》第四十五条
者占用对面 辆、校车遇前方机动车停车排队 《中华人民共和国道路交通安全法》第九十条（具体法条 可警
101 13634 第一款、《中华人民共和国道路交通安全法实施 3 20 200 150 0 0 0
车道、穿插 或者缓慢行驶时、借道超车或者 条款同上） 告
条例》第五十三条第二款（具体法条条款同上）
等候车辆的 占用对面车道、穿插等候车辆的
《中华人民共和国道路交通安全法》第五十条第
一款货运机动车需要附载作业人员的 ，应当设置 《中华人民共和国道路交通安全法》第九十二条第二款货
保护作业人员的安全措施、《中华人民共和国道 运机动车超过核定载质量的，处二百元以上五百元以下罚
驾驶载货汽
驾驶低速、三轮载货汽车违反规 路交通安全法实施条例》第五十五条第二项载货 款；超过核定载质量百分之三十或者违反规定载客的 ，处 不可
102 13671 车违反规定 3 500 1000 500 0 0 0
定载客的 汽车车厢不得载客。在城市道路上，货运机动车 五百元以上二千元以下罚款、《新疆维吾尔自治区实施〈 警告
载客的
在留有安全位置的情况下，车厢内可以附载临时 道路交通安全法〉办法》第八十四条第五项违反规定载客
作业人员1人至5人；载物高度超过车厢栏板时， 的，处500元至1000元罚款
货物上不得载人。
驾驶载货汽 《中华人民共和国道路交通安全法》第五十条第 《中华人民共和国道路交通安全法》第九十二条第二款、
驾驶微型、轻型载货汽车违反规 不可
103 13672 车违反规定 一款、《中华人民共和国道路交通安全法实施条 《新疆维吾尔自治区实施〈道路交通安全法〉办法》第八 3 500 1000 700 0 0 0
定载客的 警告
载客的 例》第五十五条第二项（具体法条条款同上） 十四条第五项（具体法条条款同上）
驾驶载货汽 《中华人民共和国道路交通安全法》第五十条第 《中华人民共和国道路交通安全法》第九十二条第二款、
驾驶中型载货汽车违反规定载客 不可
104 13673 车违反规定 一款、《中华人民共和国道路交通安全法实施条 《新疆维吾尔自治区实施〈道路交通安全法〉办法》第八 3 500 1000 900 0 0 0
的 警告
载客的 例》第五十五条第二项（具体法条条款同上） 十四条第五项（具体法条条款同上）
驾驶载货汽 《中华人民共和国道路交通安全法》第五十条第 《中华人民共和国道路交通安全法》第九十二条第二款、
驾驶重型载货汽车违反规定载客 不可
105 13674 车违反规定 一款、《中华人民共和国道路交通安全法实施条 《新疆维吾尔自治区实施〈道路交通安全法〉办法》第八 3 500 1000 1000 0 0 0
的 警告
载客的 例》第五十五条第二项（具体法条条款同上） 十四条第五项（具体法条条款同上）
驾驶校车、
公路客运汽
车、旅游客
运汽车、7座 驾驶校车、公路客运汽车、旅游
《中华人民共和国道路交通安全法》第九十条机动车驾驶
以上载客汽 客运汽车、7座以上载客汽车以 《中华人民共和国道路交通安全法》第四十九条
人违反道路交通安全法律、法规关于道路通行规定的，处 可警
106 1368 车以外的其 外的其他载客汽车载人超过核定 机动车载人不得超过核定的人数，客运机动车不 3 20 200 150 0 0 0
警告或者二十元以上二百元以下罚款 。本法另有规定的， 告
他载客汽车 人数百分之二十以上未达到百分 得违反规定载货。
依照规定处罚。
载人超过核 之五十的
定人数百分
之二十以上
未达到百分
驾之车五时十有的其 《中华人民共和国道路交通安全法》第九十条机动车驾驶
《中华人民共和国道路交通安全法实施条例 》第
他妨碍安全 驾车时有其他妨碍安全驾驶的行 人违反道路交通安全法律、法规关于道路通行规定的，处 可警
107 1371 六十二条第三项拨打接听手持电话 、观看电视等 3 20 200 180 0 0 0
驾驶的行为 为的 警告或者二十元以上二百元以下罚款 。本法另有规定的， 告
妨碍安全驾驶的行为。
的 依照规定处罚。

违法 罚款 罚款 默认值 拘留 拘留 默认值 警告
序号 违法描述 违法内容 违法规定 法律条文 违法记分数 暂扣 吊销
行为 最小值 最大值 （指导基准） 最小 最大 （指导基准） 标记
《中华人民共和国道路交通安全法》第九十九条第一款第
一项、第二款有下列行为之一的，由公安机关交通管理部
门处二百元以上二千元以下罚款：
《中华人民共和国道路交通安全法实施条例 》第 （一）未取得机动车驾驶证、机动车驾驶证被吊销或者机
在驾驶证暂
在驾驶证暂扣期间驾驶营运客车 二十八条机动车驾驶人在机动车驾驶证丢失 、损 动车驾驶证被暂扣期间驾驶机动车的 ； 不可
108 16101 扣期间仍驾 6 200 2000 2000 0 15 10
的 毁、超过有效期或者被依法扣留、暂扣期间以及 行为人有前款第二项、第四项情形之一的，可以并处 警告
驶机动车的
记分达到12分的，不得驾驶机动车。 吊销机动车驾驶证；有第一项、第三项、第五项至第八项
情形之一的，可以并处十五日以下拘留。《新疆维吾尔自
治区实施〈道路交通安全法〉办法》第八十五条第一项驾
驶营运客车的，处2000元罚款。
《中华人民共和国道路交通安全法》第九十九条第一款第
在驾驶证暂
在驾驶证暂扣期间驾驶非营运客 《中华人民共和国道路交通安全法实施条例 》第 一项、第二款（具体法条条款同上）。《新疆维吾尔自治 不可
109 16102 扣期间仍驾 6 200 2000 1500 0 15 5
车的 二十八条（具体法条条款同上） 区实施〈道路交通安全法〉办法》第八十五条第二项驾驶 警告
驶机动车的
非营运客车的，处1500元罚款
《中华人民共和国道路交通安全法》第九十九条第一款第
在驾驶证暂
在驾驶证暂扣期间驾驶载货汽车 《中华人民共和国道路交通安全法实施条例 》第 一项、第二款（具体法条条款同上）。《新疆维吾尔自治 不可
110 16103 扣期间仍驾 6 200 2000 1000 0 15 7
的 二十八条（具体法条条款同上） 区实施〈道路交通安全法〉办法》第八十五条第三项驾驶 警告
驶机动车的
载货汽车的，处1000元罚款
《中华人民共和国道路交通安全法》第九十九条第一款第
在驾驶证暂
在驾驶证暂扣期间驾驶拖拉机、 《中华人民共和国道路交通安全法实施条例 》第 一项、第二款（具体法条条款同上）。《新疆维吾尔自治 不可
111 16104 扣期间仍驾 6 200 2000 200 0 15 3
摩托车等其他机动车的 二十八条（具体法条条款同上） 区实施〈道路交通安全法〉办法》第八十五条第四项驾驶 警告
驶机动车的
拖拉机、摩托车等其他机动车的，处200元罚款
《中华人民共和国道路交通安全法》第七十条第
一款在道路上发生交通事故，车辆驾驶人应当立 《中华人民共和国道路交通安全法》第九十九条第一款第
肇事逃逸 即停车，保护现场；造成人身伤亡的，车辆驾驶 三项造成交通事故后逃逸，尚不构成犯罪的、第二款行为
造成财产损失的交通事故后逃逸 不可
112 16431 （致财产损 人应当立即抢救受伤人员，并迅速报告执勤的交 人有前款第二项、第四项情形之一的，可以并处吊销机动 6 200 2000 1000 0 15 5
、尚不构成犯罪的 警告
失） 通警察或者公安机关交通管理部门 。因抢救受伤 车驾驶证；有第一项、第三项、第五项至第八项情形之一
人员变动现场的，应当标明位置。乘车人、过往 的，可以并处十五日以下拘留。
车辆驾驶人、过往行人应当予以协助。
肇事逃逸 造成致人轻微伤的交通事故后逃 《中华人民共和国道路交通安全法》第七十条第 《中华人民共和国道路交通安全法》第九十九条第一款第 不可
113 16432 （致人轻微 逸、尚不构成犯罪的 一款（具体法条条款同上） 三项、第二款（具体法条条款同上） 6 200 2000 1500 0 15 7 警告
伤）
驾驶7座以上 《中华人民共和国道路交通安全法》第四十九条
载客汽车载 机动车载人不得超过核定的人数，客运机动车不
《中华人民共和国道路交通安全法》第九十条机动车驾驶
人超过核定 驾驶7座以上载客汽车载人超过 得违反规定载货、《中华人民共和国道路交通安
人违反道路交通安全法律、法规关于道路通行规定的，处 可警
114 1647 人数百分之 核定人数百分之二十以上未达到 全法实施条例》第五十五条第一项高速公路、大 6 20 200 150 0 0 0
警告或者二十元以上二百元以下罚款 。本法另有规定的， 告
二十以上未 百分之五十的 中城市中心城区内的道路，禁止拖拉机通行。其
依照规定处罚。
达到百分之 他禁止拖拉机通行的道路，由省、自治区、直辖
五十的 市人民政府根据当地实际情况规定 。

违法 罚款 罚款 默认值 拘留 拘留 默认值 警告
序号 违法描述 违法内容 违法规定 法律条文 违法记分数 暂扣 吊销
行为 最小值 最大值 （指导基准） 最小 最大 （指导基准） 标记
驾驶校车、
公路客运汽
车、旅游客 《中华人民共和国道路交通安全法》第四十九条
运汽车、7座 驾驶校车、公路客运汽车、旅游 机动车载人不得超过核定的人数，客运机动车不
《中华人民共和国道路交通安全法》第九十条机动车驾驶
以上载客汽 客运汽车、7座以上载客汽车以 得违反规定载货、《中华人民共和国道路交通安
人违反道路交通安全法律、法规关于道路通行规定的，处 可警
115 1648 车以外的其 外的其他载客汽车载人超过核定 全法实施条例》第五十五条第一项高速公路、大 6 20 200 150 0 0 0
警告或者二十元以上二百元以下罚款 。本法另有规定的， 告
他载客汽车 人数百分之五十以上未达到百分 中城市中心城区内的道路，禁止拖拉机通行。其
依照规定处罚。
载人超过核 之百的 他禁止拖拉机通行的道路，由省、自治区、直辖
定人数百分 市人民政府根据当地实际情况规定 。
之五十以上
未达到百分
之百的
《中华人民共和国道路交通安全法》第九十一条第一款饮
《中华人民共和国道路交通安全法》第二十二条
酒后驾驶机动车的，处暂扣六个月机动车驾驶证，并处一
饮酒后驾驶摩托车、拖拉机等其 第二款饮酒、服用国家管制的精神药品或者麻醉 不可
116 17122 酒后驾车 千元以上二千元以下罚款。因饮酒后驾驶机动车被处罚， 12 1000 2000 1200 暂扣 0 0 0
他机动车的 药品，或者患有妨碍安全驾驶机动车的疾病 ，或 警告
再次饮酒后驾驶机动车的，处十日以下拘留，并处一千元
者过度疲劳影响安全驾驶的，不得驾驶机动车。
以上二千元以下罚款，吊销机动车驾驶证
饮酒后驾驶小型、微型非营运载 《中华人民共和国道路交通安全法》第二十二条 《中华人民共和国道路交通安全法》第九十一条第一款 不可
117 17123 酒后驾车 12 1000 2000 1400 暂扣 0 0 0
客汽车的 第二款（具体法条条款同上） （具体法条条款同上） 警告
饮酒后驾驶中型及以上载货汽车 《中华人民共和国道路交通安全法》第二十二条 《中华人民共和国道路交通安全法》第九十一条第一款 不可
118 17124 酒后驾车 12 1000 2000 1600 暂扣 0 0 0
的 第二款（具体法条条款同上） （具体法条条款同上） 警告
饮酒后驾驶中型及以上载客汽车 《中华人民共和国道路交通安全法》第二十二条 《中华人民共和国道路交通安全法》第九十一条第一款 不可
119 17125 酒后驾车 12 1000 2000 1800 暂扣 0 0 0
、危险物品运输车辆、校车的 第二款（具体法条条款同上） （具体法条条款同上） 警告
《中华人民共和国道路交通安全法》第七十条第
《中华人民共和国道路交通安全法》第九十九条第一款有
一款在道路上发生交通事故，车辆驾驶人应当立
下列行为之一的，由公安机关交通管理部门处二百元以上
即停车，保护现场；造成人身伤亡的，车辆驾驶
造成致人轻伤以上的交通事故后 二千元以下罚款：（三）造成交通事故后逃逸，尚不构成 不可
120 17321 肇事逃逸 人应当立即抢救受伤人员，并迅速报告执勤的交 12 200 2000 1800 0 15 10
逃逸、尚不构成犯罪的 犯罪的、第二款行为人有前款第二项、第四项情形之一 警告
通警察或者公安机关交通管理部门 。因抢救受伤
的，可以并处吊销机动车驾驶证；有第一项、第三项、第
人员变动现场的，应当标明位置。乘车人、过往
五项至第八项情形之一的，可以并处十五日以下拘留。
车辆驾驶人、过往行人应当予以协助。
造成致人死亡的交通事故后逃逸 《中华人民共和国道路交通安全法》第七十条第 《中华人民共和国道路交通安全法》第九十九条第一款第 不可
121 17322 肇事逃逸 12 200 2000 2000 0 15 15
、尚不构成犯罪的 一款（具体法条条款同上） 三项、第二款（具体法条条款同上） 警告
《中华人民共和国道路交通安全法实施条例 》第
《中华人民共和国道路交通安全法》第九十条机动车驾驶
八十二条机动车在高速公路上行驶 ，不得有下列
在城市快速 驾驶摩托车、拖拉机等其他机动 人违反道路交通安全法律、法规关于道路通行规定的，处 可警
122 17331 行为第一项倒车、逆行、穿越中央分隔带掉头或 12 20 200 180 0 0 0
路上倒车的 车在城市快速路上倒车的 警告或者二十元以上二百元以下罚款 。本法另有规定的， 告
者在车道内停车、第八十五条第一款城市快速路
依照规定处罚。
的道路交通安全管理，参照本节的规定执行。
《中华人民共和国道路交通安全法实施条例 》第
在城市快速 驾驶小型、微型非营运载客汽车 《中华人民共和国道路交通安全法》第九十条（具体法条 可警
123 17332 八十二条第一项、第八十五条第一款（具体法条 12 20 200 180 0 0 0
路上倒车的 在城市快速路上倒车的 条款同上） 告
条款同上）
《中华人民共和国道路交通安全法实施条例 》第
在城市快速 驾驶中型及以上载货汽车在城市 《中华人民共和国道路交通安全法》第九十条（具体法条 可警
124 17333 八十二条第一项、第八十五条第一款（具体法条 12 20 200 180 0 0 0
路上倒车的 快速路上倒车的 条款同上） 告
条款同上）
驾驶中型及以上载客汽车、危险 《中华人民共和国道路交通安全法实施条例 》第
在城市快速 《中华人民共和国道路交通安全法》第九十条（具体法条 可警
125 17334 物品运输车辆、校车在城市快速 八十二条第一项、第八十五条第一款（具体法条 12 20 200 180 0 0 0
路上倒车的 条款同上） 告
路上倒车的 条款同上）

违法 罚款 罚款 默认值 拘留 拘留 默认值 警告
序号 违法描述 违法内容 违法规定 法律条文 违法记分数 暂扣 吊销
行为 最小值 最大值 （指导基准） 最小 最大 （指导基准） 标记
《中华人民共和国道路交通安全法实施条例 》第
《中华人民共和国道路交通安全法》第九十条机动车驾驶
八十二条机动车在高速公路上行驶 ，不得有下列
在城市快速 驾驶摩托车、拖拉机等其他机动 人违反道路交通安全法律、法规关于道路通行规定的，处 可警
126 17341 行为第一项倒车、逆行、穿越中央分隔带掉头或 12 20 200 180 0 0 0
路上逆行的 车在城市快速路上逆行的 警告或者二十元以上二百元以下罚款 。本法另有规定的， 告
者在车道内停车、第八十五条第一款城市快速路
依照规定处罚。
的道路交通安全管理，参照本节的规定执行。
《中华人民共和国道路交通安全法实施条例 》第
在城市快速 驾驶小型、微型非营运载客汽车 《中华人民共和国道路交通安全法》第九十条（具体法条 可警
127 17342 八十二条第一项、第八十五条第一款（具体法条 12 20 200 180 0 0 0
路上逆行的 在城市快速路上逆行的 条款同上） 告
条款同上）
《中华人民共和国道路交通安全法实施条例 》第
在城市快速 驾驶中型及以上载货汽车在城市 《中华人民共和国道路交通安全法》第九十条（具体法条 可警
128 17343 八十二条第一项、第八十五条第一款（具体法条 12 20 200 180 0 0 0
路上逆行的 快速路上逆行的 条款同上） 告
条款同上）
驾驶中型及以上载客汽车、危险 《中华人民共和国道路交通安全法实施条例 》第
在城市快速 《中华人民共和国道路交通安全法》第九十条（具体法条 可警
129 17344 物品运输车辆、校车在城市快速 八十二条第一项、第八十五条第一款（具体法条 12 20 200 180 0 0 0
路上逆行的 条款同上） 告
路上逆行的 条款同上）
《中华人民共和国道路交通安全法实施条例 》第
在城市快速 《中华人民共和国道路交通安全法》第九十条机动车驾驶
驾驶摩托车、拖拉机等其他机动 八十二条机动车在高速公路上行驶 ，不得有下列
路上穿越中 人违反道路交通安全法律、法规关于道路通行规定的，处 可警
130 17351 车在城市快速路上穿越中央分隔 行为第一项倒车、逆行、穿越中央分隔带掉头或 12 20 200 180 0 0 0
央分隔带掉 警告或者二十元以上二百元以下罚款 。本法另有规定的， 告
带掉头的 者在车道内停车、第八十五条第一款城市快速路
头的 依照规定处罚。
的道路交通安全管理，参照本节的规定执行。
在城市快速 驾驶小型、微型非营运载客汽车 《中华人民共和国道路交通安全法实施条例 》第
131 17352 路上穿越中 在城市快速路上穿越中央分隔带 八十二条第一项、第八十五条第一款（具体法条 《中华人民共和国道路交通安全法》第九十条（具体法条 12 20 200 180 0 0 0 可警
央分隔带掉 掉头的 条款同上） 条款同上） 告
在城头市的快速
《中华人民共和国道路交通安全法实施条例 》第
132 17353 路上穿越中 驾驶中型及以上载货汽车在城市 八十二条第一项、第八十五条第一款（具体法条 《中华人民共和国道路交通安全法》第九十条（具体法条 12 20 200 180 0 0 0 可警
央分隔带掉 快速路上穿越中央分隔带掉头的 条款同上） 条款同上） 告
在城头市的快速
驾驶中型及以上载客汽车、危险 《中华人民共和国道路交通安全法实施条例 》第
133 17354 路上穿越中 物品运输车辆、校车在城市快速 八十二条第一项、第八十五条第一款（具体法条 《中华人民共和国道路交通安全法》第九十条（具体法条 12 20 200 180 0 0 0 可警
央分隔带掉 路上穿越中央分隔带掉头的 条款同上） 条款同上） 告
头的
《中华人民共和国道路交通安全法》第九十九条第一款有
下列行为之一的，由公安机关交通管理部门处二百元以上
二千元以下罚款第一项未取得机动车驾驶证 、机动车驾驶
证被吊销或者机动车驾驶证被暂扣期间驾驶机动车的 、第
二款行为人有前款第二项、第四项情形之一的，可以并处
《中华人民共和国道路交通安全法》第十九条第 吊销机动车驾驶证；有第一项、第三项、第五项至第八项
驾驶与驾驶证载明的准驾车型不 四款驾驶人应当按照驾驶证载明的准驾车型驾驶 情形之一的，可以并处十五日以下拘留，《新疆维吾尔自 不可
134 19011 准驾不符 9 200 2000 1500 0 15 5
符的非营运车辆的 机动车；驾驶机动车时，应当随身携带机动车驾 治区实施〈道路交通安全法〉办法》第八十五第一款未取 警告
驶证。 得机动车驾驶证、机动车驾驶证被吊销或者被暂扣期间驾
驶机动车，或者将机动车交由未取得机动车驾驶证 、机动
车驾驶证被吊销或者被暂扣期间的人驾驶的 ，按照以下规
定处罚：第二项驾驶非营运客车的，处1500元罚款、第二
款驾驶与驾驶证载明的准驾车型不相符合的车辆的 ，按未
取得机动车驾驶证给予处罚。

违法 罚款 罚款 默认值 拘留 拘留 默认值 警告
序号 违法描述 违法内容 违法规定 法律条文 违法记分数 暂扣 吊销
行为 最小值 最大值 （指导基准） 最小 最大 （指导基准） 标记
《中华人民共和国道路交通安全法》第九十九条第一款有
下列行为之一的，由公安机关交通管理部门处二百元以上
二千元以下罚款第一项未取得机动车驾驶证 、机动车驾驶
证被吊销或者机动车驾驶证被暂扣期间驾驶机动车的 、第
二款行为人有前款第二项、第四项情形之一的，可以并处
吊销机动车驾驶证；有第一项、第三项、第五项至第八项
驾驶与驾驶证载明的准驾车型不 《中华人民共和国道路交通安全法》第十九条第 情形之一的，可以并处十五日以下拘留，《新疆维吾尔自 不可
135 19012 准驾不符 9 200 2000 1000 0 15 7
符的载货汽车 四款（具体法条条款同上） 治区实施〈道路交通安全法〉办法》第八十五第一款未取 警告
得机动车驾驶证、机动车驾驶证被吊销或者被暂扣期间驾
驶机动车，或者将机动车交由未取得机动车驾驶证 、机动
车驾驶证被吊销或者被暂扣期间的人驾驶的 ，按照以下规
定处罚：第三项驾驶载货汽车的，处1000元罚款、第二款
驾驶与驾驶证载明的准驾车型不相符合的车辆的 ，按未取
得机动车驾驶证给予处罚。
《中华人民共和国道路交通安全法》第九十九条第一款有
下列行为之一的，由公安机关交通管理部门处二百元以上
二千元以下罚款第一项未取得机动车驾驶证 、机动车驾驶
证被吊销或者机动车驾驶证被暂扣期间驾驶机动车的 、第
二款行为人有前款第二项、第四项情形之一的，可以并处
吊销机动车驾驶证；有第一项、第三项、第五项至第八项
驾驶与驾驶证载明的准驾车型不
《中华人民共和国道路交通安全法》第十九条第 情形之一的，可以并处十五日以下拘留，《新疆维吾尔自 不可
136 19013 准驾不符 符的拖拉机、摩托车等其他机动 9 200 2000 200 0 15 3
四款（具体法条条款同上） 治区实施〈道路交通安全法〉办法》第八十五第一款未取 警告
车的
得机动车驾驶证、机动车驾驶证被吊销或者被暂扣期间驾
驶机动车，或者将机动车交由未取得机动车驾驶证 、机动
车驾驶证被吊销或者被暂扣期间的人驾驶的 ，按照以下规
定处罚：第四项驾驶载货汽车的，处200元罚款、第二款
驾驶与驾驶证载明的准驾车型不相符合的车辆的 ，按未取
得机动车驾驶证给予处罚。
《中华人民共和国道路交通安全法》第九十九条第一款有
下列行为之一的，由公安机关交通管理部门处二百元以上
二千元以下罚款第一项未取得机动车驾驶证 、机动车驾驶
证被吊销或者机动车驾驶证被暂扣期间驾驶机动车的 、第
二款行为人有前款第二项、第四项情形之一的，可以并处
吊销机动车驾驶证；有第一项、第三项、第五项至第八项
驾驶与驾驶证载明的准驾车型不 《中华人民共和国道路交通安全法》第十九条第 情形之一的，可以并处十五日以下拘留，《新疆维吾尔自 不可
137 19014 准驾不符 9 200 2000 2000 0 15 10
符的营运客车 四款（具体法条条款同上） 治区实施〈道路交通安全法〉办法》第八十五第一款未取 警告
得机动车驾驶证、机动车驾驶证被吊销或者被暂扣期间驾
驶机动车，或者将机动车交由未取得机动车驾驶证 、机动
车驾驶证被吊销或者被暂扣期间的人驾驶的 ，按照以下规
定处罚：（一）驾驶营运客车的，处2000元罚款；、第二
款驾驶与驾驶证载明的准驾车型不相符合的车辆的 ，按未
取得机动车驾驶证给予处罚。

违法 罚款 罚款 默认值 拘留 拘留 默认值 警告
序号 违法描述 违法内容 违法规定 法律条文 违法记分数 暂扣 吊销
行为 最小值 最大值 （指导基准） 最小 最大 （指导基准） 标记
《中华人民共和国道路交通安全法》第九十五条第一款上
道路行驶的机动车未悬挂机动车号牌 ，未放置检验合格标
志、保险标志，或者未随车携带行驶证、驾驶证的，公安
上道路行驶 《中华人民共和国道路交通安全法》第十一条第 机关交通管理部门应当扣留机动车 ，通知当事人提供相应
驾驶未悬挂机动车号牌的摩托车
的机动车未 一款驾驶机动车上道路行驶，应当悬挂机动车号 的牌证、标志或者补办相应手续，并可以依照本法第九十 可警
138 19021 、拖拉机等其他机动车上道路行 9 20 200 180 0 0 0
悬挂机动车 牌，放置检验合格标志、保险标志，并随车携带 条的规定予以处罚。当事人提供相应的牌证、标志或者补 告
驶的
号牌的 机动车行驶证。 办相应手续的，应当及时退还机动车、第九十条机动车驾
驶人违反道路交通安全法律、法规关于道路通行规定的，
处警告或者二十元以上二百元以下罚款 。本法另有规定
的，依照规定处罚。
上道路行驶 驾驶未悬挂机动车号牌的小型、
139 19022 的机动车未 微型非营运载客汽车上道路行驶 《中华人民共和国道路交通安全法》第十一条第 《中华人民共和国道路交通安全法》第九十五条第一款、 9 20 200 180 0 0 0 可警
悬挂机动车 的 一款（具体法条条款同上） 第九十条（具体法条条款同上） 告
上道号路牌行的驶
140 19023 的机动车未 驾驶未悬挂机动车号牌的中型及 《中华人民共和国道路交通安全法》第十一条第 《中华人民共和国道路交通安全法》第九十五条第一款、 9 20 200 180 0 0 0 可警
悬挂机动车 以上载货汽车上道路行驶的 一款（具体法条条款同上） 第九十条（具体法条条款同上） 告
上道号路牌行的驶
驾驶未悬挂机动车号牌的中型及
141 19024 的机动车未 以上载客汽车、危险物品运输车 《中华人民共和国道路交通安全法》第十一条第 《中华人民共和国道路交通安全法》第九十五条第一款、 9 20 200 180 0 0 0 可警
悬挂机动车 辆、校车上道路行驶的 一款（具体法条条款同上） 第九十条（具体法条条款同上） 告
号牌的
《中华人民共和国道路交通安全法》第九十五条第一款上
道路行驶的机动车未悬挂机动车号牌 ，未放置检验合格标
志、保险标志，或者未随车携带行驶证、驾驶证的，公安
机关交通管理部门应当扣留机动车 ，通知当事人提供相应
驾驶故意遮挡机动车号牌的摩托 《中华人民共和国道路交通安全法》第十一条第
故意遮挡机 的牌证、标志或者补办相应手续，并可以依照本法第九十 可警
142 19031 车、拖拉机等其他机动车上道路 二款机动车号牌应当按照规定悬挂并保持清晰 、 9 20 200 180 0 0 0
动车号牌的 条的规定予以处罚。当事人提供相应的牌证、标志或者补 告
行驶的 完整，不得故意遮挡、污损。
办相应手续的，应当及时退还机动车、第九十条机动车驾
驶人违反道路交通安全法律、法规关于道路通行规定的，
处警告或者二十元以上二百元以下罚款 。本法另有规定
的，依照规定处罚。
故意遮挡机 驾驶故意遮挡机动车号牌的小型 《中华人民共和国道路交通安全法》第十一条第 《中华人民共和国道路交通安全法》第九十五条第一款、 可警
143 19032 动车号牌的 、微型非营运载客汽车上道路行 二款（具体法条条款同上） 第九十条（具体法条条款同上） 9 20 200 180 0 0 0 告
故意遮挡机 驾驶故意遮挡机驶动的车号牌的中型 《中华人民共和国道路交通安全法》第十一条第 《中华人民共和国道路交通安全法》第九十五条第一款、 可警
144 19033 9 20 200 180 0 0 0
动车号牌的 及以上载货汽车上道路行驶的 二款（具体法条条款同上） 第九十条（具体法条条款同上） 告
驾驶故意遮挡机动车号牌的中型
故意遮挡机 《中华人民共和国道路交通安全法》第十一条第 《中华人民共和国道路交通安全法》第九十五条第一款、 可警
145 19034 及以上载客汽车、危险物品运输 9 20 200 180 0 0 0
动车号牌的 二款（具体法条条款同上） 第九十条（具体法条条款同上） 告
车辆、校车上道路行驶的
《中华人民共和国道路交通安全法》第九十五条第一款上
道路行驶的机动车未悬挂机动车号牌 ，未放置检验合格标
志、保险标志，或者未随车携带行驶证、驾驶证的，公安
机关交通管理部门应当扣留机动车 ，通知当事人提供相应
驾驶故意污损机动车号牌的摩托 《中华人民共和国道路交通安全法》第十一条第
故意污损机 的牌证、标志或者补办相应手续，并可以依照本法第九十 可警
146 19041 车、拖拉机等其他机动车上道路 二款机动车号牌应当按照规定悬挂并保持清晰 、 9 20 200 180 0 0 0
动车号牌的 条的规定予以处罚。当事人提供相应的牌证、标志或者补 告
行驶的 完整，不得故意遮挡、污损。
办相应手续的，应当及时退还机动车、第九十条机动车驾
驶人违反道路交通安全法律、法规关于道路通行规定的，
处警告或者二十元以上二百元以下罚款 。本法另有规定
的，依照规定处罚。
故意污损机 驾驶故意污损机动车号牌的小型 《中华人民共和国道路交通安全法》第十一条第 《中华人民共和国道路交通安全法》第九十五条第一款、 可警
147 19042 动车号牌的 、微型非营运载客汽车上道路行 二款（具体法条条款同上） 第九十条（具体法条条款同上） 9 20 200 180 0 0 0 告
故意污损机 驾驶故意污损机驶动的车号牌的中型 《中华人民共和国道路交通安全法》第十一条第 《中华人民共和国道路交通安全法》第九十五条第一款、 可警
148 19043 9 20 200 180 0 0 0
动车号牌的 及以上载货汽车上道路行驶的 二款（具体法条条款同上） 第九十条（具体法条条款同上） 告

违法 罚款 罚款 默认值 拘留 拘留 默认值 警告
序号 违法描述 违法内容 违法规定 法律条文 违法记分数 暂扣 吊销
行为 最小值 最大值 （指导基准） 最小 最大 （指导基准） 标记
驾驶故意污损机动车号牌的中型
故意污损机 《中华人民共和国道路交通安全法》第十一条第 《中华人民共和国道路交通安全法》第九十五条第一款、 可警
149 19044 及以上载客汽车、危险物品运输 9 20 200 180 0 0 0
动车号牌的 二款（具体法条条款同上） 第九十条（具体法条条款同上） 告
车辆、校车上道路行驶的
《中华人民共和国道路交通安全法实施条例 》第
驾驶机动车 《中华人民共和国道路交通安全法》第九十条机动车驾驶
驾驶摩托车、拖拉机等其他机动 八十二条机动车在高速公路上行驶 ，不得有下列
在城市快速 人违反道路交通安全法律、法规关于道路通行规定的，处 可警
150 19051 车在城市快速路行车道上违法停 行为：第一项倒车、逆行、穿越中央分隔带掉头 9 20 200 180 0 0 0
路行车道上 警告或者二十元以上二百元以下罚款 。本法另有规定的， 告
车的 或者在车道内停车、第八十五条第一款 城市快速
违法停车的 依照规定处罚。
路的道路交通安全管理，参照本节的规定执行。
驾驶机动车
驾驶小型、微型非营运载客汽车 《中华人民共和国道路交通安全法实施条例 》第
在城市快速 《中华人民共和国道路交通安全法》第九十条（具体法条 可警
151 19052 在城市快速路行车道上违法停车 八十二条第一项、第八十五条第一款（具体法条 9 20 200 180 0 0 0
路行车道上 条款同上） 告
的 条款同上）
违法停车的
驾驶机动车
《中华人民共和国道路交通安全法实施条例 》第
在城市快速 驾驶中型及以上载货汽车在城市 《中华人民共和国道路交通安全法》第九十条（具体法条 可警
152 19053 八十二条第一项、第八十五条第一款（具体法条 9 20 200 180 0 0 0
路行车道上 快速路行车道上违法停车的 条款同上） 告
条款同上）
违法停车的
驾驶机动车
驾驶中型及以上载客汽车、危险 《中华人民共和国道路交通安全法实施条例 》第
在城市快速 《中华人民共和国道路交通安全法》第九十条（具体法条 可警
153 19054 物品运输车辆、校车在城市快速 八十二条第一项、第八十五条第一款（具体法条 9 20 200 180 0 0 0
路行车道上 条款同上） 告
路行车道上违法停车的 条款同上）
违法停车的
驾驶机动车 《中华人民共和国道路交通安全法实施条例 》第
《中华人民共和国道路交通安全法》第九十条机动车驾驶
非紧急情况 驾驶摩托车、拖拉机等其他机动 八十二条 机动车在高速公路上行驶，不得有下列
人违反道路交通安全法律、法规关于道路通行规定的，处 可警
154 19061 下在城市快 车非紧急情况下在城市快速路应 行为：第四项非紧急情况时在应急车道行驶或者 9 20 200 180 0 0 0
警告或者二十元以上二百元以下罚款 。本法另有规定的， 告
速路应急车 急车道上停车的 停车、第八十五条第一款城市快速路的道路交通
依照规定处罚。
道上停车的 安全管理，参照本节的规定执。
驾驶机动车
非紧急情况 驾驶小型、微型非营运载客汽车 《中华人民共和国道路交通安全法实施条例 》第
《中华人民共和国道路交通安全法》第九十条（具体法条 可警
155 19062 下在城市快 非紧急情况下在城市快速路应急 八十二条第四项、第八十五条第一款（具体法条 9 20 200 180 0 0 0
条款同上） 告
速路应急车 车道上停车的 条款同上）
道上停车的
驾驶机动车
非紧急情况 驾驶中型及以上载货汽车非紧急 《中华人民共和国道路交通安全法实施条例 》第
《中华人民共和国道路交通安全法》第九十条（具体法条 可警
156 19063 下在城市快 情况下在城市快速路应急车道上 八十二条第四项、第八十五条第一款（具体法条 9 20 200 180 0 0 0
条款同上） 告
速路应急车 停车的 条款同上）
道上停车的
驾驶机动车
驾驶中型及以上载客汽车、危险
非紧急情况 《中华人民共和国道路交通安全法实施条例 》第
物品运输车辆、校车非紧急情况 《中华人民共和国道路交通安全法》第九十条（具体法条 可警
157 19064 下在城市快 八十二条第四项、第八十五条第一款（具体法条 9 20 200 180 0 0 0
下在城市快速路应急车道上停车 条款同上） 告
速路应急车 条款同上）
的
道上停车的
《中华人民共和国道路交通安全法》第二十二条 《中华人民共和国道路交通安全法》第九十条机动车驾驶
连续驾驶中
第二款饮酒、服用国家管制的精神药品或者麻醉 人违反道路交通安全法律、法规关于道路通行规定的，处
型以上载客
药品，或者患有妨碍安全驾驶机动车的疾病 ，或 警告或者二十元以上二百元以下罚款 。本法另有规定的，
汽车超过4小 连续驾驶中型以上载客汽车超过
者过度疲劳影响安全驾驶的，不得驾驶机动车、 依照规定处罚。《新疆维吾尔自治区实施〈道路交通安全 可警
158 1907 时未停车休 4小时未停车休息或者停车休息 9 20 200 100 0 0 0
《中华人民共和国道路交通安全法实施条例 》第 法〉办法》第七十八条驾驶机动车有下列行为之一的 ，处 告
息或者停车 时间少于20分钟的
六十二条驾驶机动车不得有下列行为 ：第七项连 100元罚款：
休息时间少
续驾驶机动车超过4小时未停车休息或者停车休息 （一）连续驾驶机动车超过4小时未停车休息或者停车休
于20分钟的
时间少于20分钟。 息时间少于20分钟的；

违法 罚款 罚款 默认值 拘留 拘留 默认值 警告
序号 违法描述 违法内容 违法规定 法律条文 违法记分数 暂扣 吊销
行为 最小值 最大值 （指导基准） 最小 最大 （指导基准） 标记
《中华人民共和国道路交通安全法》第二十二条 《中华人民共和国道路交通安全法》第九十条机动车驾驶
连续驾驶危
第二款饮酒、服用国家管制的精神药品或者麻醉 人违反道路交通安全法律、法规关于道路通行规定的，处
险物品运输
药品，或者患有妨碍安全驾驶机动车的疾病 ，或 警告或者二十元以上二百元以下罚款 。本法另有规定的，
车辆超过4小 连续驾驶危险物品运输车辆超过
者过度疲劳影响安全驾驶的，不得驾驶机动车、 依照规定处罚。《新疆维吾尔自治区实施〈道路交通安全 可警
159 1908 时未停车休 4小时未停车休息或者停车休息 9 20 200 100 0 0 0
《中华人民共和国道路交通安全法实施条例 》第 法〉办法》第七十八条驾驶机动车有下列行为之一的 ，处 告
息或者停车 时间少于20分钟的
六十二条驾驶机动车不得有下列行为 ：第七项连 100元罚款：
休息时间少
续驾驶机动车超过4小时未停车休息或者停车休息 （一）连续驾驶机动车超过4小时未停车休息或者停车休
于20分钟的
时间少于20分钟。 息时间少于20分钟的；
驾驶人未取 《校车安全管理条例》第二十五条 机动车驾驶 《校车安全管理条例》第四十七条机动车驾驶人未取得校
可以
得校车驾驶 驾驶人未取得校车驾驶资格驾驶 人未取得校车驾驶资格，不得驾驶校车。禁止聘 车驾驶资格驾驶校车的，由公安机关交通管理部门处1000 不可
160 1909 9 1000 3000 2800 并处 0 0 0
资格驾驶校 校车的 用未取得校车驾驶资格的机动车驾驶人驾驶校车 元以上3000元以下的罚款，情节严重的，可以并处吊销机 警告
吊销
车的 。 动车驾驶证。
驾驶7座以上
载客汽车载 《中华人民共和国道路交通安全法》第九十条机动车驾驶
人超过核定 驾驶7座以上载客汽车载人超过 《中华人民共和国道路交通安全法》第四十九条 人违反道路交通安全法律、法规关于道路通行规定的，处 可警
161 1912 人数百分之 核定人数百分之五十以上未达到 机动车载人不得超过核定的人数，客运机动车不 警告或者二十元以上二百元以下罚款 。本法另有规定的， 9 20 200 180 0 0 0 告
五十以上未 百分之百的 得违反规定载货。 依照规定处罚。
达到百分之
百的
《中华人民共和国道路交通安全法》第七十条第 《中华人民共和国道路交通安全法》第九十九条第一款第
一款在道路上发生交通事故，车辆驾驶人应当立 一项、第二款有下列行为之一的，由公安机关交通管理部
即停车，保护现场；造成人身伤亡的，车辆驾驶 门处二百元以上二千元以下罚款：
肇事逃逸、 非机动车造成致人轻伤以上的交 不可
162 20011 人应当立即抢救受伤人员，并迅速报告执勤的交 （三）造成交通事故后逃逸，尚不构成犯罪的； 0 200 2000 1500 0 15 10
未犯罪 通事故后逃逸、尚不构成犯罪的 警告
通警察或者公安机关交通管理部门 。因抢救受伤 行为人有前款第二项、第四项情形之一的，可以并处
人员变动现场的，应当标明位置。乘车人、过往 吊销机动车驾驶证；有第一项、第三项、第五项至第八项
车辆驾驶人、过往行人应当予以协助。 情形之一的，可以并处十五日以下拘留。
肇事逃逸、 非机动车造成致人死亡的交通事 《中华人民共和国道路交通安全法》第七十条第 《中华人民共和国道路交通安全法》第九十九条第一款第 不可
163 20012 0 200 2000 2000 0 15 15
未犯罪 故后逃逸、尚不构成犯罪的 一款（具体法条条款同上） 三项、第二款（具体法条条款同上） 警告
肇事逃逸、 非机动车造成财产损失的交通事 《中华人民共和国道路交通安全法》第七十条第 《中华人民共和国道路交通安全法》第九十九条第一款第 不可
164 20013 0 200 2000 500 0 15 5
未犯罪 故后逃逸,尚不构成犯罪的 一款（具体法条条款同上） 三项、第二款（具体法条条款同上） 警告
肇事逃逸、 非机动车造成致人轻微伤的交通 《中华人民共和国道路交通安全法》第七十条第 《中华人民共和国道路交通安全法》第九十九条第一款第 不可
165 20014 0 200 2000 1000 0 15 7
未犯罪 事故后逃逸,尚不构成犯罪的 一款（具体法条条款同上） 三项、第二款（具体法条条款同上） 警告
《中华人民共和国道路交通安全法》第九十九条 《中华人民共和国道路交通安全法》第九十九条有下列行
违反交通管 非机动车违反交通管制的规定强 有下列行为之一的，由公安机关交通管理部门处 为之一的，由公安机关交通管理部门处二百元以上二千元 不可
166 2002 0 200 2000 2000 0 15 15
制 行通行、不听劝阻的 二百元以上二千元以下罚款：第六项违反交通管 以下罚款：第六项违反交通管制的规定强行通行 ，不听劝 警告
制的规定强行通行，不听劝阻的。 阻的。
《中华人民共和国道路交通安全法》第五十五条第一款第
《中华人民共和国道路交通安全法》第五十五条
一种行为高速公路、大中城市中心城区内的道路，禁止拖
第一款高速公路、大中城市中心城区内的道路，
拉机通行、第六十七条第三种行为行人、非机动车、拖拉
禁止拖拉机通行。其他禁止拖拉机通行的道路，
机、轮式专用机械车、铰接式客车、全挂拖斗车以及其他
由省、自治区、直辖市人民政府根据当地实际情
拖拉机驶入 设计最高时速低于七十公里的机动车 ，不得进入高速公路 可警
167 4002 拖拉机驶入高速公路的 况规定、第六十七条行人、非机动车、拖拉机、 0 20 200 60 0 0 0
高速公路 。高速公路限速标志标明的最高时速不得超过一百二十公 告
轮式专用机械车、铰接式客车、全挂拖斗车以及
里。《中华人民共和国道路交通安全法》第九十条机动车
其他设计最高时速低于七十公里的机动车 ，不得
驾驶人违反道路交通安全法律、法规关于道路通行规定
进入高速公路。高速公路限速标志标明的最高时
的，处警告或者二十元以上二百元以下罚款 。本法另有规
速不得超过一百二十公里。
定的，依照规定处罚。

违法 罚款 罚款 默认值 拘留 拘留 默认值 警告
序号 违法描述 违法内容 违法规定 法律条文 违法记分数 暂扣 吊销
行为 最小值 最大值 （指导基准） 最小 最大 （指导基准） 标记
匝道驶入车 《中华人民共和国道路交通安全法实施条例 》第 《中华人民共和国道路交通安全法》第九十条机动车驾驶
摩托车从匝道进入高速公路时妨
辆妨碍高速 七十九条第一款机动车从匝道驶入高速公路 ，应 人违反道路交通安全法律、法规关于道路通行规定的，处 可警
168 40061 碍已在高速公路内的机动车正常 0 20 200 60 0 0 0
公路正常行 当开启左转向灯，在不妨碍已在高速公路内的机 警告或者二十元以上二百元以下罚款 。本法另有规定的， 告
行驶的
驶车辆 动车正常行驶的情况下驶入车道。 依照规定处罚。
匝道驶入车 小、微型机动车从匝道进入高速
169 40062 辆妨碍高速 公路时妨碍已在高速公路内的机 《中华人民共和国道路交通安全法实施条例 》第 《中华人民共和国道路交通安全法》第九十条（具体法条 0 20 200 90 0 0 0 可警
公路正常行 动车正常行驶的 七十九条第一款（具体法条条款同上） 条款同上） 告
匝道驶驶车入辆车
中型以上载货汽车从匝道进入高
170 40063 辆妨碍高速 速公路时妨碍已在高速公路内的 《中华人民共和国道路交通安全法实施条例 》第 《中华人民共和国道路交通安全法》第九十条（具体法条 0 20 200 120 0 0 0 可警
公路正常行 机动车正常行驶的 七十九条第一款（具体法条条款同上） 条款同上） 告
驶车辆
匝道驶入车 中型以上载客汽车、危化品运输
辆妨碍高速 车辆、校车从匝道进入高速公路 《中华人民共和国道路交通安全法实施条例 》第 《中华人民共和国道路交通安全法》第九十条（具体法条 可警
171 40064 0 20 200 150 0 0 0
公路正常行 时妨碍已在高速公路内的机动车 七十九条第一款（具体法条条款同上） 条款同上） 告
驶车辆 正常行驶的
《中华人民共和国道路交通安全法实施条例 》第
八十一条第一款机动车在高速公路上行驶 ，遇有
雾、雨、雪、沙尘、冰雹等低能见度气象条件
时，应当遵守下列规定：（一）能见度小于200米
时，开启雾灯、近光灯、示廓灯和前后位灯，车
《中华人民共和国道路交通安全法》第九十条机动车驾驶
低能见度条 速不得超过每小时60公里，与同车道前车保持100
摩托车在高速公路上行驶、遇低 人违反道路交通安全法律、法规关于道路通行规定的，处 可警
172 40171 件下不按规 米以上的距离；（二）能见度小于100米时，开启 0 20 200 60 0 0 0
能见度条件时不按规定行驶 警告或者二十元以上二百元以下罚款 。本法另有规定的， 告
定行驶 雾灯、近光灯、示廓灯、前后位灯和危险报警闪
依照规定处罚。
光灯，车速不得超过每小时40公里，与同车道前
车保持50米以上的距离；（三）能见度小于50米
时，开启雾灯、近光灯、示廓灯、前后位灯和危
险报警闪光灯，车速不得超过每小时20公里，并
从最近的出口尽快驶离高速公路。
低能见度条 小、微型机动车在高速公路上行
《中华人民共和国道路交通安全法实施条例 》第 《中华人民共和国道路交通安全法》第九十条（具体法条 可警
173 40172 件下不按规 驶、遇低能见度条件时不按规定 0 20 200 90 0 0 0
八十一条第一款（具体法条条款同上） 条款同上） 告
定行驶 行驶
低能见度条 中型以上载货汽车在高速公路上
《中华人民共和国道路交通安全法实施条例 》第 《中华人民共和国道路交通安全法》第九十条（具体法条 可警
174 40173 件下不按规 行驶、遇低能见度条件时不按规 0 20 200 120 0 0 0
八十一条第一款（具体法条条款同上） 条款同上） 告
定行驶 定行驶
低能见度条 中型以上载客汽车、危化品运输
《中华人民共和国道路交通安全法实施条例 》第 《中华人民共和国道路交通安全法》第九十条（具体法条 可警
175 40174 件下不按规 车辆、校车在高速公路上行驶、 0 20 200 150 0 0 0
八十一条第一款（具体法条条款同上） 条款同上） 告
定行驶 遇低能见度条件时不按规定行驶
《中华人民共和国道路交通安全法》第六十七条
行人、非机动车、拖拉机、轮式专用机械车、铰 《中华人民共和国道路交通安全法》第九十条机动车驾驶
低速车辆驶 驾驶设计最高时速低于70公里的 接式客车、全挂拖斗车以及其他设计最高时速低 人违反道路交通安全法律、法规关于道路通行规定的，处 可警
176 4018 0 20 200 60 0 0 0
入高速公路 机动车进入高速公路的 于七十公里的机动车，不得进入高速公路。高速 警告或者二十元以上二百元以下罚款 。本法另有规定的， 告
公路限速标志标明的最高时速不得超过一百二十 依照规定处罚。
公里。

违法 罚款 罚款 默认值 拘留 拘留 默认值 警告
序号 违法描述 违法内容 违法规定 法律条文 违法记分数 暂扣 吊销
行为 最小值 最大值 （指导基准） 最小 最大 （指导基准） 标记
《中华人民共和国道路交通安全法》第九十条机动车驾驶
人违反道路交通安全法律、法规关于道路通行规定的，处
驾驶机动车 《中华人民共和国道路交通安全法实施条例 》第
警告或者二十元以上二百元以下罚款 。本法另有规定的，
在高速公路 驾驶机动车在高速公路行车道上 八十二条 机动车在高速公路上行驶，不得有下列 可警
177 4901 依照规定处罚。《新疆维吾尔自治区实施〈中华人民共和 9 20 200 200 0 0 0
行车道上违 违法停车的 行为：第一项倒车、逆行、穿越中央分隔带掉头 告
国道路交通安全法〉办法》第八十条 驾驶机动车在高速
法停车的 或者在车道内停车。
公路上有下列行为之一的，处200元罚款：（五）倒车、
逆行、穿越中央分隔带掉头或者在车道内停车的 ；
《中华人民共和国道路交通安全法》第九十条机动车驾驶
驾驶机动车 人违反道路交通安全法律、法规关于道路通行规定的，处
《中华人民共和国道路交通安全法实施条例 》第
非紧急情况 警告或者二十元以上二百元以下罚款 。本法另有规定的，
驾驶机动车非紧急情况下在高速 八十二条 机动车在高速公路上行驶，不得有下列 可警
178 4902 下在高速公 依照规定处罚。《新疆维吾尔自治区实施〈中华人民共和 9 20 200 200 0 0 0
公路应急车道上停车的 行为：第四项非紧急情况时在应急车道行驶或者 告
路应急车道 国道路交通安全法〉办法》第八十条 驾驶机动车在高速
停车。
上停车的 公路上有下列行为之一的，处200元罚款：（九）非紧急
情况在应急车道行驶或停车的；
《中华人民共和国道路交通安全法》第九十六条第一款
《中华人民共和国道路交通安全法》第十六条任
伪造、变造 伪造、变造或者使用伪造、变造的机动车登记证书、号牌
何单位或者个人不得有下列行为：第三项伪造、 不可
179 50012 机动车登记 伪造、变造摩托车登记证书的 、行驶证、驾驶证的，由公安机关交通管理部门予以收 0 2000 5000 2000 1 15 3
变造或者使用伪造、变造的机动车登记证书、号 警告
证书 缴，扣留该机动车，处十五日以下拘留，并处二千元以上
牌、行驶证、检验合格标志、保险标志。
五千元以下罚款；构成犯罪的，依法追究刑事责任。
《中华人民共和国道路交通安全法》第九十六条第一款
伪造、变造 伪造、变造或者使用伪造、变造的机动车登记证书、号牌
伪造、变造小、微型机动车登记 《中华人民共和国道路交通安全法》第十六条第 不可
180 50013 机动车登记 、行驶证、驾驶证的，由公安机关交通管理部门予以收 0 2000 5000 2500 1 15 5
证书的 三项（具体法条条款同上） 警告
证书 缴，扣留该机动车，处十五日以下拘留，并处二千元以上
五千元以下罚款；构成犯罪的，依法追究刑事责任。
《中华人民共和国道路交通安全法》第九十六条第一款
伪造、变造 伪造、变造或者使用伪造、变造的机动车登记证书、号牌
伪造、变造中型以上货车登记证 《中华人民共和国道路交通安全法》第十六条第 不可
181 50014 机动车登记 、行驶证、驾驶证的，由公安机关交通管理部门予以收 0 2000 5000 3500 1 15 7
书的 三项（具体法条条款同上） 警告
证书 缴，扣留该机动车，处十五日以下拘留，并处二千元以上
五千元以下罚款；构成犯罪的，依法追究刑事责任。
《中华人民共和国道路交通安全法》第九十六条第一款
伪造、变造 伪造、变造或者使用伪造、变造的机动车登记证书、号牌
伪造、变造中型以上客车、危险 《中华人民共和国道路交通安全法》第十六条第 不可
182 50015 机动车登记 、行驶证、驾驶证的，由公安机关交通管理部门予以收 0 2000 5000 4500 1 15 10
物品运输车辆、校车登记证书的 三项（具体法条条款同上） 警告
证书 缴，扣留该机动车，处十五日以下拘留，并处二千元以上
五千元以下罚款；构成犯罪的，依法追究刑事责任。
《中华人民共和国道路交通安全法》第九十六条第一款
《中华人民共和国道路交通安全法》第十六条任
伪造、变造或者使用伪造、变造的机动车登记证书、号牌
伪造、变造 何单位或者个人不得有下列行为：第三项伪造、 不可
183 50022 伪造、变造摩托车号牌的 、行驶证、驾驶证的，由公安机关交通管理部门予以收 0 2000 5000 2000 1 15 3
机动车号牌 变造或者使用伪造、变造的机动车登记证书、号 警告
缴，扣留该机动车，处十五日以下拘留，并处二千元以上
牌、行驶证、检验合格标志、保险标志。
五千元以下罚款；构成犯罪的，依法追究刑事责任。

违法 罚款 罚款 默认值 拘留 拘留 默认值 警告
序号 违法描述 违法内容 违法规定 法律条文 违法记分数 暂扣 吊销
行为 最小值 最大值 （指导基准） 最小 最大 （指导基准） 标记
《中华人民共和国道路交通安全法》第九十六条第一款
伪造、变造或者使用伪造、变造的机动车登记证书、号牌
伪造、变造 伪造、变造小、微型机动车号牌 《中华人民共和国道路交通安全法》第十六条第 不可
184 50023 、行驶证、驾驶证的，由公安机关交通管理部门予以收 0 2000 5000 2500 1 15 5
机动车号牌 的 三项（具体法条条款同上） 警告
缴，扣留该机动车，处十五日以下拘留，并处二千元以上
五千元以下罚款；构成犯罪的，依法追究刑事责任。
《中华人民共和国道路交通安全法》第九十六条第一款
伪造、变造或者使用伪造、变造的机动车登记证书、号牌
伪造、变造 《中华人民共和国道路交通安全法》第十六条第 不可
185 50024 伪造、变造中型以上货车号牌的 、行驶证、驾驶证的，由公安机关交通管理部门予以收 0 2000 5000 3500 1 15 7
机动车号牌 三项（具体法条条款同上） 警告
缴，扣留该机动车，处十五日以下拘留，并处二千元以上
五千元以下罚款；构成犯罪的，依法追究刑事责任。
《中华人民共和国道路交通安全法》第九十六条第一款
伪造、变造或者使用伪造、变造的机动车登记证书、号牌
伪造、变造 伪造、变造中型以上客车、危险 《中华人民共和国道路交通安全法》第十六条第 不可
186 50025 、行驶证、驾驶证的，由公安机关交通管理部门予以收 0 2000 5000 4500 1 15 10
机动车号牌 物品运输车辆、校车号牌的 三项（具体法条条款同上） 警告
缴，扣留该机动车，处十五日以下拘留，并处二千元以上
五千元以下罚款；构成犯罪的，依法追究刑事责任。
《中华人民共和国道路交通安全法》第九十六条第一款
《中华人民共和国道路交通安全法》第十六条任
伪造、变造 伪造、变造或者使用伪造、变造的机动车登记证书、号牌
何单位或者个人不得有下列行为：第三项伪造、 不可
187 50032 机动车行驶 伪造、变造摩托车行驶证的 、行驶证、驾驶证的，由公安机关交通管理部门予以收 0 2000 5000 2000 1 15 3
变造或者使用伪造、变造的机动车登记证书、号 警告
证 缴，扣留该机动车，处十五日以下拘留，并处二千元以上
牌、行驶证、检验合格标志、保险标志。
五千元以下罚款；构成犯罪的，依法追究刑事责任。
《中华人民共和国道路交通安全法》第九十六条第一款
伪造、变造 伪造、变造或者使用伪造、变造的机动车登记证书、号牌
伪造、变造小、微型机动车行驶 《中华人民共和国道路交通安全法》第十六条第 不可
188 50033 机动车行驶 、行驶证、驾驶证的，由公安机关交通管理部门予以收 0 2000 5000 2500 1 15 5
证的 三项（具体法条条款同上） 警告
证 缴，扣留该机动车，处十五日以下拘留，并处二千元以上
五千元以下罚款；构成犯罪的，依法追究刑事责任。
《中华人民共和国道路交通安全法》第九十六条第一款
伪造、变造 伪造、变造或者使用伪造、变造的机动车登记证书、号牌
伪造、变造中型以上货车行驶证 《中华人民共和国道路交通安全法》第十六条第 不可
189 50034 机动车行驶 、行驶证、驾驶证的，由公安机关交通管理部门予以收 0 2000 5000 3500 1 15 7
的 三项（具体法条条款同上） 警告
证 缴，扣留该机动车，处十五日以下拘留，并处二千元以上
五千元以下罚款；构成犯罪的，依法追究刑事责任。
《中华人民共和国道路交通安全法》第九十六条第一款
伪造、变造 伪造、变造或者使用伪造、变造的机动车登记证书、号牌
伪造、变造中型以上客车、危险 《中华人民共和国道路交通安全法》第十六条第 不可
190 50035 机动车行驶 、行驶证、驾驶证的，由公安机关交通管理部门予以收 0 2000 5000 4500 1 15 10
物品运输车辆、校车行驶证的 三项（具体法条条款同上） 警告
证 缴，扣留该机动车，处十五日以下拘留，并处二千元以上
五千元以下罚款；构成犯罪的，依法追究刑事责任。
《中华人民共和国道路交通安全法》第九十六条第二款
《中华人民共和国道路交通安全法》第十六条任
伪造、变造 伪造、变造或者使用伪造、变造的检验合格标志、保险标
伪造、变造摩托车检验合格标志 何单位或者个人不得有下列行为：第三项伪造、 不可
191 50042 机动车检验 志的，由公安机关交通管理部门予以收缴 ，扣留该机动 0 1000 3000 1000 1 10 3
的 变造或者使用伪造、变造的机动车登记证书、号 警告
合格标志 车，处十日以下拘留，并处一千元以上三千元以下罚款；
牌、行驶证、检验合格标志、保险标志。
构成犯罪的，依法追究刑事责任。

违法 罚款 罚款 默认值 拘留 拘留 默认值 警告
序号 违法描述 违法内容 违法规定 法律条文 违法记分数 暂扣 吊销
行为 最小值 最大值 （指导基准） 最小 最大 （指导基准） 标记
《中华人民共和国道路交通安全法》第九十六条第二款
伪造、变造 伪造、变造或者使用伪造、变造的检验合格标志、保险标
伪造、变造小微型机动车检验合 《中华人民共和国道路交通安全法》第十六条第 不可
192 50043 机动车检验 志的，由公安机关交通管理部门予以收缴 ，扣留该机动 0 1000 3000 1500 1 10 5
格标志的 三项（具体法条条款同上） 警告
合格标志 车，处十日以下拘留，并处一千元以上三千元以下罚款；
构成犯罪的，依法追究刑事责任。
《中华人民共和国道路交通安全法》第九十六条第二款
伪造、变造 伪造、变造或者使用伪造、变造的检验合格标志、保险标
伪造、变造中型以上货车检验合 《中华人民共和国道路交通安全法》第十六条第 不可
193 50044 机动车检验 志的，由公安机关交通管理部门予以收缴 ，扣留该机动 0 1000 3000 2000 1 10 7
格标志的 三项（具体法条条款同上） 警告
合格标志 车，处十日以下拘留，并处一千元以上三千元以下罚款；
构成犯罪的，依法追究刑事责任。
《中华人民共和国道路交通安全法》第九十六条第二款
伪造、变造 伪造、变造中型以上客车、危险 伪造、变造或者使用伪造、变造的检验合格标志、保险标
《中华人民共和国道路交通安全法》第十六条第 不可
194 50045 机动车检验 物品运输车辆、校车检验合格标 志的，由公安机关交通管理部门予以收缴 ，扣留该机动 0 1000 3000 2500 1 10 10
三项（具体法条条款同上） 警告
合格标志 志的 车，处十日以下拘留，并处一千元以上三千元以下罚款；
构成犯罪的，依法追究刑事责任。
《中华人民共和国道路交通安全法》第九十六条第二款
《中华人民共和国道路交通安全法》第十六条任
伪造、变造 伪造、变造或者使用伪造、变造的检验合格标志、保险标
何单位或者个人不得有下列行为：第三项伪造、 不可
195 50052 机动车保险 伪造、变造摩托车保险标志的 志的，由公安机关交通管理部门予以收缴 ，扣留该机动 0 1000 3000 1000 1 10 3
变造或者使用伪造、变造的机动车登记证书、号 警告
标志 车，处十日以下拘留，并处一千元以上三千元以下罚款；
牌、行驶证、检验合格标志、保险标志。
构成犯罪的，依法追究刑事责任。
《中华人民共和国道路交通安全法》第九十六条第二款
伪造、变造 伪造、变造或者使用伪造、变造的检验合格标志、保险标
伪造、变造小微型机动车保险标 《中华人民共和国道路交通安全法》第十六条第 不可
196 50053 机动车保险 志的，由公安机关交通管理部门予以收缴 ，扣留该机动 0 1000 3000 1500 1 10 5
志的 三项（具体法条条款同上） 警告
标志 车，处十日以下拘留，并处一千元以上三千元以下罚款；
构成犯罪的，依法追究刑事责任。
《中华人民共和国道路交通安全法》第九十六条第二款
伪造、变造 伪造、变造或者使用伪造、变造的检验合格标志、保险标
伪造、变造中型以上货车保险标 《中华人民共和国道路交通安全法》第十六条第 不可
197 50054 机动车保险 志的，由公安机关交通管理部门予以收缴 ，扣留该机动 0 1000 3000 2000 1 10 7
志的 三项（具体法条条款同上） 警告
标志 车，处十日以下拘留，并处一千元以上三千元以下罚款；
构成犯罪的，依法追究刑事责任。
《中华人民共和国道路交通安全法》第九十六条第二款
伪造、变造 伪造、变造或者使用伪造、变造的检验合格标志、保险标
伪造、变造中型以上客车、危险 《中华人民共和国道路交通安全法》第十六条第 不可
198 50055 机动车保险 志的，由公安机关交通管理部门予以收缴 ，扣留该机动 0 1000 3000 2500 1 10 10
物品运输车辆、校车保险标志的 三项（具体法条条款同上） 警告
标志 车，处十日以下拘留，并处一千元以上三千元以下罚款；
构成犯罪的，依法追究刑事责任。
《中华人民共和国道路交通安全法》第九十六条
《中华人民共和国道路交通安全法》第九十六条第一款
第一款伪造、变造或者使用伪造、变造的机动车
伪造、变造 伪造、变造或者使用伪造、变造的机动车登记证书、号牌
登记证书、号牌、行驶证、驾驶证的，由公安机 不可
199 50062 机动车驾驶 伪造、变造摩托车驾驶证的 、行驶证、驾驶证的，由公安机关交通管理部门予以收 0 2000 5000 2000 1 15 3
关交通管理部门予以收缴，扣留该机动车，处十 警告
证 缴，扣留该机动车，处十五日以下拘留，并处二千元以上
五日以下拘留，并处二千元以上五千元以下罚
五千元以下罚款；构成犯罪的，依法追究刑事责任。
款；构成犯罪的，依法追究刑事责任。

违法 罚款 罚款 默认值 拘留 拘留 默认值 警告
序号 违法描述 违法内容 违法规定 法律条文 违法记分数 暂扣 吊销
行为 最小值 最大值 （指导基准） 最小 最大 （指导基准） 标记
《中华人民共和国道路交通安全法》第九十六条第一款
伪造、变造 伪造、变造或者使用伪造、变造的机动车登记证书、号牌
伪造、变造小微型机动车驾驶证 《中华人民共和国道路交通安全法》第九十六条 不可
200 50063 机动车驾驶 、行驶证、驾驶证的，由公安机关交通管理部门予以收 0 2000 5000 2500 1 15 5
的 第一款（具体法条条款同上） 警告
证 缴，扣留该机动车，处十五日以下拘留，并处二千元以上
五千元以下罚款；构成犯罪的，依法追究刑事责任。
《中华人民共和国道路交通安全法》第九十六条第一款
伪造、变造 伪造、变造或者使用伪造、变造的机动车登记证书、号牌
伪造、变造中型以上货车驾驶证 《中华人民共和国道路交通安全法》第九十六条 不可
201 50064 机动车驾驶 、行驶证、驾驶证的，由公安机关交通管理部门予以收 0 2000 5000 3500 1 15 7
的 第一款（具体法条条款同上） 警告
证 缴，扣留该机动车，处十五日以下拘留，并处二千元以上
五千元以下罚款；构成犯罪的，依法追究刑事责任。
《中华人民共和国道路交通安全法》第九十六条第一款
伪造、变造 伪造、变造或者使用伪造、变造的机动车登记证书、号牌
伪造、变造中型以上客车、危险 《中华人民共和国道路交通安全法》第九十六条 不可
202 50065 机动车驾驶 、行驶证、驾驶证的，由公安机关交通管理部门予以收 0 2000 5000 4500 1 15 10
物品运输车辆、校车驾驶证的 第一款（具体法条条款同上） 警告
证 缴，扣留该机动车，处十五日以下拘留，并处二千元以上
五千元以下罚款；构成犯罪的，依法追究刑事责任。
《中华人民共和国道路交通安全法》第九十六条第一款
《中华人民共和国道路交通安全法》第十六条任
使用伪造、 伪造、变造或者使用伪造、变造的机动车登记证书、号牌
使用伪造、变造的摩托车登记证 何单位或者个人不得有下列行为：第三项伪造、 不可
203 50072 变造的机动 、行驶证、驾驶证的，由公安机关交通管理部门予以收 0 2000 5000 2000 1 15 3
书的 变造或者使用伪造、变造的机动车登记证书、号 警告
车登记证书 缴，扣留该机动车，处十五日以下拘留，并处二千元以上
牌、行驶证、检验合格标志、保险标志。
五千元以下罚款；构成犯罪的，依法追究刑事责任。
《中华人民共和国道路交通安全法》第九十六条第一款
使用伪造、 伪造、变造或者使用伪造、变造的机动车登记证书、号牌
使用伪造、变造的小微型机动车 《中华人民共和国道路交通安全法》第十六条第 不可
204 50073 变造的机动 、行驶证、驾驶证的，由公安机关交通管理部门予以收 0 2000 5000 2500 1 15 5
登记证书的 三项（具体法条条款同上） 警告
车登记证书 缴，扣留该机动车，处十五日以下拘留，并处二千元以上
五千元以下罚款；构成犯罪的，依法追究刑事责任。
《中华人民共和国道路交通安全法》第九十六条第一款
使用伪造、 伪造、变造或者使用伪造、变造的机动车登记证书、号牌
使用伪造、变造的中型以上货车 《中华人民共和国道路交通安全法》第十六条第 不可
205 50074 变造的机动 、行驶证、驾驶证的，由公安机关交通管理部门予以收 0 2000 5000 3500 1 15 7
登记证书的 三项（具体法条条款同上） 警告
车登记证书 缴，扣留该机动车，处十五日以下拘留，并处二千元以上
五千元以下罚款；构成犯罪的，依法追究刑事责任。
《中华人民共和国道路交通安全法》第九十六条第一款
使用伪造、 使用伪造、变造的中型以上客车 伪造、变造或者使用伪造、变造的机动车登记证书、号牌
《中华人民共和国道路交通安全法》第十六条第 不可
206 50075 变造的机动 、危险物品运输车辆、校车登记 、行驶证、驾驶证的，由公安机关交通管理部门予以收 0 2000 5000 4500 1 15 10
三项（具体法条条款同上） 警告
车登记证书 证书的 缴，扣留该机动车，处十五日以下拘留，并处二千元以上
五千元以下罚款；构成犯罪的，依法追究刑事责任。
《中华人民共和国道路交通安全法》第九十六条第二款
使用伪造、 《中华人民共和国道路交通安全法》第十六条任
伪造、变造或者使用伪造、变造的检验合格标志、保险标
变造的机动 使用伪造、变造的摩托车检验合 何单位或者个人不得有下列行为：第三项伪造、 不可
207 50102 志的，由公安机关交通管理部门予以收缴 ，扣留该机动 0 1000 3000 1000 1 10 3
车检验合格 格标志的 变造或者使用伪造、变造的机动车登记证书、号 警告
车，处十日以下拘留，并处一千元以上三千元以下罚款；
标志 牌、行驶证、检验合格标志、保险标志。
构成犯罪的，依法追究刑事责任。

违法 罚款 罚款 默认值 拘留 拘留 默认值 警告
序号 违法描述 违法内容 违法规定 法律条文 违法记分数 暂扣 吊销
行为 最小值 最大值 （指导基准） 最小 最大 （指导基准） 标记
《中华人民共和国道路交通安全法》第九十六条第二款
使用伪造、
伪造、变造或者使用伪造、变造的检验合格标志、保险标
变造的机动 使用伪造、变造的小微型机动车 《中华人民共和国道路交通安全法》第十六条第 不可
208 50103 志的，由公安机关交通管理部门予以收缴 ，扣留该机动 0 1000 3000 1500 1 10 5
车检验合格 检验合格标志的 三项（具体法条条款同上） 警告
车，处十日以下拘留，并处一千元以上三千元以下罚款；
标志
构成犯罪的，依法追究刑事责任。
《中华人民共和国道路交通安全法》第九十六条第二款
使用伪造、
伪造、变造或者使用伪造、变造的检验合格标志、保险标
变造的机动 使用伪造、变造的中型以上货车 《中华人民共和国道路交通安全法》第十六条第 不可
209 50104 志的，由公安机关交通管理部门予以收缴 ，扣留该机动 0 1000 3000 2000 1 10 7
车检验合格 检验合格标志的 三项（具体法条条款同上） 警告
车，处十日以下拘留，并处一千元以上三千元以下罚款；
标志
构成犯罪的，依法追究刑事责任。
《中华人民共和国道路交通安全法》第九十六条第二款
使用伪造、
使用伪造、变造的中型以上客车 伪造、变造或者使用伪造、变造的检验合格标志、保险标
变造的机动 《中华人民共和国道路交通安全法》第十六条第 不可
210 50105 、危险物品运输车辆、校车检验 志的，由公安机关交通管理部门予以收缴 ，扣留该机动 0 1000 3000 2500 1 10 10
车检验合格 三项（具体法条条款同上） 警告
合格标志的 车，处十日以下拘留，并处一千元以上三千元以下罚款；
标志
构成犯罪的，依法追究刑事责任。
《中华人民共和国道路交通安全法》第九十六条第二款
《中华人民共和国道路交通安全法》第十六条任
使用伪造、 伪造、变造或者使用伪造、变造的检验合格标志、保险标
使用伪造、变造的摩托车保险标 何单位或者个人不得有下列行为：第三项伪造、 不可
211 50112 变造的机动 志的，由公安机关交通管理部门予以收缴 ，扣留该机动 0 1000 3000 1000 1 10 3
志的 变造或者使用伪造、变造的机动车登记证书、号 警告
车保险标志 车，处十日以下拘留，并处一千元以上三千元以下罚款；
牌、行驶证、检验合格标志、保险标志。
构成犯罪的，依法追究刑事责任。
《中华人民共和国道路交通安全法》第九十六条第二款
使用伪造、 伪造、变造或者使用伪造、变造的检验合格标志、保险标
使用伪造、变造的小微型机动车 《中华人民共和国道路交通安全法》第十六条第 不可
212 50113 变造的机动 志的，由公安机关交通管理部门予以收缴 ，扣留该机动 0 1000 3000 1500 1 10 5
保险标志的 三项（具体法条条款同上） 警告
车保险标志 车，处十日以下拘留，并处一千元以上三千元以下罚款；
构成犯罪的，依法追究刑事责任。
《中华人民共和国道路交通安全法》第九十六条第二款
使用伪造、 伪造、变造或者使用伪造、变造的检验合格标志、保险标
使用伪造、变造的中型以上货车 《中华人民共和国道路交通安全法》第十六条第 不可
213 50114 变造的机动 志的，由公安机关交通管理部门予以收缴 ，扣留该机动 0 1000 3000 2000 1 10 7
保险标志的 三项（具体法条条款同上） 警告
车保险标志 车，处十日以下拘留，并处一千元以上三千元以下罚款；
构成犯罪的，依法追究刑事责任。
《中华人民共和国道路交通安全法》第九十六条第二款
使用伪造、 使用伪造、变造的中型以上客车 伪造、变造或者使用伪造、变造的检验合格标志、保险标
《中华人民共和国道路交通安全法》第十六条第 不可
214 50115 变造的机动 危险物品运输车辆、校车保险标 志的，由公安机关交通管理部门予以收缴 ，扣留该机动 0 1000 3000 2500 1 10 10
三项（具体法条条款同上） 警告
车保险标志 志的 车，处十日以下拘留，并处一千元以上三千元以下罚款；
构成犯罪的，依法追究刑事责任。
《中华人民共和国道路交通安全法》第十六条任 《中华人民共和国道路交通安全法》第九十六条第三款
使用其他车
何单位或者个人不得有下列行为：第四项使用其 使用其他车辆的机动车登记证书、号牌、行驶证、检验合 不可
215 50132 辆的机动车 使用其他摩托车登记证书的 0 2000 5000 2000 0 0 0
他机动车的登记证书、号牌、行驶证、检验合格 格标志、保险标志的，由公安机关交通管理部门予以收 警告
登记证书
标志、保险标志。 缴，扣留该机动车，处二千元以上五千元以下罚款。

违法 罚款 罚款 默认值 拘留 拘留 默认值 警告
序号 违法描述 违法内容 违法规定 法律条文 违法记分数 暂扣 吊销
行为 最小值 最大值 （指导基准） 最小 最大 （指导基准） 标记
《中华人民共和国道路交通安全法》第九十六条第三款
使用其他车
使用其他小微型机动车登记证书 《中华人民共和国道路交通安全法》第十六条第 使用其他车辆的机动车登记证书、号牌、行驶证、检验合 不可
216 50133 辆的机动车 0 2000 5000 2500 0 0 0
的 四项（具体法条条款同上） 格标志、保险标志的，由公安机关交通管理部门予以收 警告
登记证书
缴，扣留该机动车，处二千元以上五千元以下罚款。
《中华人民共和国道路交通安全法》第九十六条第三款
使用其他车
使用其他中型以上货车登记证书 《中华人民共和国道路交通安全法》第十六条第 使用其他车辆的机动车登记证书、号牌、行驶证、检验合 不可
217 50134 辆的机动车 0 2000 5000 3500 0 0 0
的 四项（具体法条条款同上） 格标志、保险标志的，由公安机关交通管理部门予以收 警告
登记证书
缴，扣留该机动车，处二千元以上五千元以下罚款。
《中华人民共和国道路交通安全法》第九十六条第三款
使用其他车
使用其他中型以上客车、危险物 《中华人民共和国道路交通安全法》第十六条第 使用其他车辆的机动车登记证书、号牌、行驶证、检验合 不可
218 50135 辆的机动车 0 2000 5000 4500 0 0 0
品运输车辆、校车登记证书的 四项（具体法条条款同上） 格标志、保险标志的，由公安机关交通管理部门予以收 警告
登记证书
缴，扣留该机动车，处二千元以上五千元以下罚款。
使用其他车 《中华人民共和国道路交通安全法》第十六条任 《中华人民共和国道路交通安全法》第九十六条第三款
辆的机动车 何单位或者个人不得有下列行为：第四项使用其 使用其他车辆的机动车登记证书、号牌、行驶证、检验合 不可
219 50162 使用其他摩托车检验合格标志的 0 2000 5000 2000 0 0 0
检验合格标 他机动车的登记证书、号牌、行驶证、检验合格 格标志、保险标志的，由公安机关交通管理部门予以收 警告
志 标志、保险标志。 缴，扣留该机动车，处二千元以上五千元以下罚款。
使用其他车 《中华人民共和国道路交通安全法》第九十六条第三款
辆的机动车 使用其他小微型机动车检验合格 《中华人民共和国道路交通安全法》第十六条第 使用其他车辆的机动车登记证书、号牌、行驶证、检验合 不可
220 50163 0 2000 5000 2500 0 0 0
检验合格标 标志的 四项（具体法条条款同上） 格标志、保险标志的，由公安机关交通管理部门予以收 警告
志 缴，扣留该机动车，处二千元以上五千元以下罚款。
使用其他车 《中华人民共和国道路交通安全法》第九十六条第三款
辆的机动车 使用其他中型以上货车检验合格 《中华人民共和国道路交通安全法》第十六条第 使用其他车辆的机动车登记证书、号牌、行驶证、检验合 不可
221 50164 0 2000 5000 3500 0 0 0
检验合格标 标志的 四项（具体法条条款同上） 格标志、保险标志的，由公安机关交通管理部门予以收 警告
志 缴，扣留该机动车，处二千元以上五千元以下罚款。
使用其他车 《中华人民共和国道路交通安全法》第九十六条第三款
使用其他中型以上客车、危险物
辆的机动车 《中华人民共和国道路交通安全法》第十六条第 使用其他车辆的机动车登记证书、号牌、行驶证、检验合 不可
222 50165 品运输车辆、校车检验合格标志 0 2000 5000 4500 0 0 0
检验合格标 四项（具体法条条款同上） 格标志、保险标志的，由公安机关交通管理部门予以收 警告
的
志 缴，扣留该机动车，处二千元以上五千元以下罚款。
《中华人民共和国道路交通安全法》第十六条任 《中华人民共和国道路交通安全法》第九十六条第三款
使用其他车
何单位或者个人不得有下列行为：第四项使用其 使用其他车辆的机动车登记证书、号牌、行驶证、检验合 不可
223 50172 辆的机动车 使用其他摩托车保险标志的 0 2000 5000 2000 0 0 0
他机动车的登记证书、号牌、行驶证、检验合格 格标志、保险标志的，由公安机关交通管理部门予以收 警告
保险标志
标志、保险标志。 缴，扣留该机动车，处二千元以上五千元以下罚款。
《中华人民共和国道路交通安全法》第九十六条第三款
使用其他车
使用其他小微型机动车保险标志 《中华人民共和国道路交通安全法》第十六条第 使用其他车辆的机动车登记证书、号牌、行驶证、检验合 不可
224 50173 辆的机动车 0 2000 5000 2500 0 0 0
的 四项（具体法条条款同上） 格标志、保险标志的，由公安机关交通管理部门予以收 警告
保险标志
缴，扣留该机动车，处二千元以上五千元以下罚款。
《中华人民共和国道路交通安全法》第九十六条第三款
使用其他车
使用其他中型以上货车保险标志 《中华人民共和国道路交通安全法》第十六条第 使用其他车辆的机动车登记证书、号牌、行驶证、检验合 不可
225 50174 辆的机动车 0 2000 5000 3500 0 0 0
的 四项（具体法条条款同上） 格标志、保险标志的，由公安机关交通管理部门予以收 警告
保险标志
缴，扣留该机动车，处二千元以上五千元以下罚款。

违法 罚款 罚款 默认值 拘留 拘留 默认值 警告
序号 违法描述 违法内容 违法规定 法律条文 违法记分数 暂扣 吊销
行为 最小值 最大值 （指导基准） 最小 最大 （指导基准） 标记
《中华人民共和国道路交通安全法》第九十九条第一款有
下列行为之一的，由公安机关交通管理部门处二百元以上
强迫驾驶人违反交通安全法律、 《中华人民共和国道路交通安全法》第二十二条 二千元以下罚款：第五项强迫机动车驾驶人违反道路交通
强迫他人驾
法规和安全驾驶要求驾驶摩托车 第三款任何人不得强迫、指使、纵容驾驶人违反 安全法律、法规和机动车安全驾驶要求驾驶机动车 ，造成 不可
226 50181 车造成交通 0 200 2000 2000 0 15 3
、拖拉机等机动车、造成交通事 道路交通安全法律、法规和机动车安全驾驶要求 交通事故，尚不构成犯罪的、第二款行为人有前款第二项 警告
事故
故但尚不构成犯罪的 驾驶机动车。 、第四项情形之一的，可以并处吊销机动车驾驶证；有第
一项、第三项、第五项至第八项情形之一的，可以并处十
五日以下拘留。
强迫驾驶人违反交通安全法律、
强迫他人驾
法规和安全驾驶要求驾驶小微型 《中华人民共和国道路交通安全法》第二十二条 《中华人民共和国道路交通安全法》第九十九条第一款第 不可
227 50182 车造成交通 0 200 2000 2000 0 15 5
机动车的、造成交通事故但尚不 第三款（具体法条条款同上） 五项、第二款（具体法条条款同上） 警告
事故
构成犯罪的
强迫驾驶人违反交通安全法律、
强迫他人驾
法规和安全驾驶要求驾驶中型及 《中华人民共和国道路交通安全法》第二十二条 《中华人民共和国道路交通安全法》第九十九条第一款第 不可
228 50183 车造成交通 0 200 2000 2000 0 15 7
以上载货机动车的、造成交通事 第三款（具体法条条款同上） 五项、第二款（具体法条条款同上） 警告
事故
故但尚不构成犯罪的
强迫驾驶人违反交通安全法律、
强迫他人驾 法规和安全驾驶要求驾驶中型以 《中华人民共和国道路交通安全法》第二十二条 《中华人民共和国道路交通安全法》第九十九条第一款第 不可
229 50184 车造成交通 上客车、危险物品运输车辆、校 第三款（具体法条条款同上） 五项、第二款（具体法条条款同上） 0 200 2000 2000 0 15 10 警告
事故 车的、造成交通事故但尚不构成
犯罪的
《中华人民共和国道路交通安全法》第九十九条有下列行
为之一的，由公安机关交通管理部门处二百元以上二千元
损毁交通设 《中华人民共和国道路交通安全法》第二十八条 以下罚款：第一款第七项故意损毁、移动、涂改交通设
故意损毁交通设施、造成危害后 不可
230 5019 施造成严重 第一款任何单位和个人不得擅自设置 、移动、占 施，造成危害后果，尚不构成犯罪的、第二款行为人有前 0 200 2000 1800 0 15 7
果、尚不构成犯罪的 警告
后果 用、损毁交通信号灯、交通标志、交通标线。 款第二项、第四项情形之一的，可以并处吊销机动车驾驶
证；有第一项、第三项、第五项至第八项情形之一的，可
以并处十五日以下拘留。
《中华人民共和国道路交通安全法》第九十九条有下列行
为之一的，由公安机关交通管理部门处二百元以上二千元
移动交通设 《中华人民共和国道路交通安全法》第二十八条 以下罚款：第一款第七项故意损毁、移动、涂改交通设
故意移动交通设施、造成危害后 不可
231 5020 施造成严重 第一款任何单位和个人不得擅自设置 、移动、占 施，造成危害后果，尚不构成犯罪的、第二款行为人有前 0 200 2000 1800 0 15 7
果、尚不构成犯罪的 警告
后果 用、损毁交通信号灯、交通标志、交通标线。 款第二项、第四项情形之一的，可以并处吊销机动车驾驶
证；有第一项、第三项、第五项至第八项情形之一的，可
以并处十五日以下拘留。
《中华人民共和国道路交通安全法》第九十九条有下列行
为之一的，由公安机关交通管理部门处二百元以上二千元
涂改交通设 《中华人民共和国道路交通安全法》第九十九条 以下罚款：第一款第七项故意损毁、移动、涂改交通设
故意涂改交通设施、造成危害后 不可
232 5021 施造成严重 第一款第七项故意损毁、移动、涂改交通设施， 施，造成危害后果，尚不构成犯罪的、第二款行为人有前 0 200 2000 1800 0 15 7
果、尚不构成犯罪的 警告
后果 造成危害后果，尚不构成犯罪的。 款第二项、第四项情形之一的，可以并处吊销机动车驾驶
证；有第一项、第三项、第五项至第八项情形之一的，可
以并处十五日以下拘留。
《中华人民共和国道路交通安全法》第九十九条有下列行
为之一的，由公安机关交通管理部门处二百元以上二千元
非法拦载机动车、不听劝阻、造 《中华人民共和国道路交通安全法》第九十九条 以下罚款：第一款第八项非法拦截、扣留机动车辆，不听
非法拦截机 不可
233 5022 成交通严重阻塞、较大财产损失 第一款第八项非法拦截、扣留机动车辆，不听劝 劝阻，造成交通严重阻塞或者较大财产损失的 、第二款行 0 200 2000 1800 0 15 7
动车 警告
的 阻，造成交通严重阻塞或者较大财产损失的 。 为人有前款第二项、第四项情形之一的，可以并处吊销机
动车驾驶证；有第一项、第三项、第五项至第八项情形之
一的，可以并处十五日以下拘留。

违法 罚款 罚款 默认值 拘留 拘留 默认值 警告
序号 违法描述 违法内容 违法规定 法律条文 违法记分数 暂扣 吊销
行为 最小值 最大值 （指导基准） 最小 最大 （指导基准） 标记
《中华人民共和国道路交通安全法》第九十九条有下列行
非法扣留机动车辆、不听劝阻、 《中华人民共和国道路交通安全法》第九十九条
非法扣留机 为之一的，由公安机关交通管理部门处二百元以上二千元 不可
234 5023 造成交通严重阻塞、较大财产损 第一款第八项非法拦截、扣留机动车辆，不听劝 0 200 2000 1800 0 15 7
动车 以下罚款：第八项第二种行为非法拦截、扣留机动车辆， 警告
失的 阻，造成交通严重阻塞或者较大财产损失的 。
不听劝阻，造成交通严重阻塞或者较大财产损失的 。
《中华人民共和国道路交通安全法》第一百零六条在道路
《中华人民共和国道路交通安全法》第二十八条
道路两侧及隔离带上种植物或设 两侧及隔离带上种植树木、其他植物或者设置广告牌、管
道路设置物 第二款道路两侧及隔离带上种植的树木或者其他
置广告牌、管线等、遮挡路灯、 线等，遮挡路灯、交通信号灯、交通标志，妨碍安全视距 不可
235 5024 妨碍安全视 植物，设置的广告牌、管线等，应当与交通设施 0 200 2000 1800 0 0 0
交通信号灯、交通标志、妨碍安 的，由公安机关交通管理部门责令行为人排除妨碍 ；拒不 警告
距不排除的 保持必要的距离，不得遮挡路灯、交通信号灯、
全视距拒不排除障碍的 执行的，处二百元以上二千元以下罚款，并强制排除妨
交通标志，不得妨碍安全视距，不得影响通行。
碍，所需费用由行为人负担。
《中华人民共和国道路交通安全法》第十五条第
其他机动车 一款警车、消防车、救护车、工程救险车应当按 《中华人民共和国道路交通安全法》第九十条机动车驾驶
236 5030 喷涂特种车 其他机动车喷涂特种车特定标志 照规定喷涂标志图案，安装警报器、标志灯具。 人违反道路交通安全法律、法规关于道路通行规定的，处 0 20 200 180 0 0 0 可警
特定标志图 图案的 其他机动车不得喷涂、安装、使用上述车辆专用 警告或者二十元以上二百元以下罚款 。本法另有规定的， 告
案 的或者与其相类似的标志图案、警报器或者标志 依照规定处罚。
灯具。
《中华人民共和国道路交通安全法》第九十条机动车驾驶
人违反道路交通安全法律、法规关于道路通行规定的，处
警告或者二十元以上二百元以下罚款 。本法另有规定的，
依照规定处罚、《中华人民共和国道路交通安全法》第二
十二条第二款第一种行为饮酒、服用国家管制的精神药品
《中华人民共和国道路交通安全法》第二十二条 或者麻醉药品，或者患有妨碍安全驾驶机动车的疾病 ，或
服用管制药 服用国家管制的精神药品或麻醉 第二款饮酒、服用国家管制的精神药品或者麻醉 者过度疲劳影响安全驾驶的，不得驾驶机动车、《中华人 可警
237 5035 0 20 200 180 0 0 0
品驾车 药品仍继续驾驶的 药品，或者患有妨碍安全驾驶机动车的疾病 ，或 民共和国道路交通安全法实施条例 》第一百零四条机动车 告
者过度疲劳影响安全驾驶的，不得驾驶机动车。 驾驶人有下列行为之一，又无其他机动车驾驶人即时替代
驾驶的，公安机关交通管理部门除依法给予处罚外 ，可以
将其驾驶的机动车移至不妨碍交通的地点或者有关部门指
定的地点停放第三项饮酒、服用国家管制的精神药品或者
麻醉药品、患有妨碍安全驾驶的疾病，或者过度疲劳仍继
续驾驶的。
《中华人民共和国道路交通安全法》第九十条机动车驾驶
人违反道路交通安全法律、法规关于道路通行规定的，处
警告或者二十元以上二百元以下罚款 。本法另有规定的，
依照规定处罚、《中华人民共和国道路交通安全法》第二
十二条第二款第二种行为饮酒、服用国家管制的精神药品
《中华人民共和国道路交通安全法》第二十二条 或者麻醉药品，或者患有妨碍安全驾驶机动车的疾病 ，或
患有妨碍安
患有妨碍安全驾驶机动车的疾病 第二款饮酒、服用国家管制的精神药品或者麻醉 者过度疲劳影响安全驾驶的，不得驾驶机动车、《中华人 可警
238 5036 全驾驶疾病 0 20 200 180 0 0 0
仍继续驾驶的 药品，或者患有妨碍安全驾驶机动车的疾病 ，或 民共和国道路交通安全法实施条例 》第一百零四条机动车 告
仍驾车
者过度疲劳影响安全驾驶的，不得驾驶机动车。 驾驶人有下列行为之一，又无其他机动车驾驶人即时替代
驾驶的，公安机关交通管理部门除依法给予处罚外 ，可以
将其驾驶的机动车移至不妨碍交通的地点或者有关部门指
定的地点停放第三项饮酒、服用国家管制的精神药品或者
麻醉药品、患有妨碍安全驾驶的疾病，或者过度疲劳仍继
续驾驶的。

违法 罚款 罚款 默认值 拘留 拘留 默认值 警告
序号 违法描述 违法内容 违法规定 法律条文 违法记分数 暂扣 吊销
行为 最小值 最大值 （指导基准） 最小 最大 （指导基准） 标记
《中华人民共和国道路交通安全法》第九十条机动车驾驶
人违反道路交通安全法律、法规关于道路通行规定的，处
警告或者二十元以上二百元以下罚款 。本法另有规定的，
依照规定处罚、《中华人民共和国道路交通安全法》第二
十二条第二款第三种行为饮酒、服用国家管制的精神药品
《中华人民共和国道路交通安全法》第二十二条 或者麻醉药品，或者患有妨碍安全驾驶机动车的疾病 ，或
过度疲劳仍 第二款饮酒、服用国家管制的精神药品或者麻醉 者过度疲劳影响安全驾驶的，不得驾驶机动车、《中华人 可警
239 5037 过度疲劳仍继续驾驶的 0 20 200 180 0 0 0
继续驾驶 药品，或者患有妨碍安全驾驶机动车的疾病 ，或 民共和国道路交通安全法实施条例 》第一百零四条机动车 告
者过度疲劳影响安全驾驶的，不得驾驶机动车。 驾驶人有下列行为之一，又无其他机动车驾驶人即时替代
驾驶的，公安机关交通管理部门除依法给予处罚外 ，可以
将其驾驶的机动车移至不妨碍交通的地点或者有关部门指
定的地点停放第三项饮酒、服用国家管制的精神药品或者
麻醉药品、患有妨碍安全驾驶的疾病，或者过度疲劳仍继
续驾驶的。
《中华人民共和国道路交通安全法实施条例 》第一百零三
条以欺骗、贿赂等不正当手段取得机动车登记或者驾驶许
《中华人民共和国道路交通安全法实施条例 》第 可的，收缴机动车登记证书、号牌、行驶证或者机动车驾
以欺骗、贿
一百零三条以欺骗、贿赂等不正当手段取得机动 驶证，撤销机动车登记或者机动车驾驶许可 ；申请人在3
赂等不正当
以欺骗、贿赂等不正当手段取得 车登记或者驾驶许可的，收缴机动车登记证书、 年内不得申请机动车登记或者机动车驾驶许可 ；《机动车 不可
240 50411 手段取得机 0 0 2000 1800 0 0 0
机动车驾驶证的 号牌、行驶证或者机动车驾驶证，撤销机动车登 驾驶证申领和使用规定》第九十三条第三款申请人以欺骗 警告
动车驾驶证
记或者机动车驾驶许可；申请人在3年内不得申请 、贿赂等不正当手段取得机动车驾驶证的 ，公安机关交通
的
机动车登记或者机动车驾驶许可。 管理部门收缴机动车驾驶证，撤销机动车驾驶许可，处二
千元以下罚款；申请人在三年内不得再次申领机动车驾驶
证。
《中华人民共和国道路交通安全法》第九十二条
公路客运车辆载客超过额定乘员的 ，处二百元以
上五百元以下罚款；超过额定乘员百分之二十或
者违反规定载货的，处五百元以上二千元以下罚
款。
货运机动车超过核定载质量的，处二百元以上五 《中华人民共和国道路交通安全法》第九十二条第四款运
运输单位的小微型客运车辆载客
运输单位处 百元以下罚款；超过核定载质量百分之三十或者 输单位的车辆有本条第一款、第二款规定的情形，经处罚 不可
241 50461 或小微型货运车辆超载、经处罚 0 2000 5000 2500 0 0 0
罚后不改 违反规定载客的，处五百元以上二千元以下罚款 不改的，对直接负责的主管人员处二千元以上五千元以下 警告
不改的(对直接负责的主管人员)
。 罚款。
有前两款行为的，由公安机关交通管理部门扣留
机动车至违法状态消除。
运输单位的车辆有本条第一款、第二款规定的情
形，经处罚不改的，对直接负责的主管人员处二
千元以上五千元以下罚款。
运输单位的中型客运车辆载客或
运输单位处 《中华人民共和国道路交通安全法》第九十二条 《中华人民共和国道路交通安全法》第九十二条第四款 不可
242 50462 中型货运车辆超载、经处罚不改 0 2000 5000 3500 0 0 0
罚后不改 第四款（具体法条条款同上） （具体法条条款同上） 警告
的(对直接负责的主管人员)
运输单位的大型客运车辆载客或
运输单位处 《中华人民共和国道路交通安全法》第九十二条 《中华人民共和国道路交通安全法》第九十二条第四款 不可
243 50463 重型货运车辆超载、经处罚不改 0 2000 5000 4500 0 0 0
罚后不改 第四款（具体法条条款同上） （具体法条条款同上） 警告
的(对直接负责的主管人员)
《中华人民共和国道路交通安全法》第十六条任 《机动车登记规定》第七十九条除第十六条、第二十二条
改变机动车型号、发动机号、车 何单位或者个人不得有下列行为：第二项改变机 、第二十三条规定的情形外，擅自改变机动车外形和已登 可警
244 50471 擅自改号 0 0 500 480 0 0 0
架号或者车辆识别代号的 动车型号、发动机号、车架号或者车辆识别代号 记的有关技术参数的，由公安机关交通管理部门责令恢复 告
。 原状，并处警告或者五百元以下罚款。

违法 罚款 罚款 默认值 拘留 拘留 默认值 警告
序号 违法描述 违法内容 违法规定 法律条文 违法记分数 暂扣 吊销
行为 最小值 最大值 （指导基准） 最小 最大 （指导基准） 标记
《中华人民共和国道路交通安全法》第九十六条第一款伪
《中华人民共和国道路交通安全法》第十六条任
使用伪造、 造、变造或者使用伪造、变造的机动车登记证书、号牌、
使用伪造、变造摩托车、拖拉机 何单位或者个人不得有下列行为：第三项伪造、 不可
245 57012 变造的机动 行驶证、驾驶证的，由公安机关交通管理部门予以收缴 ， 12 2000 5000 4800 1 15 3
等其他机动车号牌的 变造或者使用伪造、变造的机动车登记证书、号 警告
车号牌的 扣留该机动车，处十五日以下拘留，并处二千元以上五千
牌、行驶证、检验合格标志、保险标志。
元以下罚款；构成犯罪的，依法追究刑事责任。
使用伪造、
使用伪造、变造小型、微型非营 《中华人民共和国道路交通安全法》第十六条第 《中华人民共和国道路交通安全法》第九十六条第一款 不可
246 57013 变造的机动 12 2000 5000 4800 1 15 5
运载客汽车号牌的 三项（具体法条条款同上） （具体法条条款同上） 警告
车号牌的
使用伪造、
使用伪造、变造中型及以上载货 《中华人民共和国道路交通安全法》第十六条第 《中华人民共和国道路交通安全法》第九十六条第一款 不可
247 57014 变造的机动 12 2000 5000 4800 1 15 7
汽车号牌的 三项（具体法条条款同上） （具体法条条款同上） 警告
车号牌的
使用伪造、 使用伪造、变造的中型及以上载
《中华人民共和国道路交通安全法》第十六条第 《中华人民共和国道路交通安全法》第九十六条第一款 不可
248 57015 变造的机动 客汽车、危险物品运输车辆、校 12 2000 5000 4800 1 15 10
三项（具体法条条款同上） （具体法条条款同上） 警告
车号牌的 车号牌的
《中华人民共和国道路交通安全法》第九十六条第一款伪
《中华人民共和国道路交通安全法》第十六条任
使用伪造、 造、变造或者使用伪造、变造的机动车登记证书、号牌、
使用伪造、变造摩托车、拖拉机 何单位或者个人不得有下列行为：第三项伪造、 不可
249 57022 变造的机动 行驶证、驾驶证的，由公安机关交通管理部门予以收缴 ， 12 2000 5000 4800 1 15 3
等其他机动车行驶证的 变造或者使用伪造、变造的机动车登记证书、号 警告
车行驶证 扣留该机动车，处十五日以下拘留，并处二千元以上五千
牌、行驶证、检验合格标志、保险标志。
元以下罚款；构成犯罪的，依法追究刑事责任。
使用伪造、
使用伪造、变造小型、微型非营 《中华人民共和国道路交通安全法》第十六条第 《中华人民共和国道路交通安全法》第九十六条第一款 不可
250 57023 变造的机动 12 2000 5000 4800 1 15 5
运载客汽车行驶证的 三项（具体法条条款同上） （具体法条条款同上） 警告
车行驶证
使用伪造、
使用伪造、变造中型及以上载货 《中华人民共和国道路交通安全法》第十六条第 《中华人民共和国道路交通安全法》第九十六条第一款 不可
251 57024 变造的机动 12 2000 5000 4800 1 15 7
汽车行驶证的 三项（具体法条条款同上） （具体法条条款同上） 警告
车行驶证
使用伪造、 使用伪造、变造中型及以上载客
《中华人民共和国道路交通安全法》第十六条第 《中华人民共和国道路交通安全法》第九十六条第一款 不可
252 57025 变造的机动 汽车、危险物品运输车辆、校车 12 2000 5000 4800 1 15 10
三项（具体法条条款同上） （具体法条条款同上） 警告
车行驶证 行驶证的
《中华人民共和国道路交通安全法》第九十六条第一款伪
《中华人民共和国道路交通安全法》第十六条任
使用伪造、 造、变造或者使用伪造、变造的机动车登记证书、号牌、
使用伪造、变造摩托车、拖拉机 何单位或者个人不得有下列行为：第三项伪造、 不可
253 57032 变造的机动 行驶证、驾驶证的，由公安机关交通管理部门予以收缴 ， 12 2000 5000 4800 1 15 3
等其他机动车驾驶证的 变造或者使用伪造、变造的机动车登记证书、号 警告
车驾驶证 扣留该机动车，处十五日以下拘留，并处二千元以上五千
牌、行驶证、检验合格标志、保险标志。
元以下罚款；构成犯罪的，依法追究刑事责任。
使用伪造、
使用伪造、变造小型、微型非营 《中华人民共和国道路交通安全法》第十六条第 《中华人民共和国道路交通安全法》第九十六条第一款 不可
254 57033 变造的机动 12 2000 5000 4800 1 15 5
运载客汽车驾驶证的 三项（具体法条条款同上） （具体法条条款同上） 警告
车驾驶证
使用伪造、
使用伪造、变造中型及以上载货 《中华人民共和国道路交通安全法》第十六条第 《中华人民共和国道路交通安全法》第九十六条第一款 不可
255 57034 变造的机动 12 2000 5000 4800 1 15 7
汽车驾驶证的 三项（具体法条条款同上） （具体法条条款同上） 警告
车驾驶证
使用伪造、 使用伪造、变造中型及以上载客
《中华人民共和国道路交通安全法》第十六条第 《中华人民共和国道路交通安全法》第九十六条第一款 不可
256 57035 变造的机动 汽车、危险物品运输车辆、校车 12 2000 5000 4800 1 15 10
三项（具体法条条款同上） （具体法条条款同上） 警告
车驾驶证 驾驶证的
《中华人民共和国道路交通安全法》第九十条机动车驾驶
其他机动车 驾驶载客汽车、货运机动车以外 《中华人民共和国道路交通安全法》第四十九条
人违反道路交通安全法律、法规关于道路通行规定的，处 可警
257 60171 载人超过核 的其他机动车载人超过核定人数 机动车载人不得超过核定的人数，客运机动车不 0 20 200 60 0 0 0
警告或者二十元以上二百元以下罚款 。本法另有规定的， 告
定人数的 的 得违反规定载货。
依照规定处罚。

违法 罚款 罚款 默认值 拘留 拘留 默认值 警告
序号 违法描述 违法内容 违法规定 法律条文 违法记分数 暂扣 吊销
行为 最小值 最大值 （指导基准） 最小 最大 （指导基准） 标记
持有大型客
车、重型牵 《机动车驾驶证申领和使用规定》第八十一条机
引挂车、城 动车驾驶人联系电话、联系地址等信息发生变化
《机动车驾驶证申领和使用规定》第九十八条第一款机动
市公交车、 持有大型客车、重型牵引挂车、 的，应当在信息变更后三十日内，向驾驶证核发
车驾驶人有下列行为之一的，由公安机关交通管理部门处
中型客车、 城市公交车、中型客车、大型货 地车辆管理所备案。 可警
258 60292 二十元以上二百元以下罚款第三项持有大型客车 、重型牵 0 20 200 150 0 0 0
大型货车驾 车驾驶证的驾驶人、未按照规定 持有大型客车、重型牵引挂车、城市公交车、中 告
引挂车、城市公交车、中型客车、大型货车驾驶证的驾驶
驶证的驾驶 申报变更信息的 型客车、大型货车驾驶证的驾驶人从业单位等信
人，未按照第八十一条规定申报变更信息的 。
人、未按照 息发生变化的，应当在信息变更后三十日内，向
规定申报变 从业单位所在地车辆管理所备案。
更信息的
《中华人民共和国道路交通安全法》第九十一条第一款饮
《中华人民共和国道路交通安全法》第二十二条
因饮酒后驾驶机动车被处罚、再 酒后驾驶机动车的，处暂扣六个月机动车驾驶证，并处一
再次酒后驾 第二款饮酒、服用国家管制的精神药品或者麻醉 不可
259 60352 次饮酒后驾驶摩托车、拖拉机等 千元以上二千元以下罚款。因饮酒后驾驶机动车被处罚， 0 1000 2000 1200 吊销 1 10 3
车的 药品，或者患有妨碍安全驾驶机动车的疾病 ，或 警告
其他机动车的 再次饮酒后驾驶机动车的，处十日以下拘留，并处一千元
者过度疲劳影响安全驾驶的，不得驾驶机动车。
以上二千元以下罚款，吊销机动车驾驶证。
因饮酒后驾驶机动车被处罚、再
再次酒后驾 《中华人民共和国道路交通安全法》第二十二条 《中华人民共和国道路交通安全法》第九十一条第一款 不可
260 60353 次饮酒后驾驶小型、微型非营运 0 1000 2000 1400 吊销 1 10 5
车的 第二款（具体法条条款同上） （具体法条条款同上） 警告
载客汽车的
《中华人民共和国道路交通安全法实施条例 》第
《中华人民共和国道路交通安全法》第九十条机动车驾驶
挂车的灯光信号、制动、连接、 五十六条 机动车牵引挂车应当符合下列规定 ：第
挂车机件不 人违反道路交通安全法律、法规关于道路通行规定的，处 可警
261 6036 安全防护等装置不符合国家标准 一款第一项（一）载货汽车、半挂牵引车、拖拉 0 20 200 150 0 0 0
全的 警告或者二十元以上二百元以下罚款 。本法另有规定的， 告
的 机只允许牵引1辆挂车。挂车的灯光信号、制动、
依照规定处罚。
连接、安全防护等装置应当符合国家标准 。
《中华人民共和国道路交通安全法实施条例 》第
《中华人民共和国道路交通安全法》第九十条机动车驾驶
五十六条机动车牵引挂车应当符合下列规定 ：第
人违反道路交通安全法律、法规关于道路通行规定的，处 可警
262 6037 挂车载人的 挂车载人的 一款第二项（二）小型载客汽车只允许牵引旅居 0 20 200 150 0 0 0
警告或者二十元以上二百元以下罚款 。本法另有规定的， 告
挂车或者总质量700千克以下的挂车。挂车不得载
依照规定处罚。
人。
货运机动车 《中华人民共和国道路交通安全法》第九十条机动车驾驶
《中华人民共和国道路交通安全法》第四十九条
驾驶室载人 货运机动车驾驶室载人超过核定 人违反道路交通安全法律、法规关于道路通行规定的，处 可警
263 6038 机动车载人不得超过核定的人数，客运机动车不 0 20 200 150 0 0 0
超过核定人 人数的 警告或者二十元以上二百元以下罚款 。本法另有规定的， 告
得违反规定载货。
数的 依照规定处罚。
《中华人民共和国道路交通安全法》第九十一条第一款饮
酒后驾驶机动车的，处暂扣六个月机动车驾驶证，并处一
醉酒驾驶机 《中华人民共和国道路交通安全法》第二十二条 千元以上二千元以下罚款。因饮酒后驾驶机动车被处罚，
动车、尚不 醉酒驾驶摩托车、尚不够刑事处 第二款饮酒、服用国家管制的精神药品或者麻醉 再次饮酒后驾驶机动车的，处十日以下拘留，并处一千元 不可
264 603A1 0 1000 2000 1200 吊销 0 0 0
够刑事处罚 罚的 药品，或者患有妨碍安全驾驶机动车的疾病 ，或 以上二千元以下罚款，吊销机动车驾驶证、第二款醉酒驾 警告
的 者过度疲劳影响安全驾驶的，不得驾驶机动车。 驶机动车的，由公安机关交通管理部门约束至酒醒 ，吊销
机动车驾驶证，依法追究刑事责任；五年内不得重新取得
机动车驾驶证。
醉酒驾驶机
265 603A2 动车、尚不 醉酒驾驶小、微型机动车、尚不 《中华人民共和国道路交通安全法》第二十二条 《中华人民共和国道路交通安全法》第九十一条第一款、 0 1000 2000 1400 吊销 0 0 0 不可
够刑事处罚 够刑事处罚的 第二款（具体法条条款同上） 第二款（具体法条条款同上） 警告
醉酒驾的驶机
266 603A3 动车、尚不 醉酒驾驶中型以上载货汽车、尚 《中华人民共和国道路交通安全法》第二十二条 《中华人民共和国道路交通安全法》第九十一条第一款、 0 1000 2000 1600 吊销 0 0 0 不可
够刑事处罚 不够刑事处罚的 第二款（具体法条条款同上） 第二款（具体法条条款同上） 警告
的

违法 罚款 罚款 默认值 拘留 拘留 默认值 警告
序号 违法描述 违法内容 违法规定 法律条文 违法记分数 暂扣 吊销
行为 最小值 最大值 （指导基准） 最小 最大 （指导基准） 标记
醉酒驾驶机 醉酒驾驶中型以上载客汽车、危
267 603A4 动车、尚不 化品运输车辆、校车、尚不够刑 《中华人民共和国道路交通安全法》第二十二条 《中华人民共和国道路交通安全法》第九十一条第一款、 0 1000 2000 1800 吊销 0 0 0 不可
够刑事处罚 事处罚的 第二款（具体法条条款同上） 第二款（具体法条条款同上） 警告
醉酒驾的驶机
动车、尚不
够刑事处罚 醉酒驾驶摩托车、尚不够刑事处 《中华人民共和国道路交通安全法》第二十二条 《中华人民共和国道路交通安全法》第九十一条第一款、 不可
268 603C1 且驾驶人曾 罚且驾驶人曾因饮酒后或者醉酒 第二款（具体法条条款同上） 第二款（具体法条条款同上） 0 1000 2000 1200 吊销 1 10 3 警告
因饮酒后或 驾驶被处罚的
者醉酒驾驶
被处罚的
醉酒驾驶机
动车、尚不
够刑事处罚 醉酒驾驶小、微型机动车、尚不 《中华人民共和国道路交通安全法》第二十二条 《中华人民共和国道路交通安全法》第九十一条第一款、 不可
269 603C2 且驾驶人曾 够刑事处罚且驾驶人曾因饮酒后 第二款（具体法条条款同上） 第二款（具体法条条款同上） 0 1000 2000 1400 吊销 1 10 5 警告
因饮酒后或 或者醉酒驾驶被处罚的
者醉酒驾驶
被处罚的
醉酒驾驶机
动车、尚不
够刑事处罚 醉酒驾驶中型以上载货汽车、尚 《中华人民共和国道路交通安全法》第二十二条 《中华人民共和国道路交通安全法》第九十一条第一款、 不可
270 603C3 且驾驶人曾 不够刑事处罚且驾驶人曾因饮酒 第二款（具体法条条款同上） 第二款（具体法条条款同上） 0 1000 2000 1600 吊销 1 10 7 警告
因饮酒后或 后或者醉酒驾驶被处罚的
者醉酒驾驶
被处罚的
醉酒驾驶机
动车、尚不 醉酒驾驶中型以上载客汽车、危
够刑事处罚 化品运输车辆、校车、尚不够刑 《中华人民共和国道路交通安全法》第二十二条 《中华人民共和国道路交通安全法》第九十一条第一款、 不可
271 603C4 且驾驶人曾 事处罚且驾驶人曾因饮酒后或者 第二款（具体法条条款同上） 第二款（具体法条条款同上） 0 1000 2000 1800 吊销 1 10 10 警告
因饮酒后或 醉酒驾驶被处罚的
者醉酒驾驶
被处罚的
饮酒驾驶机
272 603D1 动车且曾因 饮酒驾驶摩托车、且曾因醉酒驾 《中华人民共和国道路交通安全法》第二十二条 《中华人民共和国道路交通安全法》第九十一条第一款、 0 1000 2000 1200 吊销 1 10 3 不可
醉酒驾驶被 驶被处罚的 第二款（具体法条条款同上） 第二款（具体法条条款同上） 警告
饮酒处驾罚驶的机
273 603D2 动车且曾因 饮酒驾驶小、微型机动车、且曾 《中华人民共和国道路交通安全法》第二十二条 《中华人民共和国道路交通安全法》第九十一条第一款、 0 1000 2000 1400 吊销 1 10 5 不可
醉酒驾驶被 因醉酒驾驶被处罚的 第二款（具体法条条款同上） 第二款（具体法条条款同上） 警告
饮酒处驾罚驶的机
274 603D3 动车且曾因 饮酒驾驶中型以上载货汽车、且 《中华人民共和国道路交通安全法》第二十二条 《中华人民共和国道路交通安全法》第九十一条第一款、 0 1000 2000 1600 吊销 1 10 7 不可
醉酒驾驶被 曾因醉酒驾驶被处罚的 第二款（具体法条条款同上） 第二款（具体法条条款同上） 警告
饮酒处驾罚驶的机
饮酒驾驶中型以上载客汽车、危
275 603D4 动车且曾因 化品运输车辆、校车、且曾因醉 《中华人民共和国道路交通安全法》第二十二条 《中华人民共和国道路交通安全法》第九十一条第一款、 0 1000 2000 1800 吊销 1 10 10 不可
醉酒驾驶被 酒驾驶被处罚的 第二款（具体法条条款同上） 第二款（具体法条条款同上） 警告
处罚的
《中华人民共和国道路交通安全法》第九十条机动车驾驶
机动车号牌 《中华人民共和国道路交通安全法》第十一条第
人违反道路交通安全法律、法规关于道路通行规定的，处 可警
276 60451 不清晰、不 摩托车号牌不清晰、不完整的 二款机动车号牌应当按照规定悬挂并保持清晰 、 0 20 200 60 0 0 0
警告或者二十元以上二百元以下罚款 。本法另有规定的， 告
完整的 完整，不得故意遮挡、污损
依照规定处罚
机动车号牌
小、微型机动车号牌不清晰、不 《中华人民共和国道路交通安全法》第十一条第 《中华人民共和国道路交通安全法》第九十条（具体法条 可警
277 60452 不清晰、不 0 20 200 90 0 0 0
完整的 二款（具体法条条款同上） 条款同上） 告
完整的
机动车号牌
中型以上载货汽车号牌不清晰、 《中华人民共和国道路交通安全法》第十一条第 《中华人民共和国道路交通安全法》第九十条（具体法条 可警
278 60453 不清晰、不 0 20 200 120 0 0 0
不完整的 二款（具体法条条款同上） 条款同上） 告
完整的

违法 罚款 罚款 默认值 拘留 拘留 默认值 警告
序号 违法描述 违法内容 违法规定 法律条文 违法记分数 暂扣 吊销
行为 最小值 最大值 （指导基准） 最小 最大 （指导基准） 标记
机动车号牌 中型以上载客汽车、危化品运输
《中华人民共和国道路交通安全法》第十一条第 《中华人民共和国道路交通安全法》第九十条（具体法条 可警
279 60454 不清晰、不 车辆、校车号牌不清晰、不完整 0 20 200 150 0 0 0
二款（具体法条条款同上） 条款同上） 告
完整的 的
《机动车驾驶证申领和使用规定》第四十一条 申 《中华人民共和国道路交通安全法》第九十九条第一款有
请人在场地和道路上学习驾驶，应当按规定取得 下列行为之一的，由公安机关交通管理部门处二百元以上
学习驾驶证明。学习驾驶证明的有效期为三年， 二千元以下罚款：（一）未取得机动车驾驶证、机动车驾
但有效期截止日期不得超过申请年龄条件上限 。 驶证被吊销或者机动车驾驶证被暂扣期间驾驶机动车的 、
学习驾驶时 摩托车驾驶证申请人在道路上学 申请人应当在有效期内完成科目二和科目三考试 第二款行为人有前款第二项、第四项情形之一的，可以并
不可
280 60542 未取得学习 习驾驶时、未取得学习驾驶证明 。未在有效期内完成考试的，已考试合格的科目 处吊销机动车驾驶证；有第一项、第三项、第五项至第八 0 200 2000 600 0 15 5
警告
驾驶证明的 的 成绩作废。 项情形之一的，可以并处十五日以下拘留、《机动车驾驶
学习驾驶证明可以采用纸质或者电子形式 ，纸质 证申领和使用规定》第九十七条第一款申请人在道路上学
学习驾驶证明和电子学习驾驶证明具有同等效力 习驾驶时，有下列情形之一的，由公安机关交通管理部门
。申请人可以通过互联网交通安全综合服务管理 按照《道路交通安全法》第九十九条第一款第一项规定予
平台打印或者下载学习驾驶证明。 以处罚：第一项未取得学习驾驶证明的。
学习驾驶时 小、微型机动车驾驶证申请人在 《中华人民共和国道路交通安全法》第九十九条第一款第
《机动车驾驶证申领和使用规定》第四十一条 不可
281 60543 未取得学习 道路上学习驾驶时、未取得学习 一项、第二款、《机动车驾驶证申领和使用规定》第九十 0 200 2000 900 0 15 5
（具体法条条款同上） 警告
驾驶证明的 驾驶证明的 七条第一款（具体法条条款同上）
学习驾驶时 中型以上客、货运汽车驾驶证申 《中华人民共和国道路交通安全法》第九十九条第一款第
《机动车驾驶证申领和使用规定》第四十一条 不可
282 60544 未取得学习 请人在道路上学习驾驶时、未取 一项、第二款、《机动车驾驶证申领和使用规定》第九十 0 200 2000 1200 0 15 7
（具体法条条款同上） 警告
驾驶证明的 得学习驾驶证明的 七条第一款（具体法条条款同上）
学习驾驶时 大型客车驾驶证申请人在道路上 《中华人民共和国道路交通安全法》第九十九条第一款第
《机动车驾驶证申领和使用规定》第四十一条 不可
283 60545 未取得学习 学习驾驶时、未取得学习驾驶证 一项、第二款、《机动车驾驶证申领和使用规定》第九十 0 200 2000 1500 0 15 10
（具体法条条款同上） 警告
驾驶证明的 明的 七条第一款（具体法条条款同上）
《中华人民共和国道路交通安全法》第九十九条第一款有
《机动车驾驶证申领和使用规定》第四十二条 申
下列行为之一的，由公安机关交通管理部门处二百元以上
请人在道路上学习驾驶，应当随身携带学习驾驶
二千元以下罚款：（一）未取得机动车驾驶证、机动车驾
证明，使用教练车或者学车专用标识签注的自学
驶证被吊销或者机动车驾驶证被暂扣期间驾驶机动车的 、
学习驾驶时 用车，在教练员或者学车专用标识签注的指导人
摩托车驾驶证申请人在道路上学 第二款行为人有前款第二项、第四项情形之一的，可以并
由不符合规 员随车指导下，按照公安机关交通管理部门指定 不可
284 60562 习驾驶时、由不符合规定的人员 处吊销机动车驾驶证；有第一项、第三项、第五项至第八 0 200 2000 600 0 15 5
定的人员随 的路线、时间进行。 警告
随车指导的 项情形之一的，可以并处十五日以下拘留、《机动车驾驶
车指导的 申请人为自学直考人员的，在道路上学习驾驶
证申领和使用规定》第九十七条第一款申请人在道路上学
时，应当在自学用车上按规定放置、粘贴学车专
习驾驶时，有下列情形之一的，由公安机关交通管理部门
用标识，自学用车不得搭载随车指导人员以外的
按照《道路交通安全法》第九十九条第一款第一项规定予
其他人员。
以处罚：第三项由不符合规定的人员随车指导的 。
学习驾驶时
小、微型机动车驾驶证申请人在 《中华人民共和国道路交通安全法》第九十九条第一款第
由不符合规 《机动车驾驶证申领和使用规定》第四十二条 不可
285 60563 道路上学习驾驶时、由不符合规 一项、第二款，《机动车驾驶证申领和使用规定》第九十 0 200 2000 900 0 15 5
定的人员随 （具体法条条款同上） 警告
定的人员随车指导的 七条第一款、第三项（具体法条条款同上）
车指导的
学习驾驶时
中型以上客、货运汽车驾驶证申 《中华人民共和国道路交通安全法》第九十九条第一款第
由不符合规 《机动车驾驶证申领和使用规定》第四十二条 不可
286 60564 请人在道路上学习驾驶时、由不 一项、第二款，《机动车驾驶证申领和使用规定》第九十 0 200 2000 1200 0 15 7
定的人员随 （具体法条条款同上） 警告
符合规定的人员随车指导的 七条第一款、第三项（具体法条条款同上）
车指导的
学习驾驶时
大型客车驾驶证申请人在道路上 《中华人民共和国道路交通安全法》第九十九条第一款第
由不符合规 《机动车驾驶证申领和使用规定》第四十二条 不可
287 60565 学习驾驶时、由不符合规定的人 一项、第二款，《机动车驾驶证申领和使用规定》第九十 0 200 2000 1500 0 15 10
定的人员随 （具体法条条款同上） 警告
员随车指导的 七条第一款、第三项（具体法条条款同上）
车指导的

违法 罚款 罚款 默认值 拘留 拘留 默认值 警告
序号 违法描述 违法内容 违法规定 法律条文 违法记分数 暂扣 吊销
行为 最小值 最大值 （指导基准） 最小 最大 （指导基准） 标记
《机动车驾驶证申领和使用规定》第四十一条 申 《中华人民共和国道路交通安全法》《中华人民共和国道
请人在场地和道路上学习驾驶，应当按规定取得 路交通安全法》第九十九条第一款有下列行为之一的 ，由
学习驾驶证明。学习驾驶证明的有效期为三年， 公安机关交通管理部门处二百元以上二千元以下罚款 ：
将机动车交 但有效期截止日期不得超过申请年龄条件上限 。 （二）将机动车交由未取得机动车驾驶证或者机动车驾驶
由未取得学 申请人应当在有效期内完成科目二和科目三考试 证被吊销、暂扣的人驾驶的；第二款行为人有前款第二项 可以
将摩托车交由申请人驾驶、申请 不可
288 60572 习驾驶证明 。未在有效期内完成考试的，已考试合格的科目 、第四项情形之一的，可以并处吊销机动车驾驶证；有第 0 200 2000 600 并处 0 0 0
人未取得学习驾驶证明的 警告
的申请人驾 成绩作废。 一项、第三项、第五项至第八项情形之一的，可以并处十 吊销
驶的 学习驾驶证明可以采用纸质或者电子形式 ，纸质 五日以下拘留，《机动车驾驶证申领和使用规定》第九十
学习驾驶证明和电子学习驾驶证明具有同等效力 七条第二款将机动车交由有前款规定情形之一的申请人驾
。申请人可以通过互联网交通安全综合服务管理 驶的，由公安机关交通管理部门按照《道路交通安全法》
平台打印或者下载学习驾驶证明。 第九十九条第一款第二项规定予以处罚 。
将机动车交
由未取得学 将小、微型机动车交由申请人驾 《机动车驾驶证申领和使用规定》第四十一条 《中华人民共和国道路交通安全法》第九十九条第一款第 可以 不可
289 60573 习驾驶证明 驶、申请人未取得学习驾驶证明 （具体法条条款同上） 二项、第二款、《机动车驾驶证申领和使用规定》第九十 0 200 2000 900 并处 0 0 0 警告
的申请人驾 的 七条第二款（具体法条条款同上） 吊销
驶的
将机动车交
由未取得学 将中型以上客、货运汽车交由申 《机动车驾驶证申领和使用规定》第四十一条 《中华人民共和国道路交通安全法》第九十九条第一款第 可以 不可
290 60574 习驾驶证明 请人驾驶、申请人未取得学习驾 （具体法条条款同上） 二项、第二款、《机动车驾驶证申领和使用规定》第九十 0 200 2000 1200 并处 0 0 0 警告
的申请人驾 驶证明的 七条第二款（具体法条条款同上） 吊销
驶的
将机动车交
由未取得学 将大型客车交由申请人驾驶、申 《机动车驾驶证申领和使用规定》第四十一条 《中华人民共和国道路交通安全法》第九十九条第一款第 可以 不可
291 60575 习驾驶证明 请人未取得学习驾驶证明的 （具体法条条款同上） 二项、第二款、《机动车驾驶证申领和使用规定》第九十 0 200 2000 1500 并处 0 0 0 警告
的申请人驾 七条第二款（具体法条条款同上） 吊销
驶的
《中华人民共和国道路交通安全法》《中华人民共和国道
《机动车驾驶证申领和使用规定》第四十二条 申
路交通安全法》第九十九条第一款有下列行为之一的 ，由
请人在道路上学习驾驶，应当随身携带学习驾驶
公安机关交通管理部门处二百元以上二千元以下罚款 ：第
证明，使用教练车或者学车专用标识签注的自学
将机动车交 一项未取得机动车驾驶证、机动车驾驶证被吊销或者机动
用车，在教练员或者学车专用标识签注的指导人
由没有教练 车驾驶证被暂扣期间驾驶机动车的 、第二款行为人有前款 可以
将摩托车交由申请人驾驶、没有 员随车指导下，按照公安机关交通管理部门指定 不可
292 60592 员或随车指 第二项、第四项情形之一的，可以并处吊销机动车驾驶 0 200 2000 600 并处 0 0 0
教练员或随车指导人员的 的路线、时间进行。 警告
导人员的申 证；有第一项、第三项、第五项至第八项情形之一的，可 吊销
申请人为自学直考人员的，在道路上学习驾驶
请人驾驶的 以并处十五日以下拘留，《机动车驾驶证申领和使用规定
时，应当在自学用车上按规定放置、粘贴学车专
》第九十七条第二款将机动车交由有前款规定情形之一的
用标识，自学用车不得搭载随车指导人员以外的
申请人驾驶的，由公安机关交通管理部门按照《道路交通
其他人员。
安全法》第九十九条第一款第二项规定予以处罚 。
将机动车交
由没有教练 将小、微型机动车交由申请人驾 《中华人民共和国道路交通安全法》第九十九条第一款第 可以
《机动车驾驶证申领和使用规定》第四十二条 不可
293 60593 员或随车指 驶、没有教练员或随车指导人员 二项、第二款、《机动车驾驶证申领和使用规定》第九十 0 200 2000 900 并处 0 0 0
（具体法条条款同上） 警告
导人员的申 的 七条第二款（具体法条条款同上） 吊销
请人驾驶的
将机动车交
由没有教练 将中型以上客、货运汽车交由申 《中华人民共和国道路交通安全法》第九十九条第一款第 可以
《机动车驾驶证申领和使用规定》第四十二条 不可
294 60594 员或随车指 请人驾驶、没有教练员或随车指 二项、第二款、《机动车驾驶证申领和使用规定》第九十 0 200 2000 1200 并处 0 0 0
（具体法条条款同上） 警告
导人员的申 导人员的 七条第二款（具体法条条款同上） 吊销
请人驾驶的
将机动车交
由没有教练 《中华人民共和国道路交通安全法》第九十九条第一款第 可以
将大型客车交由申请人驾驶、没 《机动车驾驶证申领和使用规定》第四十二条 不可
295 60595 员或随车指 二项、第二款、《机动车驾驶证申领和使用规定》第九十 0 200 2000 1500 并处 0 0 0
有教练员或随车指导人员的 （具体法条条款同上） 警告
导人员的申 七条第二款（具体法条条款同上） 吊销
请人驾驶的

违法 罚款 罚款 默认值 拘留 拘留 默认值 警告
序号 违法描述 违法内容 违法规定 法律条文 违法记分数 暂扣 吊销
行为 最小值 最大值 （指导基准） 最小 最大 （指导基准） 标记
《中华人民共和国道路交通安全法》《中华人民共和国道
《机动车驾驶证申领和使用规定》第四十二条 申
路交通安全法》第九十九条第一款有下列行为之一的 ，由
请人在道路上学习驾驶，应当随身携带学习驾驶
公安机关交通管理部门处二百元以上二千元以下罚款 ：第
证明，使用教练车或者学车专用标识签注的自学
将机动车交 一项未取得机动车驾驶证、机动车驾驶证被吊销或者机动
用车，在教练员或者学车专用标识签注的指导人
由不符合规 将机动车交由摩托车申请人驾驶 车驾驶证被暂扣期间驾驶机动车的 、第二款行为人有前款 可以
员随车指导下，按照公安机关交通管理部门指定 不可
296 60602 定人员随车 、由不符合规定的人员随车指导 第二项、第四项情形之一的，可以并处吊销机动车驾驶 0 200 2000 600 并处 0 0 0
的路线、时间进行。 警告
指导的申请 的 证；有第一项、第三项、第五项至第八项情形之一的，可 吊销
申请人为自学直考人员的，在道路上学习驾驶
人驾驶的 以并处十五日以下拘留，《机动车驾驶证申领和使用规定
时，应当在自学用车上按规定放置、粘贴学车专
》第九十七条第二款将机动车交由有前款规定情形之一的
用标识，自学用车不得搭载随车指导人员以外的
申请人驾驶的，由公安机关交通管理部门按照《道路交通
其他人员。
安全法》第九十九条第一款第二项规定予以处罚 。
将机动车交
由不符合规 将机动车交由小、微型机动车申 《机动车驾驶证申领和使用规定》第四十二条 《中华人民共和国道路交通安全法》第九十九条第一款第 可以 不可
297 60603 定人员随车 请人驾驶、由不符合规定的人员 （具体法条条款同上） 二项、第二款、《机动车驾驶证申领和使用规定》第九十 0 200 2000 900 并处 0 0 0 警告
指导的申请 随车指导的 七条第二款（具体法条条款同上） 吊销
人驾驶的
将机动车交
由不符合规 将机动车交由中型以上客、货运 《机动车驾驶证申领和使用规定》第四十二条 《中华人民共和国道路交通安全法》第九十九条第一款第 可以 不可
298 60604 定人员随车 汽车申请人驾驶、由不符合规定 （具体法条条款同上） 二项、第二款、《机动车驾驶证申领和使用规定》第九十 0 200 2000 1200 并处 0 0 0 警告
指导的申请 的人员随车指导的 七条第二款（具体法条条款同上） 吊销
人驾驶的
将机动车交
由不符合规 将机动车交由大型客车申请人驾 《机动车驾驶证申领和使用规定》第四十二条 《中华人民共和国道路交通安全法》第九十九条第一款第 可以 不可
299 60605 定人员随车 驶、由不符合规定的人员随车指 （具体法条条款同上） 二项、第二款、《机动车驾驶证申领和使用规定》第九十 0 200 2000 1500 并处 0 0 0 警告
指导的申请 导的 七条第二款（具体法条条款同上） 吊销
人驾驶的
驾驶排放检 《中华人民共和国大气污染防治法》第一百一十 《中华人民共和国道路交通安全法》第九十条机动车驾驶
验不合格的 驾驶排放检验不合格的摩托车上 三条违反本法规定，机动车驾驶人驾驶排放检验 人违反道路交通安全法律、法规关于道路通行规定的，处 可警
300 60631 0 20 200 60 0 0 0
机动车上道 道路行驶的 不合格的机动车上道路行驶的，由公安机关交通 警告或者二十元以上二百元以下罚款 。本法另有规定的， 告
路行驶的 管理部门依法予以处罚。 依照规定处。
驾驶排放检
验不合格的 驾驶排放检验不合格的小、微型 《中华人民共和国大气污染防治法》第一百一十 《中华人民共和国道路交通安全法》第九十条（具体法条 可警
301 60632 0 20 200 90 0 0 0
机动车上道 机动车上道路行驶的 三条（具体法条条款同上） 条款同上） 告
路行驶的
驾驶排放检
验不合格的 驾驶排放检验不合格的中型以上 《中华人民共和国大气污染防治法》第一百一十 《中华人民共和国道路交通安全法》第九十条（具体法条 可警
302 60633 0 20 200 120 0 0 0
机动车上道 载货汽车上道路行驶的 三条（具体法条条款同上） 条款同上） 告
路行驶的
驾驶排放检
驾驶排放检验不合格的中型以上
验不合格的 《中华人民共和国大气污染防治法》第一百一十 《中华人民共和国道路交通安全法》第九十条（具体法条 可警
303 60634 载客汽车、危化品运输车辆、校 0 20 200 150 0 0 0
机动车上道 三条（具体法条条款同上） 条款同上） 告
车上道路行驶的
路行驶的
连续驾驶载
《中华人民共和国道路交通安全法》第二十二条 《中华人民共和国道路交通安全法》第九十条机动车驾驶
货汽车、中
第二款饮酒、服用国家管制的精神药品或者麻醉 人违反道路交通安全法律、法规关于道路通行规定的，处
型以上载客
连续驾驶载货汽车、中型以上载 药品，或者患有妨碍安全驾驶机动车的疾病 ，或 警告或者二十元以上二百元以下罚款 。本法另有规定的，
汽车以外的
客汽车以外的机动车超过4小时 者过度疲劳影响安全驾驶的，不得驾驶机动车、 依照规定处罚。《新疆维吾尔自治区实施〈道路交通安全 可警
304 6064 机动车超过4 0 20 200 100 0 0 0
未停车休息或者停车休息时间少 《中华人民共和国道路交通安全法实施条例 》第 法〉办法》第七十八条驾驶机动车有下列行为之一的 ，处 告
小时未停车
于20分钟的 六十二条驾驶机动车不得有下列行为 ：第七项连 100元罚款：
休息或者停
续驾驶机动车超过4小时未停车休息或者停车休息 （一）连续驾驶机动车超过4小时未停车休息或者停车休
车休息时间
时间少于20分钟。 息时间少于20分钟的；
少于20分钟

违法 罚款 罚款 默认值 拘留 拘留 默认值 警告
序号 违法描述 违法内容 违法规定 法律条文 违法记分数 暂扣 吊销
行为 最小值 最大值 （指导基准） 最小 最大 （指导基准） 标记
《中华人民共和国道路交通安全法》第九十条机动车驾驶
人违反道路交通安全法律、法规关于道路通行规定的，处
载货车牵引 《中华人民共和国道路交通安全法实施条例 》第 警告或者二十元以上二百元以下罚款 。本法另有规定的， 可警
305 6065 载货汽车牵引多辆挂车的 0 20 200 50 0 0 0
多辆挂车 五十六条第一款第一项 依照规定处。《新疆维吾尔自治区实施〈道路交通安全法 告
〉办法》第七十七条机动车驾驶人有下列行为之一的 ，处
50元罚款：（二）违反牵引车辆规定的；
《中华人民共和国道路交通安全法》第九十条机动车驾驶
《中华人民共和国道路交通安全法实施条例 》第
人违反道路交通安全法律、法规关于道路通行规定的，处
五十六条第一款机动车牵引挂车应当符合下列规
半挂车牵引 警告或者二十元以上二百元以下罚款 。本法另有规定的， 可警
306 6066 半挂牵引车牵引多辆挂车的 定：第一项载货汽车、半挂牵引车、拖拉机只允 0 20 200 50 0 0 0
多辆挂车 依照规定处。《新疆维吾尔自治区实施〈道路交通安全法 告
许牵引1辆挂车。挂车的灯光信号、制动、连接、
〉办法》第七十七条机动车驾驶人有下列行为之一的 ，处
安全防护等装置应当符合国家标准 。
50元罚款：（三）违反牵引挂车规定的；
《中华人民共和国道路交通安全法》第九十条机动车驾驶
《中华人民共和国道路交通安全法实施条例 》第 人违反道路交通安全法律、法规关于道路通行规定的，处
小型载客车
小型载客汽车牵引旅居挂车以外 五十六条第一款机动车牵引挂车应当符合下列规 警告或者二十元以上二百元以下罚款 。本法另有规定的， 可警
307 6067 不按规定牵 0 20 200 50 0 0 0
的且总质量700千克以上挂车的 定第二项小型载客汽车只允许牵引旅居挂车或者 依照规定处。《新疆维吾尔自治区实施〈道路交通安全法 告
引挂车
总质量700千克以下的挂车。挂车不得载人。 〉办法》第七十七条机动车驾驶人有下列行为之一的 ，处
50元罚款：（二）违反牵引车辆规定的。
《中华人民共和国道路交通安全法实施条例 》第 《中华人民共和国道路交通安全法》第九十条机动车驾驶
挂车载质量
载货汽车牵引挂车的载质量超过 五十六条第一款机动车牵引挂车应当符合下列规 人违反道路交通安全法律、法规关于道路通行规定的，处 可警
308 6068 超越车辆本 0 20 200 120 0 0 0
汽车本身的载质量的 定第三项载货汽车所牵引挂车的载质量不得超过 警告或者二十元以上二百元以下罚款 。本法另有规定的， 告
身载质量
载货汽车本身的载质量。 依照规定处。
《中华人民共和国道路交通安全法》第九十条机动车驾驶
《中华人民共和国道路交通安全法实施条例 》第 人违反道路交通安全法律、法规关于道路通行规定的，处
大型载客汽 五十六条第二款 大型、中型载客汽车，低速载 警告或者二十元以上二百元以下罚款 。本法另有规定的， 可警
309 6069 大型载客汽车牵引挂车的 0 20 200 50 0 0 0
车牵引挂车 货汽车，三轮汽车以及其他机动车不得牵引挂车 依照规定处。《新疆维吾尔自治区实施〈道路交通安全法 告
。 〉办法》第七十七条机动车驾驶人有下列行为之一的 ，处
50元罚款：（二）违反牵引车辆规定的。
《中华人民共和国道路交通安全法》第九十条机动车驾驶
《中华人民共和国道路交通安全法实施条例 》第 人违反道路交通安全法律、法规关于道路通行规定的，处
中型载客汽 五十六条第二款 大型、中型载客汽车，低速载 警告或者二十元以上二百元以下罚款 。本法另有规定的， 可警
310 6070 中型载客汽车牵引挂车的 0 20 200 50 0 0 0
车牵引挂车 货汽车，三轮汽车以及其他机动车不得牵引挂车 依照规定处。《新疆维吾尔自治区实施〈道路交通安全法 告
。 〉办法》第七十七条机动车驾驶人有下列行为之一的 ，处
50元罚款：（二）违反牵引车辆规定的。
《中华人民共和国道路交通安全法》第九十条机动车驾驶
《中华人民共和国道路交通安全法实施条例 》第 人违反道路交通安全法律、法规关于道路通行规定的，处
低速载货汽 五十六条第二款 大型、中型载客汽车，低速载 警告或者二十元以上二百元以下罚款 。本法另有规定的， 可警
311 6071 低速载货汽车牵引挂车的 0 20 200 50 0 0 0
车牵引挂车 货汽车，三轮汽车以及其他机动车不得牵引挂车 依照规定处。《新疆维吾尔自治区实施〈道路交通安全法 告
。 〉办法》第七十七条机动车驾驶人有下列行为之一的 ，处
50元罚款：（二）违反牵引车辆规定的。

违法 罚款 罚款 默认值 拘留 拘留 默认值 警告
序号 违法描述 违法内容 违法规定 法律条文 违法记分数 暂扣 吊销
行为 最小值 最大值 （指导基准） 最小 最大 （指导基准） 标记
《中华人民共和国道路交通安全法》第九十条机动车驾驶
《中华人民共和国道路交通安全法实施条例 》第 人违反道路交通安全法律、法规关于道路通行规定的，处
三轮机动车 五十六条第二款 大型、中型载客汽车，低速载 警告或者二十元以上二百元以下罚款 。本法另有规定的， 可警
312 6072 三轮机动车汽车牵引挂车的 0 20 200 50 0 0 0
牵引挂车 货汽车，三轮汽车以及其他机动车不得牵引挂车 依照规定处。《新疆维吾尔自治区实施〈道路交通安全法 告
。 〉办法》第七十七条机动车驾驶人有下列行为之一的 ，处
50元罚款：（二）违反牵引车辆规定的。
《中华人民共和国道路交通安全法实施条例 》第
《中华人民共和国道路交通安全法》第九十条机动车驾驶
左转弯不靠 五十一条动车通过有交通信号灯控制的交叉路
左转弯时、摩托车未靠路口中心 人违反道路交通安全法律、法规关于道路通行规定的，处 可警
313 60881 路口中心行 口，应当按照下列规定通行：第三项向左转弯 0 20 200 60 0 0 0
点左侧转弯的 警告或者二十元以上二百元以下罚款 。本法另有规定的， 告
驶 时，靠路口中心点左侧转弯。转弯时开启转向
依照规定处。
灯，夜间行驶开启近光灯。
左转弯不靠 左转弯时、小、微型机动车未靠 《中华人民共和国道路交通安全法实施条例 》第 《中华人民共和国道路交通安全法》第九十条（具体法条 可警
314 60882 路口中心行 路口中心点左侧转弯的 五十一条第三项（具体法条条款同上） 条款同上） 0 20 200 90 0 0 0 告
左转弯驶不靠 左转弯时、中型以上载货汽车未 《中华人民共和国道路交通安全法实施条例 》第 《中华人民共和国道路交通安全法》第九十条（具体法条 可警
315 60883 路口中心行 靠路口中心点左侧转弯的 五十一条第三项（具体法条条款同上） 条款同上） 0 20 200 120 0 0 0 告
驶
左转弯不靠 左转弯时、中型以上载客汽车、
《中华人民共和国道路交通安全法实施条例 》第 《中华人民共和国道路交通安全法》第九十条（具体法条 可警
316 60884 路口中心行 危化品运输车辆、校车未靠路口 0 20 200 150 0 0 0
五十一条第三项（具体法条条款同上） 条款同上） 告
驶 中心点左侧转弯的
《中华人民共和国道路交通安全法实施条例 》第 《中华人民共和国道路交通安全法》第九十条机动车驾驶
信号路口不 摩托车通过路口遇放行信号、不 五十一条机动车通过有交通信号灯控制的交叉路 人违反道路交通安全法律、法规关于道路通行规定的，处 可警
317 60891 0 20 200 60 0 0 0
依次通过 依次通过的 口，应当按照下列规定通行：第四项遇放行信号 警告或者二十元以上二百元以下罚款 。本法另有规定的， 告
时，依次通过。 依照规定处。
信号路口不 小、微型机动车通过路口遇放行 《中华人民共和国道路交通安全法实施条例 》第 《中华人民共和国道路交通安全法》第九十条（具体法条 可警
318 60892 0 20 200 90 0 0 0
依次通过 信号、不依次通过的 五十一条第四项（具体法条条款同上） 条款同上） 告
信号路口不 中型以上载货汽车通过路口遇放 《中华人民共和国道路交通安全法实施条例 》第 《中华人民共和国道路交通安全法》第九十条（具体法条 可警
319 60893 0 20 200 120 0 0 0
依次通过 行信号、不依次通过的 五十一条第四项（具体法条条款同上） 条款同上） 告
中型以上载客汽车、危化品运输
信号路口不 《中华人民共和国道路交通安全法实施条例 》第 《中华人民共和国道路交通安全法》第九十条（具体法条 可警
320 60894 车辆、校车通过路口遇放行信号 0 20 200 150 0 0 0
依次通过 五十一条第四项（具体法条条款同上） 条款同上） 告
、不依次通过的
《中华人民共和国道路交通安全法实施条例 》第
《中华人民共和国道路交通安全法》第九十条机动车驾驶
信号灯路口 五十一条机动车通过有交通信号灯控制的交叉路
摩托车通过路口遇停止信号时、 人违反道路交通安全法律、法规关于道路通行规定的，处 可警
321 60901 越停车线停 口，应当按照下列规定通行：第五项遇停止信号 0 20 200 60 0 0 0
停在停止线以内或路口内的 警告或者二十元以上二百元以下罚款 。本法另有规定的， 告
车 时，依次停在停止线以外。没有停止线的，停在
依照规定处。
路口以外。
信号灯路口 小、微型机动车通过路口遇停止
《中华人民共和国道路交通安全法实施条例 》第 《中华人民共和国道路交通安全法》第九十条（具体法条 可警
322 60902 越停车线停 信号时、停在停止线以内或路口 0 20 200 90 0 0 0
五十一条第五项（具体法条条款同上） 条款同上） 告
车 内的
信号灯路口 中型以上载货汽车通过路口遇停
《中华人民共和国道路交通安全法实施条例 》第 《中华人民共和国道路交通安全法》第九十条（具体法条 可警
323 60903 越停车线停 止信号时、停在停止线以内或路 0 20 200 120 0 0 0
五十一条第五项（具体法条条款同上） 条款同上） 告
车 口内的
信号灯路口 中型以上载客汽车、危化品运输
《中华人民共和国道路交通安全法实施条例 》第 《中华人民共和国道路交通安全法》第九十条（具体法条 可警
324 60904 越停车线停 车辆、校车通过路口遇停止信号 0 20 200 150 0 0 0
五十一条第五项（具体法条条款同上） 条款同上） 告
车 时、停在停止线以内或路口内的
驾驶校车、
驾驶校车、公路客运汽车、旅游 《中华人民共和国道路交通安全法》第九十条机动车驾驶
公路客运汽 《中华人民共和国道路交通安全法》第四十九条
客运汽车以外的小型载客汽车载 人违反道路交通安全法律、法规关于道路通行规定的，处 可警
325 60911 车、旅游客 机动车载人不得超过核定的人数，客运机动车不 0 20 200 100 0 0 0
人超过核定人数未达到百分之二 警告或者二十元以上二百元以下罚款 。本法另有规定的， 告
运汽车以外 得违反规定载货。
十的 依照规定处。
的其他载客

违法 罚款 罚款 默认值 拘留 拘留 默认值 警告
序号 违法描述 违法内容 违法规定 法律条文 违法记分数 暂扣 吊销
行为 最小值 最大值 （指导基准） 最小 最大 （指导基准） 标记
驾驶校车、 驾驶校车、公路客运汽车、旅游
公路客运汽 客运汽车以外的中型以上载客汽 《中华人民共和国道路交通安全法》第四十九条 《中华人民共和国道路交通安全法》第九十条（具体法条 可警
326 60912 车、旅游客 车载人超过核定人数未达到百分 （具体法条条款同上） 条款同上） 0 20 200 180 0 0 0 告
运汽车以外 之二十的
的其他载客
《中华人民共和国道路交通安全法实施条例 》第 《中华人民共和国道路交通安全法》第九十条机动车驾驶
不按导向车 摩托车通过有灯控路口时、不按 五十一条机动车通过有交通信号灯控制的交叉路 人违反道路交通安全法律、法规关于道路通行规定的，处 可警
327 60951 0 20 200 60 0 0 0
道行驶 所需行进方向驶入导向车道的 口，应当按照下列规定通行：第一项在划有导向 警告或者二十元以上二百元以下罚款 。本法另有规定的， 告
车道的路口，按所需行进方向驶入导向车道。 依照规定处。
小、微型机动车通过有灯控路口
不按导向车 《中华人民共和国道路交通安全法实施条例 》第 《中华人民共和国道路交通安全法》第九十条（具体法条 可警
328 60952 时、不按所需行进方向驶入导向 0 20 200 90 0 0 0
道行驶 五十一条第一项（具体法条条款同上） 条款同上） 告
车道的
中型以上载货汽车通过有灯控路
不按导向车 《中华人民共和国道路交通安全法实施条例 》第 《中华人民共和国道路交通安全法》第九十条（具体法条 可警
329 60953 口时、不按所需行进方向驶入导 0 20 200 120 0 0 0
道行驶 五十一条第一项（具体法条条款同上） 条款同上） 告
向车道的
中型以上载客汽车、危化品运输
330 60954 不按导向车 车辆、校车通过有灯控路口时、 《中华人民共和国道路交通安全法实施条例 》第 《中华人民共和国道路交通安全法》第九十条（具体法条 0 20 200 150 0 0 0 可警
道行驶 不按所需行进方向驶入导向车道 五十一条第一项（具体法条条款同上） 条款同上） 告
的 《中华人民共和国道路交通安全法实施条例 》第 《中华人民共和国道路交通安全法》第九十条机动车驾驶
摩托车通过路口向右转弯遇同车 五十一条机动车通过有交通信号灯控制的交叉路 人违反道路交通安全法律、法规关于道路通行规定的，处 可警
331 60961 强行右转弯 道内有车等候放行信号时、不依 口，应当按照下列规定通行：第六项向右转弯遇 警告或者二十元以上二百元以下罚款 。本法另有规定的， 0 20 200 60 0 0 0 告
次停车等候的 有同车道前车正在等候放行信号时 ，依次停车等 依照规定处。
候。
小、微型机动车通过路口向右转
《中华人民共和国道路交通安全法实施条例 》第 《中华人民共和国道路交通安全法》第九十条（具体法条 可警
332 60962 强行右转弯 弯遇同车道内有车等候放行信号 0 20 200 90 0 0 0
五十一条第六项（具体法条条款同上） 条款同上） 告
时、不依次停车等候的
中型以上载货汽车通过路口向右
《中华人民共和国道路交通安全法实施条例 》第 《中华人民共和国道路交通安全法》第九十条（具体法条 可警
333 60963 强行右转弯 转弯遇同车道内有车等候放行信 0 20 200 120 0 0 0
五十一条第六项（具体法条条款同上） 条款同上） 告
号时、不依次停车等候的
中型以上载客汽车、危化品运输
车辆、校车通过路口向右转弯遇 《中华人民共和国道路交通安全法实施条例 》第 《中华人民共和国道路交通安全法》第九十条（具体法条 可警
334 60964 强行右转弯 0 20 200 150 0 0 0
同车道内有车等候放行信号时、 五十一条第六项（具体法条条款同上） 条款同上） 告
不依次停车等候的
《中华人民共和国道路交通安全法实施条例 》第 《中华人民共和国道路交通安全法》第九十条机动车驾驶
交通阻塞路
摩托车在路口遇有交通阻塞时、 五十三条第一款机动车遇有前方交叉路口交通阻 人违反道路交通安全法律、法规关于道路通行规定的，处 可警
335 60971 口不依次等 0 20 200 60 0 0 0
未依次等候的 塞时，应当依次停在路口以外等候，不得进入路 警告或者二十元以上二百元以下罚款 。本法另有规定的， 告
候
口。 依照规定处。
交通阻塞路 小、微型机动车在路口遇有交通 《中华人民共和国道路交通安全法实施条例 》第 《中华人民共和国道路交通安全法》第九十条（具体法条 可警
336 60972 口不依次等 阻塞时、未依次等候的 五十三条第一款（具体法条条款同上） 条款同上） 0 20 200 90 0 0 0 告
交通阻候塞路
中型以上载货汽车在路口遇有交 《中华人民共和国道路交通安全法实施条例 》第 《中华人民共和国道路交通安全法》第九十条（具体法条 可警
337 60973 口不依次等 0 20 200 120 0 0 0
通阻塞时、未依次等候的 五十三条第一款（具体法条条款同上） 条款同上） 告
候
交通阻塞路 中型以上载客汽车、危化品运输
《中华人民共和国道路交通安全法实施条例 》第 《中华人民共和国道路交通安全法》第九十条（具体法条 可警
338 60974 口不依次等 车辆、校车在路口遇有交通阻塞 0 20 200 150 0 0 0
五十三条第一款（具体法条条款同上） 条款同上） 告
候 时、未依次等候的

违法 罚款 罚款 默认值 拘留 拘留 默认值 警告
序号 违法描述 违法内容 违法规定 法律条文 违法记分数 暂扣 吊销
行为 最小值 最大值 （指导基准） 最小 最大 （指导基准） 标记
《中华人民共和国噪声污染防治法》第四十七条
第一款机动车的消声器和喇叭应当符合国家规定
。禁止驾驶拆除或者损坏消声器、加装排气管等
驾驶拆除或
擅自改装的机动车以轰鸣、疾驶等方式造成噪音
者损坏消声 《中华人民共和国道路交通安全法》第九十条机动车驾驶
污染，第七十九条第一款违反本法规定，驾驶拆
器、加装排 驾驶拆除或者损坏消声器、加装 人违反道路交通安全法律、法规关于道路通行规定的，处 可警
339 60981 除或者损坏消声器、加装排气管等擅自改装的机 0 20 200 60 0 0 0
气管等擅自 排气管等擅自改装的摩托车的 警告或者二十元以上二百元以下罚款 。本法另有规定的， 告
动车轰鸣、疾驶，机动车运行时未按照规定使用
改装的机动 依照规定处。
声响装置，或者违反禁止机动车行驶和使用声响
车的
装置的路段和时间规定的，由县级以上人民政府
公安机关交通管理部门依照有关道路交通安全的
法律法规处罚。
驾驶拆除或
者损坏消声 驾驶拆除或者损坏消声器、加装 《中华人民共和国噪声污染防治法》第四十七条
340 60982 器、加装排 排气管等擅自改装的小、微型机 第一款，第七十九条第一款（具体法条条款同 《中华人民共和国道路交通安全法》第九十条（具体法条 0 20 200 90 0 0 0 可警
气管等擅自 动车的 上） 条款同上） 告
改装的机动
车的
驾驶拆除或
者损坏消声 驾驶拆除或者损坏消声器、加装 《中华人民共和国噪声污染防治法》第四十七条
341 60983 器、加装排 排气管等擅自改装的中型以上载 第一款，第七十九条第一款（具体法条条款同 《中华人民共和国道路交通安全法》第九十条（具体法条 0 20 200 120 0 0 0 可警
气管等擅自 货汽车的 上） 条款同上） 告
改装的机动
车的
驾驶拆除或
者损坏消声 驾驶拆除或者损坏消声器、加装 《中华人民共和国噪声污染防治法》第四十七条
342 60984 器、加装排 排气管等擅自改装的中型以上载 第一款，第七十九条第一款（具体法条条款同 《中华人民共和国道路交通安全法》第九十条（具体法条 0 20 200 150 0 0 0 可警
气管等擅自 客汽车、危化品运输车辆、校车 上） 条款同上） 告
改装的机动 的
车的
《中华人民共和国道路交通安全法》第九十条机动车驾驶
驾驶机动车 《中华人民共和国道路交通安全法实施条例 》第
驾驶摩托车时向道路上抛撒物品 人违反道路交通安全法律、法规关于道路通行规定的，处 可警
343 60991 时向道路上 六十二条 驾驶机动车不得有下列行为：第五项向 0 20 200 60 0 0 0
的 警告或者二十元以上二百元以下罚款 。本法另有规定的， 告
抛撒物品的 道路上抛撒物品。
依照规定处。
驾驶机动车
驾驶小、微型机动车时向道路上 《中华人民共和国道路交通安全法实施条例 》第 《中华人民共和国道路交通安全法》第九十条（具体法条 可警
344 60992 时向道路上 0 20 200 90 0 0 0
抛撒物品的 六十二条第五项（具体法条条款同上） 条款同上） 告
抛撒物品的
驾驶机动车
驾驶中型以上载货汽车时向道路 《中华人民共和国道路交通安全法实施条例 》第 《中华人民共和国道路交通安全法》第九十条（具体法条 可警
345 60993 时向道路上 0 20 200 120 0 0 0
上抛撒物品的 六十二条第五项（具体法条条款同上） 条款同上） 告
抛撒物品的
驾驶机动车 驾驶中型以上载客汽车、危化品
《中华人民共和国道路交通安全法实施条例 》第 《中华人民共和国道路交通安全法》第九十条（具体法条 可警
346 60994 时向道路上 运输车辆、校车时向道路上抛撒 0 20 200 150 0 0 0
六十二条第五项（具体法条条款同上） 条款同上） 告
抛撒物品的 物品的
1.2025年4月15日起实施，有效期5年。
2.引发交通事故的，罚金按上限处罚。
3.对并处可以吊销或不吊销、可以拘留或不拘留，以是否发生交通事故且负有责任为基准 ，发生交通事故负有责任的吊销或拘留 ，没有发生交通事故或发生交通事故不负事故责任的不吊销或不拘留 。
4.法律法规、政策性文件规定可以警告的道路交通违法行为 ，现场查获时发现该行为情节较轻，未造成后果的，可以予以警告。",由用户提供PDF结构化导入；正文、文号、施行时间和适用地区已按新疆维吾尔自治区公安厅官方页面核对，仍须另一管理员复核后发布。
