title,document_no,document_no_empty_reason,issuer,authority_level,category,scope,regions,tags,source_url,published_at,effective_at,expired_at,effective_note,last_verified_at,review_cycle_days,replacement_regulation_id,summary,content,change_note
10051未取得驾驶证驾驶营运客车的,新公规〔2025〕1号,,新疆维吾尔自治区公安厅,local,traffic,REGIONAL,650000:新疆维吾尔自治区,交通违法裁量基准|无证驾驶|营运客车|罚款|行政拘留,https://gat.xinjiang.gov.cn/gat/gawj/202503/3936ce139b084a9082a72c5bb554942d.shtml,2025-03-11,2025-04-15,,自2025年4月15日起施行，有效期五年；发生交通事故、吊销或拘留以及警告适用条件以文件统一说明和具体执法事实为准。,2026-08-08,30,,新疆道路交通违法行为代码10051的行政处罚裁量基准，违法描述为“无证驾驶”，适用于“未取得驾驶证驾驶营运客车的”。本条仅提供官方信息索引，不生成个案处罚结论。,"违法内容：未取得驾驶证驾驶营运客车的
违法规定：《中华人民共和国道路交通安全法 》第十九条第 一款申请机动车驾驶证 ，应当符合国务院公安部 门规定的驾驶许可条件 ；经考试合格后 ， 由公安 机关交通管理部门发给相应类别的机动车驾驶证 。
法律条文：《中华人民共和国道路交通安全法 》第九十九条第一款第 一项 、第二款有下列行为之一的 ， 由公安机关交通管理部 门处二百元以上二千元以下罚款 ： （一）未取得机动车驾驶证 、机动车驾驶证被吊销或者机 动车驾驶证被暂扣期间驾驶机动车的 ； 行为人有前款第二项 、第四项情形之一的 ，可以并处 吊销机动车驾驶证 ；有第一项 、第三项 、第五项至第八项 情形之一的 ，可以并处十五日以下拘留 。《新疆维吾尔自 治区实施〈中华人民共和国道路交通安全法 〉办法》第八 十五条第一项未取得机动车驾驶证 、机动车驾驶证被吊销 或者被暂扣期间驾驶机动车 ，或者将机动车交由未取得机 动车驾驶证 、机动车驾驶证被吊销或者被暂扣期间的人驾 驶的 ，按照以下规定处罚： （一）驾驶营运客车的 ，处2000元罚款。
违法记分数：0
罚款最小值：200
罚款最大值：2000
罚款默认值（指导基准）：2000
暂扣：
吊销：
拘留最小：0
拘留最大：15
拘留默认值（指导基准）：10
警告标记：不可 警告",由《自治区道路交通违法行为行政处罚裁量权基准》10051号违法行为行结构化导入，待另一管理员复核后发布。
10052未取得驾驶证驾驶非营运客车的,新公规〔2025〕1号,,新疆维吾尔自治区公安厅,local,traffic,REGIONAL,650000:新疆维吾尔自治区,交通违法裁量基准|无证驾驶|非营运客车|罚款|行政拘留,https://gat.xinjiang.gov.cn/gat/gawj/202503/3936ce139b084a9082a72c5bb554942d.shtml,2025-03-11,2025-04-15,,自2025年4月15日起施行，有效期五年；发生交通事故、吊销或拘留以及警告适用条件以文件统一说明和具体执法事实为准。,2026-08-08,30,,新疆道路交通违法行为代码10052的行政处罚裁量基准，违法描述为“无证驾驶”，适用于“未取得驾驶证驾驶非营运客车的”。本条仅提供官方信息索引，不生成个案处罚结论。,"违法内容：未取得驾驶证驾驶非营运客车的
违法规定：《中华人民共和国道路交通安全法 》第十九条第 一款申请机动车驾驶（具体法条条款同上 ）
法律条文：《中华人民共和国道路交通安全法 》第九十九条第一款第 一项 、第二款（具体法条条款同上 ）。《新疆维吾尔自治 区实施〈中华人民共和国道路交通安全法 〉办法》第八十 五条第二项未取得机动车驾驶证 、机动车驾驶证被吊销或 者被暂扣期间驾驶机动车 ，或者将机动车交由未取得机动 车驾驶证 、机动车驾驶证被吊销或者被暂扣期间的人驾驶 的 ，按照以下规定处罚： （二）驾驶非营运客车的 ，处1500元罚款。
违法记分数：0
罚款最小值：200
罚款最大值：2000
罚款默认值（指导基准）：1500
暂扣：
吊销：
拘留最小：0
拘留最大：15
拘留默认值（指导基准）：5
警告标记：不可 警告",由《自治区道路交通违法行为行政处罚裁量权基准》10052号违法行为行结构化导入，待另一管理员复核后发布。
10053未取得驾驶证驾驶载货汽车的,新公规〔2025〕1号,,新疆维吾尔自治区公安厅,local,traffic,REGIONAL,650000:新疆维吾尔自治区,交通违法裁量基准|无证驾驶|载货汽车|罚款|行政拘留,https://gat.xinjiang.gov.cn/gat/gawj/202503/3936ce139b084a9082a72c5bb554942d.shtml,2025-03-11,2025-04-15,,自2025年4月15日起施行，有效期五年；发生交通事故、吊销或拘留以及警告适用条件以文件统一说明和具体执法事实为准。,2026-08-08,30,,新疆道路交通违法行为代码10053的行政处罚裁量基准，违法描述为“无证驾驶”，适用于“未取得驾驶证驾驶载货汽车的”。本条仅提供官方信息索引，不生成个案处罚结论。,"违法内容：未取得驾驶证驾驶载货汽车的
违法规定：《中华人民共和国道路交通安全法 》第十九条 （具体法条条款同上 ）
法律条文：《中华人民共和国道路交通安全法 》第九十九条第一款第 一项 、第二款（具体法条条款同上 ）。《新疆维吾尔自治 区实施〈中华人民共和国道路交通安全法 〉办法》第八十 五条第三项未取得机动车驾驶证 、机动车驾驶证被吊销或 者被暂扣期间驾驶机动车 ，或者将机动车交由未取得机动 车驾驶证 、机动车驾驶证被吊销或者被暂扣期间的人驾驶 的 ，按照以下规定处罚： （三）驾驶载货汽车的 ，处1000元罚款。
违法记分数：0
罚款最小值：200
罚款最大值：2000
罚款默认值（指导基准）：1000
暂扣：
吊销：
拘留最小：0
拘留最大：15
拘留默认值（指导基准）：7
警告标记：不可 警告",由《自治区道路交通违法行为行政处罚裁量权基准》10053号违法行为行结构化导入，待另一管理员复核后发布。
10054未取得驾驶证驾驶拖拉机 、摩托 车等其他机动车的,新公规〔2025〕1号,,新疆维吾尔自治区公安厅,local,traffic,REGIONAL,650000:新疆维吾尔自治区,交通违法裁量基准|无证驾驶|摩托车|拖拉机|罚款|行政拘留,https://gat.xinjiang.gov.cn/gat/gawj/202503/3936ce139b084a9082a72c5bb554942d.shtml,2025-03-11,2025-04-15,,自2025年4月15日起施行，有效期五年；发生交通事故、吊销或拘留以及警告适用条件以文件统一说明和具体执法事实为准。,2026-08-08,30,,新疆道路交通违法行为代码10054的行政处罚裁量基准，违法描述为“无证驾驶”，适用于“未取得驾驶证驾驶拖拉机 、摩托 车等其他机动车的”。本条仅提供官方信息索引，不生成个案处罚结论。,"违法内容：未取得驾驶证驾驶拖拉机 、摩托 车等其他机动车的
违法规定：《中华人民共和国道路交通安全法 》第十九条 （具体法条条款同上 ）
法律条文：《中华人民共和国道路交通安全法 》第九十九条第一款第 一项 、第二款（具体法条条款同上 ）。《新疆维吾尔自治 区实施〈中华人民共和国道路交通安全法 〉办法》第八十 五条第四项未取得机动车驾驶证 、机动车驾驶证被吊销或 者被暂扣期间驾驶机动车 ，或者将机动车交由未取得机动 车驾驶证 、机动车驾驶证被吊销或者被暂扣期间的人驾驶 的 ，按照以下规定处罚： （四）驾驶拖拉机 、摩托车等其他机动车的 ，处200 元罚款。
违法记分数：0
罚款最小值：200
罚款最大值：2000
罚款默认值（指导基准）：200
暂扣：
吊销：
拘留最小：0
拘留最大：15
拘留默认值（指导基准）：3
警告标记：不可 警告",由《自治区道路交通违法行为行政处罚裁量权基准》10054号违法行为行结构化导入，待另一管理员复核后发布。
10061驾驶证被吊销期间驾驶营运客车 的,新公规〔2025〕1号,,新疆维吾尔自治区公安厅,local,traffic,REGIONAL,650000:新疆维吾尔自治区,交通违法裁量基准|吊销期驾驶|营运客车|罚款|行政拘留,https://gat.xinjiang.gov.cn/gat/gawj/202503/3936ce139b084a9082a72c5bb554942d.shtml,2025-03-11,2025-04-15,,自2025年4月15日起施行，有效期五年；发生交通事故、吊销或拘留以及警告适用条件以文件统一说明和具体执法事实为准。,2026-08-08,30,,新疆道路交通违法行为代码10061的行政处罚裁量基准，违法描述为“驾驶证吊销 后驾车”，适用于“驾驶证被吊销期间驾驶营运客车 的”。本条仅提供官方信息索引，不生成个案处罚结论。,"违法内容：驾驶证被吊销期间驾驶营运客车 的
违法规定：《中华人民共和国道路交通安全法 》第十九条第 一款申请机动车驾驶证 ，应当符合国务院公安部 门规定的驾驶许可条件 ；经考试合格后 ， 由公安 机关交通管理部门发给相应类别的机动车驾驶证 。
法律条文：《中华人民共和国道路交通安全法 》第九十九条第一款第 一项 、第二款有下列行为之一的 ， 由公安机关交通管理部 门处二百元以上二千元以下罚款 ： （一）未取得机动车驾驶证 、机动车驾驶证被吊销或者机 动车驾驶证被暂扣期间驾驶机动车的 ； 行为人有前款第二项 、第四项情形之一的 ，可以并处 吊销机动车驾驶证 ；有第一项 、第三项 、第五项至第八项 情形之一的 ，可以并处十五日以下拘留 。 《新疆维吾尔自治区实施 〈中华人民共和国道路交通安全 法〉办法》第八十五条第一项未取得机动车驾驶证 、机动 车驾驶证被吊销或者被暂扣期间驾驶机动车 ，或者将机动 车交由未取得机动车驾驶证 、机动车驾驶证被吊销或者被 暂扣期间的人驾驶的 ，按照以下规定处罚： （一）驾驶营运客车的 ，处2000元罚款。
违法记分数：0
罚款最小值：200
罚款最大值：2000
罚款默认值（指导基准）：2000
暂扣：
吊销：
拘留最小：0
拘留最大：15
拘留默认值（指导基准）：10
警告标记：不可 警告",由《自治区道路交通违法行为行政处罚裁量权基准》10061号违法行为行结构化导入，待另一管理员复核后发布。
10062驾驶证被吊销期间驾驶非营运客车的,新公规〔2025〕1号,,新疆维吾尔自治区公安厅,local,traffic,REGIONAL,650000:新疆维吾尔自治区,交通违法裁量基准|吊销期驾驶|非营运客车|罚款|行政拘留,https://gat.xinjiang.gov.cn/gat/gawj/202503/3936ce139b084a9082a72c5bb554942d.shtml,2025-03-11,2025-04-15,,自2025年4月15日起施行，有效期五年；发生交通事故、吊销或拘留以及警告适用条件以文件统一说明和具体执法事实为准。,2026-08-08,30,,新疆道路交通违法行为代码10062的行政处罚裁量基准，违法描述为“驾驶证吊销 后驾车”，适用于“驾驶证被吊销期间驾驶非营运客车的”。本条仅提供官方信息索引，不生成个案处罚结论。,"违法内容：驾驶证被吊销期间驾驶非营运客车的
违法规定：《中华人民共和国道路交通安全法 》第十九条第 一款（具体法条条款同上 ）
法律条文：《中华人民共和国道路交通安全法 》第九十九条第一款第 一项 、第二款（具体法条条款同上 ）。《新疆维吾尔自治 区实施〈中华人民共和国道路交通安全法 〉办法》第八十 五条第二项未取得机动车驾驶证 、机动车驾驶证被吊销或 者被暂扣期间驾驶机动车 ，或者将机动车交由未取得机动 车驾驶证 、机动车驾驶证被吊销或者被暂扣期间的人驾驶 的 ，按照以下规定处罚： （二）驾驶非营运客车的 ，处1500元罚款。
违法记分数：0
罚款最小值：200
罚款最大值：2000
罚款默认值（指导基准）：1500
暂扣：
吊销：
拘留最小：0
拘留最大：15
拘留默认值（指导基准）：5
警告标记：不可 警告",由《自治区道路交通违法行为行政处罚裁量权基准》10062号违法行为行结构化导入，待另一管理员复核后发布。
10063驾驶证被吊销期间驾驶载货汽车 的,新公规〔2025〕1号,,新疆维吾尔自治区公安厅,local,traffic,REGIONAL,650000:新疆维吾尔自治区,交通违法裁量基准|吊销期驾驶|载货汽车|罚款|行政拘留,https://gat.xinjiang.gov.cn/gat/gawj/202503/3936ce139b084a9082a72c5bb554942d.shtml,2025-03-11,2025-04-15,,自2025年4月15日起施行，有效期五年；发生交通事故、吊销或拘留以及警告适用条件以文件统一说明和具体执法事实为准。,2026-08-08,30,,新疆道路交通违法行为代码10063的行政处罚裁量基准，违法描述为“驾驶证吊销 后驾车”，适用于“驾驶证被吊销期间驾驶载货汽车 的”。本条仅提供官方信息索引，不生成个案处罚结论。,"违法内容：驾驶证被吊销期间驾驶载货汽车 的
违法规定：《中华人民共和国道路交通安全法 》第十九条 （具体法条条款同上 ）
法律条文：《中华人民共和国道路交通安全法 》第九十九条第一款第 一项 、第二款（具体法条条款同上 ）。《新疆维吾尔自治 区实施〈中华人民共和国道路交通安全法 〉办法》第八十 五条第三项未取得机动车驾驶证 、机动车驾驶证被吊销或 者被暂扣期间驾驶机动车 ，或者将机动车交由未取得机动 车驾驶证 、机动车驾驶证被吊销或者被暂扣期间的人驾驶 的 ，按照以下规定处罚： （三）驾驶载货汽车的 ，处1000元罚款。
违法记分数：0
罚款最小值：200
罚款最大值：2000
罚款默认值（指导基准）：1000
暂扣：
吊销：
拘留最小：0
拘留最大：15
拘留默认值（指导基准）：7
警告标记：不可 警告",由《自治区道路交通违法行为行政处罚裁量权基准》10063号违法行为行结构化导入，待另一管理员复核后发布。
10064驾驶证被吊销期间驾驶拖拉机 、 摩托车等其他机动车的,新公规〔2025〕1号,,新疆维吾尔自治区公安厅,local,traffic,REGIONAL,650000:新疆维吾尔自治区,交通违法裁量基准|吊销期驾驶|摩托车|拖拉机|罚款|行政拘留,https://gat.xinjiang.gov.cn/gat/gawj/202503/3936ce139b084a9082a72c5bb554942d.shtml,2025-03-11,2025-04-15,,自2025年4月15日起施行，有效期五年；发生交通事故、吊销或拘留以及警告适用条件以文件统一说明和具体执法事实为准。,2026-08-08,30,,新疆道路交通违法行为代码10064的行政处罚裁量基准，违法描述为“驾驶证吊销 后驾车”，适用于“驾驶证被吊销期间驾驶拖拉机 、 摩托车等其他机动车的”。本条仅提供官方信息索引，不生成个案处罚结论。,"违法内容：驾驶证被吊销期间驾驶拖拉机 、 摩托车等其他机动车的
违法规定：《中华人民共和国道路交通安全法 》第十九条 （具体法条条款同上 ）
法律条文：《中华人民共和国道路交通安全法 》第九十九条第一款第 一项 、第二款（具体法条条款同上 ）。《新疆维吾尔自治 区实施〈中华人民共和国道路交通安全法 〉办法》第八十 五条第四项未取得机动车驾驶证 、机动车驾驶证被吊销或 者被暂扣期间驾驶机动车 ，或者将机动车交由未取得机动 车驾驶证 、机动车驾驶证被吊销或者被暂扣期间的人驾驶 的 ，按照以下规定处罚： （四）驾驶拖拉机 、摩托车等其他机动车的 ，处200 元罚款。
违法记分数：0
罚款最小值：200
罚款最大值：2000
罚款默认值（指导基准）：200
暂扣：
吊销：
拘留最小：0
拘留最大：15
拘留默认值（指导基准）：3
警告标记：不可 警告",由《自治区道路交通违法行为行政处罚裁量权基准》10064号违法行为行结构化导入，待另一管理员复核后发布。
10111摩托车非法安装警报器,新公规〔2025〕1号,,新疆维吾尔自治区公安厅,local,traffic,REGIONAL,650000:新疆维吾尔自治区,交通违法裁量基准|非法安装警报器|摩托车|罚款,https://gat.xinjiang.gov.cn/gat/gawj/202503/3936ce139b084a9082a72c5bb554942d.shtml,2025-03-11,2025-04-15,,自2025年4月15日起施行，有效期五年；发生交通事故、吊销或拘留以及警告适用条件以文件统一说明和具体执法事实为准。,2026-08-08,30,,新疆道路交通违法行为代码10111的行政处罚裁量基准，违法描述为“非法安装警报器”，适用于“摩托车非法安装警报器”。本条仅提供官方信息索引，不生成个案处罚结论。,"违法内容：摩托车非法安装警报器
违法规定：《中华人民共和国道路交通安全法 》第十五条第 一款警车 、消防车 、救护车 、工程救险车应当按 照规定喷涂标志图案 ，安装警报器 、标志灯具。 其他机动车不得喷涂 、安装 、使用上述车辆专用 的或者与其相类似的标志图案 、警报器或者标志 灯具
法律条文：《中华人民共和国道路交通安全法 》第九十七条非法安装 警报器 、标志灯具的 ， 由公安机关交通管理部门强制拆 除 ，予以收缴 ，并处二百元以上二千元以下罚款 。
违法记分数：0
罚款最小值：200
罚款最大值：2000
罚款默认值（指导基准）：200
暂扣：
吊销：
拘留最小：0
拘留最大：0
拘留默认值（指导基准）：0
警告标记：不可 警告",由《自治区道路交通违法行为行政处罚裁量权基准》10111号违法行为行结构化导入，待另一管理员复核后发布。
10112小、微型机动车非法安装警报器,新公规〔2025〕1号,,新疆维吾尔自治区公安厅,local,traffic,REGIONAL,650000:新疆维吾尔自治区,交通违法裁量基准|非法安装警报器|罚款,https://gat.xinjiang.gov.cn/gat/gawj/202503/3936ce139b084a9082a72c5bb554942d.shtml,2025-03-11,2025-04-15,,自2025年4月15日起施行，有效期五年；发生交通事故、吊销或拘留以及警告适用条件以文件统一说明和具体执法事实为准。,2026-08-08,30,,新疆道路交通违法行为代码10112的行政处罚裁量基准，违法描述为“非法安装警报器”，适用于“小、微型机动车非法安装警报器”。本条仅提供官方信息索引，不生成个案处罚结论。,"违法内容：小、微型机动车非法安装警报器
违法规定：《中华人民共和国道路交通安全法 》第十五条第 一款（具体法条条款同上 ）
法律条文：《中华人民共和国道路交通安全法 》第九十七条（具体法条条款同上 ）
违法记分数：0
罚款最小值：200
罚款最大值：2000
罚款默认值（指导基准）：500
暂扣：
吊销：
拘留最小：0
拘留最大：0
拘留默认值（指导基准）：0
警告标记：不可 警告",由《自治区道路交通违法行为行政处罚裁量权基准》10112号违法行为行结构化导入，待另一管理员复核后发布。
10113中型以上载货汽车非法安装警报器,新公规〔2025〕1号,,新疆维吾尔自治区公安厅,local,traffic,REGIONAL,650000:新疆维吾尔自治区,交通违法裁量基准|非法安装警报器|载货汽车|罚款,https://gat.xinjiang.gov.cn/gat/gawj/202503/3936ce139b084a9082a72c5bb554942d.shtml,2025-03-11,2025-04-15,,自2025年4月15日起施行，有效期五年；发生交通事故、吊销或拘留以及警告适用条件以文件统一说明和具体执法事实为准。,2026-08-08,30,,新疆道路交通违法行为代码10113的行政处罚裁量基准，违法描述为“非法安装警报器”，适用于“中型以上载货汽车非法安装警报器”。本条仅提供官方信息索引，不生成个案处罚结论。,"违法内容：中型以上载货汽车非法安装警报器
违法规定：《中华人民共和国道路交通安全法 》第十五条第 一款（具体法条条款同上 ）
法律条文：《中华人民共和国道路交通安全法 》第九十七条（具体法条条款同上 ）
违法记分数：0
罚款最小值：200
罚款最大值：2000
罚款默认值（指导基准）：1000
暂扣：
吊销：
拘留最小：0
拘留最大：0
拘留默认值（指导基准）：0
警告标记：不可 警告",由《自治区道路交通违法行为行政处罚裁量权基准》10113号违法行为行结构化导入，待另一管理员复核后发布。
10114中型以上载客汽车 、危化品运输 车辆 、校车非法安装警报器,新公规〔2025〕1号,,新疆维吾尔自治区公安厅,local,traffic,REGIONAL,650000:新疆维吾尔自治区,交通违法裁量基准|非法安装警报器|校车|中型以上客车|罚款,https://gat.xinjiang.gov.cn/gat/gawj/202503/3936ce139b084a9082a72c5bb554942d.shtml,2025-03-11,2025-04-15,,自2025年4月15日起施行，有效期五年；发生交通事故、吊销或拘留以及警告适用条件以文件统一说明和具体执法事实为准。,2026-08-08,30,,新疆道路交通违法行为代码10114的行政处罚裁量基准，违法描述为“非法安装警报器”，适用于“中型以上载客汽车 、危化品运输 车辆 、校车非法安装警报器”。本条仅提供官方信息索引，不生成个案处罚结论。,"违法内容：中型以上载客汽车 、危化品运输 车辆 、校车非法安装警报器
违法规定：《中华人民共和国道路交通安全法 》第十五条第 一款（具体法条条款同上 ）
法律条文：《中华人民共和国道路交通安全法 》第九十七条（具体法条条款同上 ）
违法记分数：0
罚款最小值：200
罚款最大值：2000
罚款默认值（指导基准）：1500
暂扣：
吊销：
拘留最小：0
拘留最大：0
拘留默认值（指导基准）：0
警告标记：不可 警告",由《自治区道路交通违法行为行政处罚裁量权基准》10114号违法行为行结构化导入，待另一管理员复核后发布。
10121摩托车非法安装标志灯具,新公规〔2025〕1号,,新疆维吾尔自治区公安厅,local,traffic,REGIONAL,650000:新疆维吾尔自治区,交通违法裁量基准|非法安装标志灯具|摩托车|罚款,https://gat.xinjiang.gov.cn/gat/gawj/202503/3936ce139b084a9082a72c5bb554942d.shtml,2025-03-11,2025-04-15,,自2025年4月15日起施行，有效期五年；发生交通事故、吊销或拘留以及警告适用条件以文件统一说明和具体执法事实为准。,2026-08-08,30,,新疆道路交通违法行为代码10121的行政处罚裁量基准，违法描述为“非法安装标 志灯具”，适用于“摩托车非法安装标志灯具”。本条仅提供官方信息索引，不生成个案处罚结论。,"违法内容：摩托车非法安装标志灯具
违法规定：《中华人民共和国道路交通安全法 》第十五条第 一款警车 、消防车 、救护车 、工程救险车应当按 照规定喷涂标志图案 ，安装警报器 、标志灯具。 其他机动车不得喷涂 、安装 、使用上述车辆专用 的或者与其相类似的标志图案 、警报器或者标志 灯具
法律条文：《中华人民共和国道路交通安全法 》第九十七条非法安装 警报器 、标志灯具的 ， 由公安机关交通管理部门强制拆 除 ，予以收缴 ，并处二百元以上二千元以下罚款 。
违法记分数：0
罚款最小值：200
罚款最大值：2000
罚款默认值（指导基准）：200
暂扣：
吊销：
拘留最小：0
拘留最大：0
拘留默认值（指导基准）：0
警告标记：不可 警告",由《自治区道路交通违法行为行政处罚裁量权基准》10121号违法行为行结构化导入，待另一管理员复核后发布。
10122小、微型机动车非法安装标志灯具,新公规〔2025〕1号,,新疆维吾尔自治区公安厅,local,traffic,REGIONAL,650000:新疆维吾尔自治区,交通违法裁量基准|非法安装标志灯具|罚款,https://gat.xinjiang.gov.cn/gat/gawj/202503/3936ce139b084a9082a72c5bb554942d.shtml,2025-03-11,2025-04-15,,自2025年4月15日起施行，有效期五年；发生交通事故、吊销或拘留以及警告适用条件以文件统一说明和具体执法事实为准。,2026-08-08,30,,新疆道路交通违法行为代码10122的行政处罚裁量基准，违法描述为“非法安装标 志灯具”，适用于“小、微型机动车非法安装标志灯具”。本条仅提供官方信息索引，不生成个案处罚结论。,"违法内容：小、微型机动车非法安装标志灯具
违法规定：《中华人民共和国道路交通安全法 》第十五条第 一款（具体法条条款同上 ）
法律条文：《中华人民共和国道路交通安全法 》第九十七条（具体法条条款同上 ）
违法记分数：0
罚款最小值：200
罚款最大值：2000
罚款默认值（指导基准）：500
暂扣：
吊销：
拘留最小：0
拘留最大：0
拘留默认值（指导基准）：0
警告标记：不可 警告",由《自治区道路交通违法行为行政处罚裁量权基准》10122号违法行为行结构化导入，待另一管理员复核后发布。
10123中型以上载货汽车非法安装标志 灯具,新公规〔2025〕1号,,新疆维吾尔自治区公安厅,local,traffic,REGIONAL,650000:新疆维吾尔自治区,交通违法裁量基准|非法安装标志灯具|载货汽车|罚款,https://gat.xinjiang.gov.cn/gat/gawj/202503/3936ce139b084a9082a72c5bb554942d.shtml,2025-03-11,2025-04-15,,自2025年4月15日起施行，有效期五年；发生交通事故、吊销或拘留以及警告适用条件以文件统一说明和具体执法事实为准。,2026-08-08,30,,新疆道路交通违法行为代码10123的行政处罚裁量基准，违法描述为“非法安装标 志灯具”，适用于“中型以上载货汽车非法安装标志 灯具”。本条仅提供官方信息索引，不生成个案处罚结论。,"违法内容：中型以上载货汽车非法安装标志 灯具
违法规定：《中华人民共和国道路交通安全法 》第十五条第 一款（具体法条条款同上 ）
法律条文：《中华人民共和国道路交通安全法 》第九十七条（具体法条条款同上 ）
违法记分数：0
罚款最小值：200
罚款最大值：2000
罚款默认值（指导基准）：1000
暂扣：
吊销：
拘留最小：0
拘留最大：0
拘留默认值（指导基准）：0
警告标记：不可 警告",由《自治区道路交通违法行为行政处罚裁量权基准》10123号违法行为行结构化导入，待另一管理员复核后发布。
10124中型以上载客汽车 、危化品运输 车辆 、校车非法安装标志灯具,新公规〔2025〕1号,,新疆维吾尔自治区公安厅,local,traffic,REGIONAL,650000:新疆维吾尔自治区,交通违法裁量基准|非法安装标志灯具|校车|中型以上客车|罚款,https://gat.xinjiang.gov.cn/gat/gawj/202503/3936ce139b084a9082a72c5bb554942d.shtml,2025-03-11,2025-04-15,,自2025年4月15日起施行，有效期五年；发生交通事故、吊销或拘留以及警告适用条件以文件统一说明和具体执法事实为准。,2026-08-08,30,,新疆道路交通违法行为代码10124的行政处罚裁量基准，违法描述为“非法安装标 志灯具”，适用于“中型以上载客汽车 、危化品运输 车辆 、校车非法安装标志灯具”。本条仅提供官方信息索引，不生成个案处罚结论。,"违法内容：中型以上载客汽车 、危化品运输 车辆 、校车非法安装标志灯具
违法规定：《中华人民共和国道路交通安全法 》第十五条第 一款（具体法条条款同上 ）
法律条文：《中华人民共和国道路交通安全法 》第九十七条（具体法条条款同上 ）
违法记分数：0
罚款最小值：200
罚款最大值：2000
罚款默认值（指导基准）：1500
暂扣：
吊销：
拘留最小：0
拘留最大：0
拘留默认值（指导基准）：0
警告标记：不可 警告",由《自治区道路交通违法行为行政处罚裁量权基准》10124号违法行为行结构化导入，待另一管理员复核后发布。
10181摩托车不走机动车道,新公规〔2025〕1号,,新疆维吾尔自治区公安厅,local,traffic,REGIONAL,650000:新疆维吾尔自治区,交通违法裁量基准|机动车不走机动车道|摩托车|罚款|可警告,https://gat.xinjiang.gov.cn/gat/gawj/202503/3936ce139b084a9082a72c5bb554942d.shtml,2025-03-11,2025-04-15,,自2025年4月15日起施行，有效期五年；发生交通事故、吊销或拘留以及警告适用条件以文件统一说明和具体执法事实为准。,2026-08-08,30,,新疆道路交通违法行为代码10181的行政处罚裁量基准，违法描述为“机动车不走 机动车道”，适用于“摩托车不走机动车道”。本条仅提供官方信息索引，不生成个案处罚结论。,"违法内容：摩托车不走机动车道
违法规定：《中华人民共和国道路交通安全法 》第三十六条 根据道路条件和通行需要 ，道路划分为机动车道 、非机动车道和人行道的 ，机动车 、非机动车、 行人实行分道通行 。没有划分机动车道 、非机动 车道和人行道的 ，机动车在道路中间通行 ，非机 动车和行人在道路两侧通行 。
法律条文：《中华人民共和国道路交通安全法 》第九十条机动车驾驶 人违反道路交通安全法律 、法规关于道路通行规定的 ，处 警告或者二十元以上二百元以下罚款 。本法另有规定的， 依照规定处罚 。
违法记分数：0
罚款最小值：20
罚款最大值：200
罚款默认值（指导基准）：60
暂扣：
吊销：
拘留最小：0
拘留最大：0
拘留默认值（指导基准）：0
警告标记：可警告",由《自治区道路交通违法行为行政处罚裁量权基准》10181号违法行为行结构化导入，待另一管理员复核后发布。
10182小 、微型机动车不走机动车道,新公规〔2025〕1号,,新疆维吾尔自治区公安厅,local,traffic,REGIONAL,650000:新疆维吾尔自治区,交通违法裁量基准|机动车不走机动车道|罚款|可警告,https://gat.xinjiang.gov.cn/gat/gawj/202503/3936ce139b084a9082a72c5bb554942d.shtml,2025-03-11,2025-04-15,,自2025年4月15日起施行，有效期五年；发生交通事故、吊销或拘留以及警告适用条件以文件统一说明和具体执法事实为准。,2026-08-08,30,,新疆道路交通违法行为代码10182的行政处罚裁量基准，违法描述为“机动车不走 机动车道”，适用于“小 、微型机动车不走机动车道”。本条仅提供官方信息索引，不生成个案处罚结论。,"违法内容：小 、微型机动车不走机动车道
违法规定：《中华人民共和国道路交通安全法 》第三十六条 （具体法条条款同上 ）
法律条文：《中华人民共和国道路交通安全法 》第九十条（具体法条条款同上）
违法记分数：0
罚款最小值：20
罚款最大值：200
罚款默认值（指导基准）：90
暂扣：
吊销：
拘留最小：0
拘留最大：0
拘留默认值（指导基准）：0
警告标记：可警告",由《自治区道路交通违法行为行政处罚裁量权基准》10182号违法行为行结构化导入，待另一管理员复核后发布。
10183中型以上载货汽车不走机动车道,新公规〔2025〕1号,,新疆维吾尔自治区公安厅,local,traffic,REGIONAL,650000:新疆维吾尔自治区,交通违法裁量基准|机动车不走机动车道|载货汽车|罚款|可警告,https://gat.xinjiang.gov.cn/gat/gawj/202503/3936ce139b084a9082a72c5bb554942d.shtml,2025-03-11,2025-04-15,,自2025年4月15日起施行，有效期五年；发生交通事故、吊销或拘留以及警告适用条件以文件统一说明和具体执法事实为准。,2026-08-08,30,,新疆道路交通违法行为代码10183的行政处罚裁量基准，违法描述为“机动车不走 机动车道”，适用于“中型以上载货汽车不走机动车道”。本条仅提供官方信息索引，不生成个案处罚结论。,"违法内容：中型以上载货汽车不走机动车道
违法规定：《中华人民共和国道路交通安全法 》第三十六条 （具体法条条款同上 ）
法律条文：《中华人民共和国道路交通安全法 》第九十条（具体法条条款同上）
违法记分数：0
罚款最小值：20
罚款最大值：200
罚款默认值（指导基准）：120
暂扣：
吊销：
拘留最小：0
拘留最大：0
拘留默认值（指导基准）：0
警告标记：可警告",由《自治区道路交通违法行为行政处罚裁量权基准》10183号违法行为行结构化导入，待另一管理员复核后发布。
10184中型以上载客汽车 、危化品运输 车辆 、校车不走机动车道,新公规〔2025〕1号,,新疆维吾尔自治区公安厅,local,traffic,REGIONAL,650000:新疆维吾尔自治区,交通违法裁量基准|机动车不走机动车道|校车|中型以上客车|罚款|可警告,https://gat.xinjiang.gov.cn/gat/gawj/202503/3936ce139b084a9082a72c5bb554942d.shtml,2025-03-11,2025-04-15,,自2025年4月15日起施行，有效期五年；发生交通事故、吊销或拘留以及警告适用条件以文件统一说明和具体执法事实为准。,2026-08-08,30,,新疆道路交通违法行为代码10184的行政处罚裁量基准，违法描述为“机动车不走 机动车道”，适用于“中型以上载客汽车 、危化品运输 车辆 、校车不走机动车道”。本条仅提供官方信息索引，不生成个案处罚结论。,"违法内容：中型以上载客汽车 、危化品运输 车辆 、校车不走机动车道
违法规定：《中华人民共和国道路交通安全法 》第三十六条 （具体法条条款同上 ）
法律条文：《中华人民共和国道路交通安全法 》第九十条（具体法条条款同上）
违法记分数：0
罚款最小值：20
罚款最大值：200
罚款默认值（指导基准）：150
暂扣：
吊销：
拘留最小：0
拘留最大：0
拘留默认值（指导基准）：0
警告标记：可警告",由《自治区道路交通违法行为行政处罚裁量权基准》10184号违法行为行结构化导入，待另一管理员复核后发布。
10191摩托车违规使用专用车道,新公规〔2025〕1号,,新疆维吾尔自治区公安厅,local,traffic,REGIONAL,650000:新疆维吾尔自治区,交通违法裁量基准|机动车违规使用专用车道|摩托车|罚款|可警告,https://gat.xinjiang.gov.cn/gat/gawj/202503/3936ce139b084a9082a72c5bb554942d.shtml,2025-03-11,2025-04-15,,自2025年4月15日起施行，有效期五年；发生交通事故、吊销或拘留以及警告适用条件以文件统一说明和具体执法事实为准。,2026-08-08,30,,新疆道路交通违法行为代码10191的行政处罚裁量基准，违法描述为“机动车违规 使用专用车 道”，适用于“摩托车违规使用专用车道”。本条仅提供官方信息索引，不生成个案处罚结论。,"违法内容：摩托车违规使用专用车道
违法规定：《中华人民共和国道路交通安全法 》第三十七条 道路划设专用车道的 ，在专用车道内 ，只准许规 定的车辆通行 ，其他车辆不得进入专用车道内行 驶。
法律条文：《中华人民共和国道路交通安全法 》第九十条机动车驾驶 人违反道路交通安全法律 、法规关于道路通行规定的 ，处 警告或者二十元以上二百元以下罚款 。本法另有规定的， 依照规定处罚 。
违法记分数：0
罚款最小值：20
罚款最大值：200
罚款默认值（指导基准）：60
暂扣：
吊销：
拘留最小：0
拘留最大：0
拘留默认值（指导基准）：0
警告标记：可警告",由《自治区道路交通违法行为行政处罚裁量权基准》10191号违法行为行结构化导入，待另一管理员复核后发布。
10192小、微型机动车违规使用专用车 道,新公规〔2025〕1号,,新疆维吾尔自治区公安厅,local,traffic,REGIONAL,650000:新疆维吾尔自治区,交通违法裁量基准|机动车违规使用专用车|罚款|可警告,https://gat.xinjiang.gov.cn/gat/gawj/202503/3936ce139b084a9082a72c5bb554942d.shtml,2025-03-11,2025-04-15,,自2025年4月15日起施行，有效期五年；发生交通事故、吊销或拘留以及警告适用条件以文件统一说明和具体执法事实为准。,2026-08-08,30,,新疆道路交通违法行为代码10192的行政处罚裁量基准，违法描述为“机动车违规 使用专用车”，适用于“小、微型机动车违规使用专用车 道”。本条仅提供官方信息索引，不生成个案处罚结论。,"违法内容：小、微型机动车违规使用专用车 道
违法规定：《中华人民共和国道路交通安全法 》第三十七条 （具体法条条款同上 ）
法律条文：《中华人民共和国道路交通安全法 》第九十条（具体法条条款同上）
违法记分数：0
罚款最小值：20
罚款最大值：200
罚款默认值（指导基准）：90
暂扣：
吊销：
拘留最小：0
拘留最大：0
拘留默认值（指导基准）：0
警告标记：可警告",由《自治区道路交通违法行为行政处罚裁量权基准》10192号违法行为行结构化导入，待另一管理员复核后发布。
10193中型以上载货汽车违规使用专用车道,新公规〔2025〕1号,,新疆维吾尔自治区公安厅,local,traffic,REGIONAL,650000:新疆维吾尔自治区,交通违法裁量基准|机动车违规使用专用车|载货汽车|罚款|可警告,https://gat.xinjiang.gov.cn/gat/gawj/202503/3936ce139b084a9082a72c5bb554942d.shtml,2025-03-11,2025-04-15,,自2025年4月15日起施行，有效期五年；发生交通事故、吊销或拘留以及警告适用条件以文件统一说明和具体执法事实为准。,2026-08-08,30,,新疆道路交通违法行为代码10193的行政处罚裁量基准，违法描述为“机动车违规 使用专用车”，适用于“中型以上载货汽车违规使用专用车道”。本条仅提供官方信息索引，不生成个案处罚结论。,"违法内容：中型以上载货汽车违规使用专用车道
违法规定：《中华人民共和国道路交通安全法 》第三十七条 （具体法条条款同上 ）
法律条文：《中华人民共和国道路交通安全法 》第九十条（具体法条条款同上）
违法记分数：0
罚款最小值：20
罚款最大值：200
罚款默认值（指导基准）：120
暂扣：
吊销：
拘留最小：0
拘留最大：0
拘留默认值（指导基准）：0
警告标记：可警告",由《自治区道路交通违法行为行政处罚裁量权基准》10193号违法行为行结构化导入，待另一管理员复核后发布。
10194中型以上载客汽车 、危化品运输 车辆 、校车违规使用专用车道,新公规〔2025〕1号,,新疆维吾尔自治区公安厅,local,traffic,REGIONAL,650000:新疆维吾尔自治区,交通违法裁量基准|机动车违规使用专用车|校车|中型以上客车|罚款|可警告,https://gat.xinjiang.gov.cn/gat/gawj/202503/3936ce139b084a9082a72c5bb554942d.shtml,2025-03-11,2025-04-15,,自2025年4月15日起施行，有效期五年；发生交通事故、吊销或拘留以及警告适用条件以文件统一说明和具体执法事实为准。,2026-08-08,30,,新疆道路交通违法行为代码10194的行政处罚裁量基准，违法描述为“机动车违规 使用专用车”，适用于“中型以上载客汽车 、危化品运输 车辆 、校车违规使用专用车道”。本条仅提供官方信息索引，不生成个案处罚结论。,"违法内容：中型以上载客汽车 、危化品运输 车辆 、校车违规使用专用车道
违法规定：《中华人民共和国道路交通安全法 》第三十七条 （具体法条条款同上 ）
法律条文：《中华人民共和国道路交通安全法 》第九十条（具体法条条款同上）
违法记分数：0
罚款最小值：20
罚款最大值：200
罚款默认值（指导基准）：150
暂扣：
吊销：
拘留最小：0
拘留最大：0
拘留默认值（指导基准）：0
警告标记：可警告",由《自治区道路交通违法行为行政处罚裁量权基准》10194号违法行为行结构化导入，待另一管理员复核后发布。
1020机动车驾驶人不服从交警指挥的,新公规〔2025〕1号,,新疆维吾尔自治区公安厅,local,traffic,REGIONAL,650000:新疆维吾尔自治区,交通违法裁量基准|不服从指挥|罚款|可警告,https://gat.xinjiang.gov.cn/gat/gawj/202503/3936ce139b084a9082a72c5bb554942d.shtml,2025-03-11,2025-04-15,,自2025年4月15日起施行，有效期五年；发生交通事故、吊销或拘留以及警告适用条件以文件统一说明和具体执法事实为准。,2026-08-08,30,,新疆道路交通违法行为代码1020的行政处罚裁量基准，违法描述为“不服从指挥”，适用于“机动车驾驶人不服从交警指挥的”。本条仅提供官方信息索引，不生成个案处罚结论。,"违法内容：机动车驾驶人不服从交警指挥的
违法规定：《中华人民共和国道路交通安全法 》第三十八条 车辆 、行人应当按照交通信号通行 ；遇有交通警 察现场指挥时 ，应当按照交通警察的指挥通行 ； 在没有交通信号的道路上 ，应当在确保安全 、畅 通的原则下通行 。
法律条文：《中华人民共和国道路交通安全法 》第九十条机动车驾驶 人违反道路交通安全法律 、法规关于道路通行规定的 ，处 警告或者二十元以上二百元以下罚款 。本法另有规定的， 依照规定处罚 。
违法记分数：0
罚款最小值：20
罚款最大值：200
罚款默认值（指导基准）：180
暂扣：
吊销：
拘留最小：0
拘留最大：0
拘留默认值（指导基准）：0
警告标记：可警告",由《自治区道路交通违法行为行政处罚裁量权基准》1020号违法行为行结构化导入，待另一管理员复核后发布。
10252摩托车遇前方机动车停车排队等 候或者缓慢行驶时 、在人行横道 、 网状线区域内停车等候的,新公规〔2025〕1号,,新疆维吾尔自治区公安厅,local,traffic,REGIONAL,650000:新疆维吾尔自治区,交通违法裁量基准|交通拥堵处不按规定停车等候|摩托车|罚款|可警告,https://gat.xinjiang.gov.cn/gat/gawj/202503/3936ce139b084a9082a72c5bb554942d.shtml,2025-03-11,2025-04-15,,自2025年4月15日起施行，有效期五年；发生交通事故、吊销或拘留以及警告适用条件以文件统一说明和具体执法事实为准。,2026-08-08,30,,新疆道路交通违法行为代码10252的行政处罚裁量基准，违法描述为“交通拥堵处 不按规定停 车等候”，适用于“摩托车遇前方机动车停车排队等 候或者缓慢行驶时 、在人行横道 、 网状线区域内停车等候的”。本条仅提供官方信息索引，不生成个案处罚结论。,"违法内容：摩托车遇前方机动车停车排队等 候或者缓慢行驶时 、在人行横道 、 网状线区域内停车等候的
违法规定：《中华人民共和国道路交通安全法实施条例 》第 五十三条第二款机动车在遇有前方机动车停车排 队等候或者缓慢行驶时 ，应当依次排队 ，不得从 前方车辆两侧穿插或者超越行驶 ，不得在人行横 道 、网状线区域内停车等候 。
法律条文：《中华人民共和国道路交通安全法 》第九十条机动车驾驶 人违反道路交通安全法律 、法规关于道路通行规定的 ，处 警告或者二十元以上二百元以下罚款 。本法另有规定的， 依照规定处罚 。
违法记分数：0
罚款最小值：20
罚款最大值：200
罚款默认值（指导基准）：60
暂扣：
吊销：
拘留最小：0
拘留最大：0
拘留默认值（指导基准）：0
警告标记：可警告",由《自治区道路交通违法行为行政处罚裁量权基准》10252号违法行为行结构化导入，待另一管理员复核后发布。
10253遇前方机动车停车排队等候或者 缓慢行驶时 、在人行横道 、 网状 线区域内停车等候的,新公规〔2025〕1号,,新疆维吾尔自治区公安厅,local,traffic,REGIONAL,650000:新疆维吾尔自治区,交通违法裁量基准|交通拥堵处不按规定停车等候|罚款|可警告,https://gat.xinjiang.gov.cn/gat/gawj/202503/3936ce139b084a9082a72c5bb554942d.shtml,2025-03-11,2025-04-15,,自2025年4月15日起施行，有效期五年；发生交通事故、吊销或拘留以及警告适用条件以文件统一说明和具体执法事实为准。,2026-08-08,30,,新疆道路交通违法行为代码10253的行政处罚裁量基准，违法描述为“交通拥堵处 不按规定停 车等候”，适用于“遇前方机动车停车排队等候或者 缓慢行驶时 、在人行横道 、 网状 线区域内停车等候的”。本条仅提供官方信息索引，不生成个案处罚结论。,"违法内容：遇前方机动车停车排队等候或者 缓慢行驶时 、在人行横道 、 网状 线区域内停车等候的
违法规定：《中华人民共和国道路交通安全法实施条例 》第 五十三条第二款（具体法条条款同上 ）
法律条文：《中华人民共和国道路交通安全法 》第九十条（具体法条条款同上）
违法记分数：0
罚款最小值：20
罚款最大值：200
罚款默认值（指导基准）：90
暂扣：
吊销：
拘留最小：0
拘留最大：0
拘留默认值（指导基准）：0
警告标记：可警告",由《自治区道路交通违法行为行政处罚裁量权基准》10253号违法行为行结构化导入，待另一管理员复核后发布。
10254中型以上载货汽车遇前方机动车 停车排队等候或者缓慢行驶时 、 在人行横道 、 网状线区域内停车,新公规〔2025〕1号,,新疆维吾尔自治区公安厅,local,traffic,REGIONAL,650000:新疆维吾尔自治区,交通违法裁量基准|交通拥堵处不按规定停车等候|载货汽车|罚款|可警告,https://gat.xinjiang.gov.cn/gat/gawj/202503/3936ce139b084a9082a72c5bb554942d.shtml,2025-03-11,2025-04-15,,自2025年4月15日起施行，有效期五年；发生交通事故、吊销或拘留以及警告适用条件以文件统一说明和具体执法事实为准。,2026-08-08,30,,新疆道路交通违法行为代码10254的行政处罚裁量基准，违法描述为“交通拥堵处 不按规定停 车等候”，适用于“中型以上载货汽车遇前方机动车 停车排队等候或者缓慢行驶时 、 在人行横道 、 网状线区域内停车”。本条仅提供官方信息索引，不生成个案处罚结论。,"违法内容：中型以上载货汽车遇前方机动车 停车排队等候或者缓慢行驶时 、 在人行横道 、 网状线区域内停车
违法规定：《中华人民共和国道路交通安全法实施条例 》第 五十三条第二款（具体法条条款同上 ）
法律条文：《中华人民共和国道路交通安全法 》第九十条（具体法条条款同上）
违法记分数：0
罚款最小值：20
罚款最大值：200
罚款默认值（指导基准）：120
暂扣：
吊销：
拘留最小：0
拘留最大：0
拘留默认值（指导基准）：0
警告标记：可警告",由《自治区道路交通违法行为行政处罚裁量权基准》10254号违法行为行结构化导入，待另一管理员复核后发布。
10255等候的 中型以上载客汽车 、危化品运输 车辆 、校车遇前方机动车停车排 队等候或者缓慢行驶时 、在人行 横道 、 网状线区域内停车等候的,新公规〔2025〕1号,,新疆维吾尔自治区公安厅,local,traffic,REGIONAL,650000:新疆维吾尔自治区,交通违法裁量基准|交通拥堵处不按规定停车等候|校车|中型以上客车|罚款|可警告,https://gat.xinjiang.gov.cn/gat/gawj/202503/3936ce139b084a9082a72c5bb554942d.shtml,2025-03-11,2025-04-15,,自2025年4月15日起施行，有效期五年；发生交通事故、吊销或拘留以及警告适用条件以文件统一说明和具体执法事实为准。,2026-08-08,30,,新疆道路交通违法行为代码10255的行政处罚裁量基准，违法描述为“交通拥堵处 不按规定停 车等候”，适用于“等候的 中型以上载客汽车 、危化品运输 车辆 、校车遇前方机动车停车排 队等候或者缓慢行驶时 、在人行 横道 、 网状线区域内停车等候的”。本条仅提供官方信息索引，不生成个案处罚结论。,"违法内容：等候的 中型以上载客汽车 、危化品运输 车辆 、校车遇前方机动车停车排 队等候或者缓慢行驶时 、在人行 横道 、 网状线区域内停车等候的
违法规定：《中华人民共和国道路交通安全法实施条例 》第 五十三条第二款（具体法条条款同上 ）
法律条文：《中华人民共和国道路交通安全法 》第九十条（具体法条条款同上）
违法记分数：0
罚款最小值：20
罚款最大值：200
罚款默认值（指导基准）：150
暂扣：
吊销：
拘留最小：0
拘留最大：0
拘留默认值（指导基准）：0
警告标记：可警告",由《自治区道路交通违法行为行政处罚裁量权基准》10255号违法行为行结构化导入，待另一管理员复核后发布。
10261摩托车行经铁路道口不按规定行驶,新公规〔2025〕1号,,新疆维吾尔自治区公安厅,local,traffic,REGIONAL,650000:新疆维吾尔自治区,交通违法裁量基准|铁路路口不按规定行驶|摩托车|罚款|可警告,https://gat.xinjiang.gov.cn/gat/gawj/202503/3936ce139b084a9082a72c5bb554942d.shtml,2025-03-11,2025-04-15,,自2025年4月15日起施行，有效期五年；发生交通事故、吊销或拘留以及警告适用条件以文件统一说明和具体执法事实为准。,2026-08-08,30,,新疆道路交通违法行为代码10261的行政处罚裁量基准，违法描述为“铁路路口不 按规定行驶”，适用于“摩托车行经铁路道口不按规定行驶”。本条仅提供官方信息索引，不生成个案处罚结论。,"违法内容：摩托车行经铁路道口不按规定行驶
违法规定：《中华人民共和国道路交通安全法 》第四十六条 机动车通过铁路道口时 ，应当按照交通信号或者 管理人员的指挥通行 ；没有交通信号或者管理人 员的 ，应当减速或者停车 ，在确认安全后通过 。
法律条文：《中华人民共和国道路交通安全法 》第九十条机动车驾驶 人违反道路交通安全法律 、法规关于道路通行规定的 ，处 警告或者二十元以上二百元以下罚款 。本法另有规定的， 依照规定处罚 。
违法记分数：0
罚款最小值：20
罚款最大值：200
罚款默认值（指导基准）：60
暂扣：
吊销：
拘留最小：0
拘留最大：0
拘留默认值（指导基准）：0
警告标记：可警告",由《自治区道路交通违法行为行政处罚裁量权基准》10261号违法行为行结构化导入，待另一管理员复核后发布。
10262小、微型机动车行经铁路道口不 按规定行驶,新公规〔2025〕1号,,新疆维吾尔自治区公安厅,local,traffic,REGIONAL,650000:新疆维吾尔自治区,交通违法裁量基准|铁路路口不按规定行驶|罚款|可警告,https://gat.xinjiang.gov.cn/gat/gawj/202503/3936ce139b084a9082a72c5bb554942d.shtml,2025-03-11,2025-04-15,,自2025年4月15日起施行，有效期五年；发生交通事故、吊销或拘留以及警告适用条件以文件统一说明和具体执法事实为准。,2026-08-08,30,,新疆道路交通违法行为代码10262的行政处罚裁量基准，违法描述为“铁路路口不 按规定行驶”，适用于“小、微型机动车行经铁路道口不 按规定行驶”。本条仅提供官方信息索引，不生成个案处罚结论。,"违法内容：小、微型机动车行经铁路道口不 按规定行驶
违法规定：《中华人民共和国道路交通安全法 》第四十六条 （具体法条条款同上 ）
法律条文：《中华人民共和国道路交通安全法 》第九十条（具体法条条款同上）
违法记分数：0
罚款最小值：20
罚款最大值：200
罚款默认值（指导基准）：90
暂扣：
吊销：
拘留最小：0
拘留最大：0
拘留默认值（指导基准）：0
警告标记：可警告",由《自治区道路交通违法行为行政处罚裁量权基准》10262号违法行为行结构化导入，待另一管理员复核后发布。
10263中型以上载货汽车行经铁路道口 不按规定行驶,新公规〔2025〕1号,,新疆维吾尔自治区公安厅,local,traffic,REGIONAL,650000:新疆维吾尔自治区,交通违法裁量基准|铁路路口不按规定行驶|载货汽车|罚款|可警告,https://gat.xinjiang.gov.cn/gat/gawj/202503/3936ce139b084a9082a72c5bb554942d.shtml,2025-03-11,2025-04-15,,自2025年4月15日起施行，有效期五年；发生交通事故、吊销或拘留以及警告适用条件以文件统一说明和具体执法事实为准。,2026-08-08,30,,新疆道路交通违法行为代码10263的行政处罚裁量基准，违法描述为“铁路路口不 按规定行驶”，适用于“中型以上载货汽车行经铁路道口 不按规定行驶”。本条仅提供官方信息索引，不生成个案处罚结论。,"违法内容：中型以上载货汽车行经铁路道口 不按规定行驶
违法规定：《中华人民共和国道路交通安全法 》第四十六条 （具体法条条款同上 ）
法律条文：《中华人民共和国道路交通安全法 》第九十条（具体法条条款同上）
违法记分数：0
罚款最小值：20
罚款最大值：200
罚款默认值（指导基准）：120
暂扣：
吊销：
拘留最小：0
拘留最大：0
拘留默认值（指导基准）：0
警告标记：可警告",由《自治区道路交通违法行为行政处罚裁量权基准》10263号违法行为行结构化导入，待另一管理员复核后发布。
10264中型以上载客汽车 、危化品运输 车辆 、校车行经铁路道口不按规 定行驶,新公规〔2025〕1号,,新疆维吾尔自治区公安厅,local,traffic,REGIONAL,650000:新疆维吾尔自治区,交通违法裁量基准|铁路路口不按规定行驶|校车|中型以上客车|罚款|可警告,https://gat.xinjiang.gov.cn/gat/gawj/202503/3936ce139b084a9082a72c5bb554942d.shtml,2025-03-11,2025-04-15,,自2025年4月15日起施行，有效期五年；发生交通事故、吊销或拘留以及警告适用条件以文件统一说明和具体执法事实为准。,2026-08-08,30,,新疆道路交通违法行为代码10264的行政处罚裁量基准，违法描述为“铁路路口不 按规定行驶”，适用于“中型以上载客汽车 、危化品运输 车辆 、校车行经铁路道口不按规 定行驶”。本条仅提供官方信息索引，不生成个案处罚结论。,"违法内容：中型以上载客汽车 、危化品运输 车辆 、校车行经铁路道口不按规 定行驶
违法规定：《中华人民共和国道路交通安全法 》第四十六条 （具体法条条款同上 ）
法律条文：《中华人民共和国道路交通安全法 》第九十条（具体法条条款同上）
违法记分数：0
罚款最小值：20
罚款最大值：200
罚款默认值（指导基准）：150
暂扣：
吊销：
拘留最小：0
拘留最大：0
拘留默认值（指导基准）：0
警告标记：可警告",由《自治区道路交通违法行为行政处罚裁量权基准》10264号违法行为行结构化导入，待另一管理员复核后发布。
10371未将故障的摩托车移到不妨碍交通的地方停放的,新公规〔2025〕1号,,新疆维吾尔自治区公安厅,local,traffic,REGIONAL,650000:新疆维吾尔自治区,交通违法裁量基准|故障车未占道妨碍交通|摩托车|罚款|可警告,https://gat.xinjiang.gov.cn/gat/gawj/202503/3936ce139b084a9082a72c5bb554942d.shtml,2025-03-11,2025-04-15,,自2025年4月15日起施行，有效期五年；发生交通事故、吊销或拘留以及警告适用条件以文件统一说明和具体执法事实为准。,2026-08-08,30,,新疆道路交通违法行为代码10371的行政处罚裁量基准，违法描述为“故障车未占 道妨碍交通”，适用于“未将故障的摩托车移到不妨碍交通的地方停放的”。本条仅提供官方信息索引，不生成个案处罚结论。,"违法内容：未将故障的摩托车移到不妨碍交通的地方停放的
违法规定：《中华人民共和国道路交通安全法 》第五十二条 机动车在道路上发生故障 ，需要停车排除故障 时 ，驾驶人应当立即开启危险报警闪光灯 ，将机 动车移至不妨碍交通的地方停放 ；难以移动的， 应当持续开启危险报警闪光灯 ，并在来车方向设 置警告标志等措施扩大示警距离 ，必要时迅速报 警。
法律条文：《中华人民共和国道路交通安全法 》第九十条机动车驾驶 人违反道路交通安全法律 、法规关于道路通行规定的 ，处 警告或者二十元以上二百元以下罚款 。本法另有规定的， 依照规定处罚 。
违法记分数：0
罚款最小值：20
罚款最大值：200
罚款默认值（指导基准）：60
暂扣：
吊销：
拘留最小：0
拘留最大：0
拘留默认值（指导基准）：0
警告标记：可警告",由《自治区道路交通违法行为行政处罚裁量权基准》10371号违法行为行结构化导入，待另一管理员复核后发布。
10372未将故障的小 、微型机动车移到 不妨碍交通的地方停放的,新公规〔2025〕1号,,新疆维吾尔自治区公安厅,local,traffic,REGIONAL,650000:新疆维吾尔自治区,交通违法裁量基准|故障车未占道妨碍交通|罚款|可警告,https://gat.xinjiang.gov.cn/gat/gawj/202503/3936ce139b084a9082a72c5bb554942d.shtml,2025-03-11,2025-04-15,,自2025年4月15日起施行，有效期五年；发生交通事故、吊销或拘留以及警告适用条件以文件统一说明和具体执法事实为准。,2026-08-08,30,,新疆道路交通违法行为代码10372的行政处罚裁量基准，违法描述为“故障车未占 道妨碍交通”，适用于“未将故障的小 、微型机动车移到 不妨碍交通的地方停放的”。本条仅提供官方信息索引，不生成个案处罚结论。,"违法内容：未将故障的小 、微型机动车移到 不妨碍交通的地方停放的
违法规定：《中华人民共和国道路交通安全法 》第五十二条 （具体法条条款同上 ）
法律条文：《中华人民共和国道路交通安全法 》第九十条（具体法条条款同上）
违法记分数：0
罚款最小值：20
罚款最大值：200
罚款默认值（指导基准）：90
暂扣：
吊销：
拘留最小：0
拘留最大：0
拘留默认值（指导基准）：0
警告标记：可警告",由《自治区道路交通违法行为行政处罚裁量权基准》10372号违法行为行结构化导入，待另一管理员复核后发布。
10373未将故障的中型以上载货汽车移 到不妨碍交通的地方停放的,新公规〔2025〕1号,,新疆维吾尔自治区公安厅,local,traffic,REGIONAL,650000:新疆维吾尔自治区,交通违法裁量基准|故障车未占道妨碍交通|载货汽车|罚款|可警告,https://gat.xinjiang.gov.cn/gat/gawj/202503/3936ce139b084a9082a72c5bb554942d.shtml,2025-03-11,2025-04-15,,自2025年4月15日起施行，有效期五年；发生交通事故、吊销或拘留以及警告适用条件以文件统一说明和具体执法事实为准。,2026-08-08,30,,新疆道路交通违法行为代码10373的行政处罚裁量基准，违法描述为“故障车未占 道妨碍交通”，适用于“未将故障的中型以上载货汽车移 到不妨碍交通的地方停放的”。本条仅提供官方信息索引，不生成个案处罚结论。,"违法内容：未将故障的中型以上载货汽车移 到不妨碍交通的地方停放的
违法规定：《中华人民共和国道路交通安全法 》第五十二条 （具体法条条款同上 ）
法律条文：《中华人民共和国道路交通安全法 》第九十条（具体法条条款同上）
违法记分数：0
罚款最小值：20
罚款最大值：200
罚款默认值（指导基准）：120
暂扣：
吊销：
拘留最小：0
拘留最大：0
拘留默认值（指导基准）：0
警告标记：可警告",由《自治区道路交通违法行为行政处罚裁量权基准》10373号违法行为行结构化导入，待另一管理员复核后发布。
10374未将故障的中型以上载客汽车 、 危化品运输车辆 、校车辆移到不 妨碍交通的地方停放的,新公规〔2025〕1号,,新疆维吾尔自治区公安厅,local,traffic,REGIONAL,650000:新疆维吾尔自治区,交通违法裁量基准|故障车未占道妨碍交通|校车|中型以上客车|罚款|可警告,https://gat.xinjiang.gov.cn/gat/gawj/202503/3936ce139b084a9082a72c5bb554942d.shtml,2025-03-11,2025-04-15,,自2025年4月15日起施行，有效期五年；发生交通事故、吊销或拘留以及警告适用条件以文件统一说明和具体执法事实为准。,2026-08-08,30,,新疆道路交通违法行为代码10374的行政处罚裁量基准，违法描述为“故障车未占 道妨碍交通”，适用于“未将故障的中型以上载客汽车 、 危化品运输车辆 、校车辆移到不 妨碍交通的地方停放的”。本条仅提供官方信息索引，不生成个案处罚结论。,"违法内容：未将故障的中型以上载客汽车 、 危化品运输车辆 、校车辆移到不 妨碍交通的地方停放的
违法规定：《中华人民共和国道路交通安全法 》第五十二条 （具体法条条款同上 ）
法律条文：《中华人民共和国道路交通安全法 》第九十条（具体法条条款同上）
违法记分数：0
罚款最小值：20
罚款最大值：200
罚款默认值（指导基准）：150
暂扣：
吊销：
拘留最小：0
拘留最大：0
拘留默认值（指导基准）：0
警告标记：可警告",由《自治区道路交通违法行为行政处罚裁量权基准》10374号违法行为行结构化导入，待另一管理员复核后发布。
10381摩托车不避让正在作业的道路养 护车 、工程作业车的,新公规〔2025〕1号,,新疆维吾尔自治区公安厅,local,traffic,REGIONAL,650000:新疆维吾尔自治区,交通违法裁量基准|不避让道路养护车、工程作业车|摩托车|罚款|可警告,https://gat.xinjiang.gov.cn/gat/gawj/202503/3936ce139b084a9082a72c5bb554942d.shtml,2025-03-11,2025-04-15,,自2025年4月15日起施行，有效期五年；发生交通事故、吊销或拘留以及警告适用条件以文件统一说明和具体执法事实为准。,2026-08-08,30,,新疆道路交通违法行为代码10381的行政处罚裁量基准，违法描述为“不避让道路 养护车 、工 程作业车的”，适用于“摩托车不避让正在作业的道路养 护车 、工程作业车的”。本条仅提供官方信息索引，不生成个案处罚结论。,"违法内容：摩托车不避让正在作业的道路养 护车 、工程作业车的
违法规定：《中华人民共和国道路交通安全法 》第五十四条 第一款道路养护车辆 、工程作业车进行作业时 ， 在不影响过往车辆通行的前提下 ，其行驶路线和 方向不受交通标志 、标线限制 ，过往车辆和人员
法律条文：《中华人民共和国道路交通安全法 》第九十条机动车驾驶 人违反道路交通安全法律 、法规关于道路通行规定的 ，处 警告或者二十元以上二百元以下罚款 。本法另有规定的， 依照规定处罚 。
违法记分数：0
罚款最小值：20
罚款最大值：200
罚款默认值（指导基准）：60
暂扣：
吊销：
拘留最小：0
拘留最大：0
拘留默认值（指导基准）：0
警告标记：可警告",由《自治区道路交通违法行为行政处罚裁量权基准》10381号违法行为行结构化导入，待另一管理员复核后发布。
10382小、微型机动车不避让正在作业 的道路养护车 、工程作业车的,新公规〔2025〕1号,,新疆维吾尔自治区公安厅,local,traffic,REGIONAL,650000:新疆维吾尔自治区,交通违法裁量基准|不避让道路养护车、工程作业车|罚款|可警告,https://gat.xinjiang.gov.cn/gat/gawj/202503/3936ce139b084a9082a72c5bb554942d.shtml,2025-03-11,2025-04-15,,自2025年4月15日起施行，有效期五年；发生交通事故、吊销或拘留以及警告适用条件以文件统一说明和具体执法事实为准。,2026-08-08,30,,新疆道路交通违法行为代码10382的行政处罚裁量基准，违法描述为“不避让道路 养护车 、工 程作业车的”，适用于“小、微型机动车不避让正在作业 的道路养护车 、工程作业车的”。本条仅提供官方信息索引，不生成个案处罚结论。,"违法内容：小、微型机动车不避让正在作业 的道路养护车 、工程作业车的
违法规定：应当注意避让 《中华人民共和国道路交通安全法 》第五十四条 第一款（具体法条条款同上 ）
法律条文：《中华人民共和国道路交通安全法 》第九十条（具体法条条款同上）
违法记分数：0
罚款最小值：20
罚款最大值：200
罚款默认值（指导基准）：90
暂扣：
吊销：
拘留最小：0
拘留最大：0
拘留默认值（指导基准）：0
警告标记：可警告",由《自治区道路交通违法行为行政处罚裁量权基准》10382号违法行为行结构化导入，待另一管理员复核后发布。
10383中型以上载货汽车不避让正在作 业的道路养护车 、工程作业车的,新公规〔2025〕1号,,新疆维吾尔自治区公安厅,local,traffic,REGIONAL,650000:新疆维吾尔自治区,交通违法裁量基准|不避让道路养护车、工程作业车|载货汽车|罚款|可警告,https://gat.xinjiang.gov.cn/gat/gawj/202503/3936ce139b084a9082a72c5bb554942d.shtml,2025-03-11,2025-04-15,,自2025年4月15日起施行，有效期五年；发生交通事故、吊销或拘留以及警告适用条件以文件统一说明和具体执法事实为准。,2026-08-08,30,,新疆道路交通违法行为代码10383的行政处罚裁量基准，违法描述为“不避让道路 养护车 、工 程作业车的”，适用于“中型以上载货汽车不避让正在作 业的道路养护车 、工程作业车的”。本条仅提供官方信息索引，不生成个案处罚结论。,"违法内容：中型以上载货汽车不避让正在作 业的道路养护车 、工程作业车的
违法规定：《中华人民共和国道路交通安全法 》第五十四条 第一款（具体法条条款同上 ）
法律条文：《中华人民共和国道路交通安全法 》第九十条（具体法条条款同上）
违法记分数：0
罚款最小值：20
罚款最大值：200
罚款默认值（指导基准）：120
暂扣：
吊销：
拘留最小：0
拘留最大：0
拘留默认值（指导基准）：0
警告标记：可警告",由《自治区道路交通违法行为行政处罚裁量权基准》10383号违法行为行结构化导入，待另一管理员复核后发布。
10384中型以上载客汽车 、危化品运输 车辆 、校车不避让正在作业的道 路养护车 、工程作业车的,新公规〔2025〕1号,,新疆维吾尔自治区公安厅,local,traffic,REGIONAL,650000:新疆维吾尔自治区,交通违法裁量基准|不避让道路养护车、工程作业车|校车|中型以上客车|罚款|可警告,https://gat.xinjiang.gov.cn/gat/gawj/202503/3936ce139b084a9082a72c5bb554942d.shtml,2025-03-11,2025-04-15,,自2025年4月15日起施行，有效期五年；发生交通事故、吊销或拘留以及警告适用条件以文件统一说明和具体执法事实为准。,2026-08-08,30,,新疆道路交通违法行为代码10384的行政处罚裁量基准，违法描述为“不避让道路 养护车 、工 程作业车的”，适用于“中型以上载客汽车 、危化品运输 车辆 、校车不避让正在作业的道 路养护车 、工程作业车的”。本条仅提供官方信息索引，不生成个案处罚结论。,"违法内容：中型以上载客汽车 、危化品运输 车辆 、校车不避让正在作业的道 路养护车 、工程作业车的
违法规定：《中华人民共和国道路交通安全法 》第五十四条 第一款（具体法条条款同上 ）
法律条文：《中华人民共和国道路交通安全法 》第九十条（具体法条条款同上）
违法记分数：0
罚款最小值：20
罚款最大值：200
罚款默认值（指导基准）：150
暂扣：
吊销：
拘留最小：0
拘留最大：0
拘留默认值（指导基准）：0
警告标记：可警告",由《自治区道路交通违法行为行政处罚裁量权基准》10384号违法行为行结构化导入，待另一管理员复核后发布。
1039机动车违反规定停放 、临时停车 且驾驶人不在现场或驾驶人虽在 现场拒绝立即驶离 、妨碍其他车 辆 、行人通行的,新公规〔2025〕1号,,新疆维吾尔自治区公安厅,local,traffic,REGIONAL,650000:新疆维吾尔自治区,交通违法裁量基准|不按规定停车|行人|罚款|可警告,https://gat.xinjiang.gov.cn/gat/gawj/202503/3936ce139b084a9082a72c5bb554942d.shtml,2025-03-11,2025-04-15,,自2025年4月15日起施行，有效期五年；发生交通事故、吊销或拘留以及警告适用条件以文件统一说明和具体执法事实为准。,2026-08-08,30,,新疆道路交通违法行为代码1039的行政处罚裁量基准，违法描述为“不按规定停车”，适用于“机动车违反规定停放 、临时停车 且驾驶人不在现场或驾驶人虽在 现场拒绝立即驶离 、妨碍其他车 辆 、行人通行的”。本条仅提供官方信息索引，不生成个案处罚结论。,"违法内容：机动车违反规定停放 、临时停车 且驾驶人不在现场或驾驶人虽在 现场拒绝立即驶离 、妨碍其他车 辆 、行人通行的
违法规定：《中华人民共和国道路交通安全法实施条例 》第 六十三条机动车在道路上临时停车 ，应当遵守下 列规定：（一）在设有禁停标志 、标线的路段， 在机动车道与非机动车道 、人行道之间设有隔离 设施的路段以及人行横道 、施工地段 ，不得停 车；（二）交叉路口 、铁路道口 、急弯路 、宽度 不足4米的窄路 、桥梁 、 陡坡 、隧道以及距离上述 地点50米以内的路段 ，不得停车；（三）公共汽 车站 、急救站 、加油站 、消防栓或者消防队 （站） 门前以及距离上述地点 30米以内的路段， 除使用上述设施的以外 ，不得停车；（四）车辆 停稳前不得开车门和上下人员 ，开关车门不得妨 碍其他车辆和行人通行 ；（五）路边停车应当紧 靠道路右侧 ，机动车驾驶人不得离车 ，上下人员 或者装卸物品后 ，立即驶离；（六）城市公共汽 车不得在站点以外的路段停车上下乘客 。、《中 华人民共和国道路交通安全法 》第五十六条机动 车应当在规定地点停放 。禁止在人行道上停放机 动车；但是 ，依照本法第三十三条规定施划的停 车泊位除外。
法律条文：《中华人民共和国道路交通安全法 》第九十三条第二款机 动车驾驶人不在现场或者虽在现场但拒绝立即驶离 ，妨碍 其他车辆 、行人通行的 ，处二十元以上二百元以下罚款 ， 并可以将该机动车拖移至不妨碍交通的地点或者公安机关 交通管理部门指定的地点停放 。公安机关交通管理部门拖 车不得向当事人收取费用 ，并应当及时告知当事人停放地 点 。第九十条机动车驾驶人违反道路交通安全法律 、法规 关于道路通行规定的 ，处警告或者二十元以上二百元以下 罚款 。本法另有规定的 ，依照规定处罚。
违法记分数：0
罚款最小值：20
罚款最大值：200
罚款默认值（指导基准）：100
暂扣：
吊销：
拘留最小：0
拘留最大：0
拘留默认值（指导基准）：0
警告标记：可警告",由《自治区道路交通违法行为行政处罚裁量权基准》1039号违法行为行结构化导入，待另一管理员复核后发布。
10501摩托车行经漫水路或漫水桥时未 低速通过的,新公规〔2025〕1号,,新疆维吾尔自治区公安厅,local,traffic,REGIONAL,650000:新疆维吾尔自治区,交通违法裁量基准|漫水路桥不低速行驶|摩托车|罚款|可警告,https://gat.xinjiang.gov.cn/gat/gawj/202503/3936ce139b084a9082a72c5bb554942d.shtml,2025-03-11,2025-04-15,,自2025年4月15日起施行，有效期五年；发生交通事故、吊销或拘留以及警告适用条件以文件统一说明和具体执法事实为准。,2026-08-08,30,,新疆道路交通违法行为代码10501的行政处罚裁量基准，违法描述为“漫水路桥不 低速行驶”，适用于“摩托车行经漫水路或漫水桥时未 低速通过的”。本条仅提供官方信息索引，不生成个案处罚结论。,"违法内容：摩托车行经漫水路或漫水桥时未 低速通过的
违法规定：《中华人民共和国道路交通安全法实施条例 》第 六十四条机动车行经漫水路或者漫水桥时 ，应当 停车察明水情 ，确认安全后 ，低速通过。
法律条文：《中华人民共和国道路交通安全法 》第九十条机动车驾驶 人违反道路交通安全法律 、法规关于道路通行规定的 ，处 警告或者二十元以上二百元以下罚款 。本法另有规定的， 依照规定处罚 。
违法记分数：0
罚款最小值：20
罚款最大值：200
罚款默认值（指导基准）：60
暂扣：
吊销：
拘留最小：0
拘留最大：0
拘留默认值（指导基准）：0
警告标记：可警告",由《自治区道路交通违法行为行政处罚裁量权基准》10501号违法行为行结构化导入，待另一管理员复核后发布。
10502小微型机动车行经漫水路或漫水 桥时未低速通过的,新公规〔2025〕1号,,新疆维吾尔自治区公安厅,local,traffic,REGIONAL,650000:新疆维吾尔自治区,交通违法裁量基准|漫水路桥不低速行驶|小微型机动车|罚款|可警告,https://gat.xinjiang.gov.cn/gat/gawj/202503/3936ce139b084a9082a72c5bb554942d.shtml,2025-03-11,2025-04-15,,自2025年4月15日起施行，有效期五年；发生交通事故、吊销或拘留以及警告适用条件以文件统一说明和具体执法事实为准。,2026-08-08,30,,新疆道路交通违法行为代码10502的行政处罚裁量基准，违法描述为“漫水路桥不 低速行驶”，适用于“小微型机动车行经漫水路或漫水 桥时未低速通过的”。本条仅提供官方信息索引，不生成个案处罚结论。,"违法内容：小微型机动车行经漫水路或漫水 桥时未低速通过的
违法规定：《中华人民共和国道路交通安全法实施条例 》第 六十四条（具体法条条款同上 ）
法律条文：《中华人民共和国道路交通安全法 》第九十条（具体法条条款同上）
违法记分数：0
罚款最小值：20
罚款最大值：200
罚款默认值（指导基准）：90
暂扣：
吊销：
拘留最小：0
拘留最大：0
拘留默认值（指导基准）：0
警告标记：可警告",由《自治区道路交通违法行为行政处罚裁量权基准》10502号违法行为行结构化导入，待另一管理员复核后发布。
10503中型以上货车行经漫水路或漫水 桥时未低速通过的,新公规〔2025〕1号,,新疆维吾尔自治区公安厅,local,traffic,REGIONAL,650000:新疆维吾尔自治区,交通违法裁量基准|漫水路桥不低速行驶|罚款|可警告,https://gat.xinjiang.gov.cn/gat/gawj/202503/3936ce139b084a9082a72c5bb554942d.shtml,2025-03-11,2025-04-15,,自2025年4月15日起施行，有效期五年；发生交通事故、吊销或拘留以及警告适用条件以文件统一说明和具体执法事实为准。,2026-08-08,30,,新疆道路交通违法行为代码10503的行政处罚裁量基准，违法描述为“漫水路桥不 低速行驶”，适用于“中型以上货车行经漫水路或漫水 桥时未低速通过的”。本条仅提供官方信息索引，不生成个案处罚结论。,"违法内容：中型以上货车行经漫水路或漫水 桥时未低速通过的
违法规定：《中华人民共和国道路交通安全法实施条例 》第 六十四条（具体法条条款同上 ）
法律条文：《中华人民共和国道路交通安全法 》第九十条（具体法条条款同上）
违法记分数：0
罚款最小值：20
罚款最大值：200
罚款默认值（指导基准）：120
暂扣：
吊销：
拘留最小：0
拘留最大：0
拘留默认值（指导基准）：0
警告标记：可警告",由《自治区道路交通违法行为行政处罚裁量权基准》10503号违法行为行结构化导入，待另一管理员复核后发布。
10504中型以上客车 、危险物品运输车 辆、校车行经漫水路或漫水桥时 未低速通过的,新公规〔2025〕1号,,新疆维吾尔自治区公安厅,local,traffic,REGIONAL,650000:新疆维吾尔自治区,交通违法裁量基准|漫水路桥不低速行驶|危险品运输车|校车|罚款|可警告,https://gat.xinjiang.gov.cn/gat/gawj/202503/3936ce139b084a9082a72c5bb554942d.shtml,2025-03-11,2025-04-15,,自2025年4月15日起施行，有效期五年；发生交通事故、吊销或拘留以及警告适用条件以文件统一说明和具体执法事实为准。,2026-08-08,30,,新疆道路交通违法行为代码10504的行政处罚裁量基准，违法描述为“漫水路桥不 低速行驶”，适用于“中型以上客车 、危险物品运输车 辆、校车行经漫水路或漫水桥时 未低速通过的”。本条仅提供官方信息索引，不生成个案处罚结论。,"违法内容：中型以上客车 、危险物品运输车 辆、校车行经漫水路或漫水桥时 未低速通过的
违法规定：《中华人民共和国道路交通安全法实施条例 》第 六十四条（具体法条条款同上 ）
法律条文：《中华人民共和国道路交通安全法 》第九十条（具体法条条款同上）
违法记分数：0
罚款最小值：20
罚款最大值：200
罚款默认值（指导基准）：150
暂扣：
吊销：
拘留最小：0
拘留最大：0
拘留默认值（指导基准）：0
警告标记：可警告",由《自治区道路交通违法行为行政处罚裁量权基准》10504号违法行为行结构化导入，待另一管理员复核后发布。
10511摩托车载运超限物品行经铁路道 口时不按指定的道口通过的,新公规〔2025〕1号,,新疆维吾尔自治区公安厅,local,traffic,REGIONAL,650000:新疆维吾尔自治区,交通违法裁量基准|铁路道口违规|摩托车|罚款|可警告,https://gat.xinjiang.gov.cn/gat/gawj/202503/3936ce139b084a9082a72c5bb554942d.shtml,2025-03-11,2025-04-15,,自2025年4月15日起施行，有效期五年；发生交通事故、吊销或拘留以及警告适用条件以文件统一说明和具体执法事实为准。,2026-08-08,30,,新疆道路交通违法行为代码10511的行政处罚裁量基准，违法描述为“超限车辆在 铁道路口不 按指定道口 通过”，适用于“摩托车载运超限物品行经铁路道 口时不按指定的道口通过的”。本条仅提供官方信息索引，不生成个案处罚结论。,"违法内容：摩托车载运超限物品行经铁路道 口时不按指定的道口通过的
违法规定：《中华人民共和国道路交通安全法实施条例 》第 六十五条第一款机动车载运超限物品行经铁路道 口的 ，应当按照当地铁路部门指定的铁路道口 、 时间通过。
法律条文：《中华人民共和国道路交通安全法 》第九十条机动车驾驶 人违反道路交通安全法律 、法规关于道路通行规定的 ，处 警告或者二十元以上二百元以下罚款 。本法另有规定的， 依照规定处罚 。
违法记分数：0
罚款最小值：20
罚款最大值：200
罚款默认值（指导基准）：60
暂扣：
吊销：
拘留最小：0
拘留最大：0
拘留默认值（指导基准）：0
警告标记：可警告",由《自治区道路交通违法行为行政处罚裁量权基准》10511号违法行为行结构化导入，待另一管理员复核后发布。
10512小微型机动车载运超限物品行经 铁路道口时不按指定的道口通过 的,新公规〔2025〕1号,,新疆维吾尔自治区公安厅,local,traffic,REGIONAL,650000:新疆维吾尔自治区,交通违法裁量基准|铁路道口违规|小微型机动车|罚款|可警告,https://gat.xinjiang.gov.cn/gat/gawj/202503/3936ce139b084a9082a72c5bb554942d.shtml,2025-03-11,2025-04-15,,自2025年4月15日起施行，有效期五年；发生交通事故、吊销或拘留以及警告适用条件以文件统一说明和具体执法事实为准。,2026-08-08,30,,新疆道路交通违法行为代码10512的行政处罚裁量基准，违法描述为“超限车辆在 铁道路口不 按指定道口”，适用于“小微型机动车载运超限物品行经 铁路道口时不按指定的道口通过 的”。本条仅提供官方信息索引，不生成个案处罚结论。,"违法内容：小微型机动车载运超限物品行经 铁路道口时不按指定的道口通过 的
违法规定：《中华人民共和国道路交通安全法实施条例 》第 六十五条第一款（具体法条条款同上 ）
法律条文：《中华人民共和国道路交通安全法 》第九十条（具体法条条款同上）
违法记分数：0
罚款最小值：20
罚款最大值：200
罚款默认值（指导基准）：90
暂扣：
吊销：
拘留最小：0
拘留最大：0
拘留默认值（指导基准）：0
警告标记：可警告",由《自治区道路交通违法行为行政处罚裁量权基准》10512号违法行为行结构化导入，待另一管理员复核后发布。
10513中型以上货车载运超限物品行经 铁路道口时不按指定的道口通过 的,新公规〔2025〕1号,,新疆维吾尔自治区公安厅,local,traffic,REGIONAL,650000:新疆维吾尔自治区,交通违法裁量基准|铁路道口违规|罚款|可警告,https://gat.xinjiang.gov.cn/gat/gawj/202503/3936ce139b084a9082a72c5bb554942d.shtml,2025-03-11,2025-04-15,,自2025年4月15日起施行，有效期五年；发生交通事故、吊销或拘留以及警告适用条件以文件统一说明和具体执法事实为准。,2026-08-08,30,,新疆道路交通违法行为代码10513的行政处罚裁量基准，违法描述为“超限通车过辆在 铁道路口不 按指定道口”，适用于“中型以上货车载运超限物品行经 铁路道口时不按指定的道口通过 的”。本条仅提供官方信息索引，不生成个案处罚结论。,"违法内容：中型以上货车载运超限物品行经 铁路道口时不按指定的道口通过 的
违法规定：《中华人民共和国道路交通安全法实施条例 》第 六十五条第一款（具体法条条款同上 ）
法律条文：《中华人民共和国道路交通安全法 》第九十条（具体法条条款同上）
违法记分数：0
罚款最小值：20
罚款最大值：200
罚款默认值（指导基准）：120
暂扣：
吊销：
拘留最小：0
拘留最大：0
拘留默认值（指导基准）：0
警告标记：可警告",由《自治区道路交通违法行为行政处罚裁量权基准》10513号违法行为行结构化导入，待另一管理员复核后发布。
10514危险物品运输车辆载运超限物品 行经铁路道口时不按指定的道口 通过的,新公规〔2025〕1号,,新疆维吾尔自治区公安厅,local,traffic,REGIONAL,650000:新疆维吾尔自治区,交通违法裁量基准|铁路道口违规|危险品运输车|罚款|可警告,https://gat.xinjiang.gov.cn/gat/gawj/202503/3936ce139b084a9082a72c5bb554942d.shtml,2025-03-11,2025-04-15,,自2025年4月15日起施行，有效期五年；发生交通事故、吊销或拘留以及警告适用条件以文件统一说明和具体执法事实为准。,2026-08-08,30,,新疆道路交通违法行为代码10514的行政处罚裁量基准，违法描述为“超限通车过辆在 铁道路口不 按指定道口 通过”，适用于“危险物品运输车辆载运超限物品 行经铁路道口时不按指定的道口 通过的”。本条仅提供官方信息索引，不生成个案处罚结论。,"违法内容：危险物品运输车辆载运超限物品 行经铁路道口时不按指定的道口 通过的
违法规定：《中华人民共和国道路交通安全法实施条例 》第 六十五条第一款（具体法条条款同上 ）
法律条文：《中华人民共和国道路交通安全法 》第九十条（具体法条条款同上）
违法记分数：0
罚款最小值：20
罚款最大值：200
罚款默认值（指导基准）：150
暂扣：
吊销：
拘留最小：0
拘留最大：0
拘留默认值（指导基准）：0
警告标记：可警告",由《自治区道路交通违法行为行政处罚裁量权基准》10514号违法行为行结构化导入，待另一管理员复核后发布。
1053机动车行经渡口 、不服从渡口管 理人员指挥 、不依次待渡的,新公规〔2025〕1号,,新疆维吾尔自治区公安厅,local,traffic,REGIONAL,650000:新疆维吾尔自治区,交通违法裁量基准|渡口不按指挥依次待渡|罚款|可警告,https://gat.xinjiang.gov.cn/gat/gawj/202503/3936ce139b084a9082a72c5bb554942d.shtml,2025-03-11,2025-04-15,,自2025年4月15日起施行，有效期五年；发生交通事故、吊销或拘留以及警告适用条件以文件统一说明和具体执法事实为准。,2026-08-08,30,,新疆道路交通违法行为代码1053的行政处罚裁量基准，违法描述为“渡口不按指 挥依次待渡”，适用于“机动车行经渡口 、不服从渡口管 理人员指挥 、不依次待渡的”。本条仅提供官方信息索引，不生成个案处罚结论。,"违法内容：机动车行经渡口 、不服从渡口管 理人员指挥 、不依次待渡的
违法规定：《中华人民共和国道路交通安全法实施条例 》第 六十五条第二款机动车行经渡口 ，应当服从渡口 管理人员指挥 ，按照指定地点依次待渡 。机动车 上下渡船时 ，应当低速慢行。
法律条文：《中华人民共和国道路交通安全法 》第九十条机动车驾驶 人违反道路交通安全法律 、法规关于道路通行规定的 ，处 警告或者二十元以上二百元以下罚款 。本法另有规定的， 依照规定处罚 。
违法记分数：0
罚款最小值：20
罚款最大值：200
罚款默认值（指导基准）：180
暂扣：
吊销：
拘留最小：0
拘留最大：0
拘留默认值（指导基准）：0
警告标记：可警告",由《自治区道路交通违法行为行政处罚裁量权基准》1053号违法行为行结构化导入，待另一管理员复核后发布。
10541摩托车上下渡船时 、不低速慢行 的,新公规〔2025〕1号,,新疆维吾尔自治区公安厅,local,traffic,REGIONAL,650000:新疆维吾尔自治区,交通违法裁量基准|上下渡船不低速行驶|摩托车|罚款|可警告,https://gat.xinjiang.gov.cn/gat/gawj/202503/3936ce139b084a9082a72c5bb554942d.shtml,2025-03-11,2025-04-15,,自2025年4月15日起施行，有效期五年；发生交通事故、吊销或拘留以及警告适用条件以文件统一说明和具体执法事实为准。,2026-08-08,30,,新疆道路交通违法行为代码10541的行政处罚裁量基准，违法描述为“上下渡船不 低速行驶”，适用于“摩托车上下渡船时 、不低速慢行 的”。本条仅提供官方信息索引，不生成个案处罚结论。,"违法内容：摩托车上下渡船时 、不低速慢行 的
违法规定：《中华人民共和国道路交通安全法实施条例 》第 六十五条第二款机动车行经渡口 ，应当服从渡口 管理人员指挥 ，按照指定地点依次待渡 。机动车 上下渡船时 ，应当低速慢行。
法律条文：《中华人民共和国道路交通安全法 》第九十条机动车驾驶 人违反道路交通安全法律 、法规关于道路通行规定的 ，处 警告或者二十元以上二百元以下罚款 。本法另有规定的， 依照规定处罚 。
违法记分数：0
罚款最小值：20
罚款最大值：200
罚款默认值（指导基准）：60
暂扣：
吊销：
拘留最小：0
拘留最大：0
拘留默认值（指导基准）：0
警告标记：可警告",由《自治区道路交通违法行为行政处罚裁量权基准》10541号违法行为行结构化导入，待另一管理员复核后发布。
10542小微型机动车上下渡船时 、不低速慢行的,新公规〔2025〕1号,,新疆维吾尔自治区公安厅,local,traffic,REGIONAL,650000:新疆维吾尔自治区,交通违法裁量基准|上下渡船不低速行驶|小微型机动车|罚款|可警告,https://gat.xinjiang.gov.cn/gat/gawj/202503/3936ce139b084a9082a72c5bb554942d.shtml,2025-03-11,2025-04-15,,自2025年4月15日起施行，有效期五年；发生交通事故、吊销或拘留以及警告适用条件以文件统一说明和具体执法事实为准。,2026-08-08,30,,新疆道路交通违法行为代码10542的行政处罚裁量基准，违法描述为“上下渡船不 低速行驶”，适用于“小微型机动车上下渡船时 、不低速慢行的”。本条仅提供官方信息索引，不生成个案处罚结论。,"违法内容：小微型机动车上下渡船时 、不低速慢行的
违法规定：《中华人民共和国道路交通安全法实施条例 》第 六十五条第二款（具体法条条款同上 ）
法律条文：《中华人民共和国道路交通安全法 》第九十条（具体法条条款同上）
违法记分数：0
罚款最小值：20
罚款最大值：200
罚款默认值（指导基准）：90
暂扣：
吊销：
拘留最小：0
拘留最大：0
拘留默认值（指导基准）：0
警告标记：可警告",由《自治区道路交通违法行为行政处罚裁量权基准》10542号违法行为行结构化导入，待另一管理员复核后发布。
10543中型以上货车上下渡船时 、不低速慢行的,新公规〔2025〕1号,,新疆维吾尔自治区公安厅,local,traffic,REGIONAL,650000:新疆维吾尔自治区,交通违法裁量基准|上下渡船不低速行驶|罚款|可警告,https://gat.xinjiang.gov.cn/gat/gawj/202503/3936ce139b084a9082a72c5bb554942d.shtml,2025-03-11,2025-04-15,,自2025年4月15日起施行，有效期五年；发生交通事故、吊销或拘留以及警告适用条件以文件统一说明和具体执法事实为准。,2026-08-08,30,,新疆道路交通违法行为代码10543的行政处罚裁量基准，违法描述为“上下渡船不 低速行驶”，适用于“中型以上货车上下渡船时 、不低速慢行的”。本条仅提供官方信息索引，不生成个案处罚结论。,"违法内容：中型以上货车上下渡船时 、不低速慢行的
违法规定：《中华人民共和国道路交通安全法实施条例 》第 六十五条第二款（具体法条条款同上 ）
法律条文：《中华人民共和国道路交通安全法 》第九十条（具体法条条款同上）
违法记分数：0
罚款最小值：20
罚款最大值：200
罚款默认值（指导基准）：120
暂扣：
吊销：
拘留最小：0
拘留最大：0
拘留默认值（指导基准）：0
警告标记：可警告",由《自治区道路交通违法行为行政处罚裁量权基准》10543号违法行为行结构化导入，待另一管理员复核后发布。
10544中型以上客车 、危险物品运输车 辆、校车上下渡船时 、不低速慢,新公规〔2025〕1号,,新疆维吾尔自治区公安厅,local,traffic,REGIONAL,650000:新疆维吾尔自治区,交通违法裁量基准|上下渡船不低速行驶|危险品运输车|校车|罚款|可警告,https://gat.xinjiang.gov.cn/gat/gawj/202503/3936ce139b084a9082a72c5bb554942d.shtml,2025-03-11,2025-04-15,,自2025年4月15日起施行，有效期五年；发生交通事故、吊销或拘留以及警告适用条件以文件统一说明和具体执法事实为准。,2026-08-08,30,,新疆道路交通违法行为代码10544的行政处罚裁量基准，违法描述为“上下渡船不 低速行驶”，适用于“中型以上客车 、危险物品运输车 辆、校车上下渡船时 、不低速慢”。本条仅提供官方信息索引，不生成个案处罚结论。,"违法内容：中型以上客车 、危险物品运输车 辆、校车上下渡船时 、不低速慢
违法规定：《中华人民共和国道路交通安全法实施条例 》第 六十五条第二款（具体法条条款同上 ）
法律条文：《中华人民共和国道路交通安全法 》第九十条（具体法条条款同上）
违法记分数：0
罚款最小值：20
罚款最大值：200
罚款默认值（指导基准）：150
暂扣：
吊销：
拘留最小：0
拘留最大：0
拘留默认值（指导基准）：0
警告标记：可警告",由《自治区道路交通违法行为行政处罚裁量权基准》10544号违法行为行结构化导入，待另一管理员复核后发布。
1055特种车辆违反规定使用警报器的,新公规〔2025〕1号,,新疆维吾尔自治区公安厅,local,traffic,REGIONAL,650000:新疆维吾尔自治区,交通违法裁量基准|特种车辆违反规定使用警报器|罚款|可警告,https://gat.xinjiang.gov.cn/gat/gawj/202503/3936ce139b084a9082a72c5bb554942d.shtml,2025-03-11,2025-04-15,,自2025年4月15日起施行，有效期五年；发生交通事故、吊销或拘留以及警告适用条件以文件统一说明和具体执法事实为准。,2026-08-08,30,,新疆道路交通违法行为代码1055的行政处罚裁量基准，违法描述为“特种车辆违 反规定使用 警报器”，适用于“特种车辆违反规定使用警报器的”。本条仅提供官方信息索引，不生成个案处罚结论。,"违法内容：特种车辆违反规定使用警报器的
违法规定：《中华人民共和国道路交通安全法 》第五十三条 第二款警车 、消防车 、救护车 、工程救险车非执 行紧急任务时 ，不得使用警报器 、标志灯具 ，不 享有前款规定的道路优先通行权 。《中华人民共 和国噪音污染防治法》 第四十八条第二款警车 、 消防救援车 、救护车 、工程救险车等机动车安装 、使用警报器 ，应当符合国务院 、公安等部门的 规定；非执行紧急任务 ，不得使用警报器 。《中 华人民共和国道路交通安全法实施条例 》第六十 六条 警车 、消防车 、救护车 、工程救险车在执行 紧急任务遇交通受阻时 ，可以断续使用警报器 ， 并遵守下列规定： （一）不得在禁止使用警报器的区域或者路段使 用警报器；（二）夜间在市区不得使用警报器 ； （三）列队行驶时 ，前车已经使用警报器的 ，后 车不再使用警报器 。
法律条文：《中华人民共和国道路交通安全法 》第九十条机动车驾驶 人违反道路交通安全法律 、法规关于道路通行规定的 ，处 警告或者二十元以上二百元以下罚款 。本法另有规定的， 依照规定处罚 。
违法记分数：0
罚款最小值：20
罚款最大值：200
罚款默认值（指导基准）：180
暂扣：
吊销：
拘留最小：0
拘留最大：0
拘留默认值（指导基准）：0
警告标记：可警告",由《自治区道路交通违法行为行政处罚裁量权基准》1055号违法行为行结构化导入，待另一管理员复核后发布。
1056特种车辆违反规定使用标志灯具 的,新公规〔2025〕1号,,新疆维吾尔自治区公安厅,local,traffic,REGIONAL,650000:新疆维吾尔自治区,交通违法裁量基准|特种车辆违规使用标志灯具|罚款|可警告,https://gat.xinjiang.gov.cn/gat/gawj/202503/3936ce139b084a9082a72c5bb554942d.shtml,2025-03-11,2025-04-15,,自2025年4月15日起施行，有效期五年；发生交通事故、吊销或拘留以及警告适用条件以文件统一说明和具体执法事实为准。,2026-08-08,30,,新疆道路交通违法行为代码1056的行政处罚裁量基准，违法描述为“特种车辆违 规使用标志 灯具”，适用于“特种车辆违反规定使用标志灯具 的”。本条仅提供官方信息索引，不生成个案处罚结论。,"违法内容：特种车辆违反规定使用标志灯具 的
违法规定：《中华人民共和国道路交通安全法 》第五十三条 第二款警车 、消防车 、救护车 、工程救险车非执 行紧急任务时 ，不得使用警报器 、标志灯具 ，不 享有前款规定的道路优先通行权 、《中华人民共 和国道路交通安全法实施条例 》第六十六条警车 、消防车 、救护车 、工程救险车在执行紧急任务 遇交通受阻时 ，可以断续使用警报器 ，并遵守下 列规定： （一）不得在禁止使用警报器的区域或者路段使 用警报器；（二）夜间在市区不得使用警报器 ； （三）列队行驶时 ，前车已经使用警报器的 ，后 车不再使用警报器 。
法律条文：《中华人民共和国道路交通安全法 》第九十条机动车驾驶 人违反道路交通安全法律 、法规关于道路通行规定的 ，处 警告或者二十元以上二百元以下罚款 。本法另有规定的， 依照规定处罚 。
违法记分数：0
罚款最小值：20
罚款最大值：200
罚款默认值（指导基准）：180
暂扣：
吊销：
拘留最小：0
拘留最大：0
拘留默认值（指导基准）：0
警告标记：可警告",由《自治区道路交通违法行为行政处罚裁量权基准》1056号违法行为行结构化导入，待另一管理员复核后发布。
1061拖拉机驶入大中城市中心城区内 道路的,新公规〔2025〕1号,,新疆维吾尔自治区公安厅,local,traffic,REGIONAL,650000:新疆维吾尔自治区,交通违法裁量基准|拖拉机进入中心区|拖拉机|罚款|可警告,https://gat.xinjiang.gov.cn/gat/gawj/202503/3936ce139b084a9082a72c5bb554942d.shtml,2025-03-11,2025-04-15,,自2025年4月15日起施行，有效期五年；发生交通事故、吊销或拘留以及警告适用条件以文件统一说明和具体执法事实为准。,2026-08-08,30,,新疆道路交通违法行为代码1061的行政处罚裁量基准，违法描述为“拖拉机进入 中心区”，适用于“拖拉机驶入大中城市中心城区内 道路的”。本条仅提供官方信息索引，不生成个案处罚结论。,"违法内容：拖拉机驶入大中城市中心城区内 道路的
违法规定：《中华人民共和国道路交通安全法 》第五十五条 第一款高速公路 、大中城市中心城区内的道路 ， 禁止拖拉机通行 。其他禁止拖拉机通行的道路 ， 由省 、 自治区 、直辖市人民政府根据当地实际情 况规定。
法律条文：《中华人民共和国道路交通安全法 》第九十条机动车驾驶 人违反道路交通安全法律 、法规关于道路通行规定的 ，处 警告或者二十元以上二百元以下罚款 。本法另有规定的， 依照规定处罚 。
违法记分数：0
罚款最小值：20
罚款最大值：200
罚款默认值（指导基准）：60
暂扣：
吊销：
拘留最小：0
拘留最大：0
拘留默认值（指导基准）：0
警告标记：可警告",由《自治区道路交通违法行为行政处罚裁量权基准》1061号违法行为行结构化导入，待另一管理员复核后发布。
1062拖拉机驶入其它禁止通行道路的,新公规〔2025〕1号,,新疆维吾尔自治区公安厅,local,traffic,REGIONAL,650000:新疆维吾尔自治区,交通违法裁量基准|拖拉机驶入禁行路|拖拉机|罚款|可警告,https://gat.xinjiang.gov.cn/gat/gawj/202503/3936ce139b084a9082a72c5bb554942d.shtml,2025-03-11,2025-04-15,,自2025年4月15日起施行，有效期五年；发生交通事故、吊销或拘留以及警告适用条件以文件统一说明和具体执法事实为准。,2026-08-08,30,,新疆道路交通违法行为代码1062的行政处罚裁量基准，违法描述为“拖拉机驶入 禁行路”，适用于“拖拉机驶入其它禁止通行道路的”。本条仅提供官方信息索引，不生成个案处罚结论。,"违法内容：拖拉机驶入其它禁止通行道路的
违法规定：《中华人民共和国道路交通安全法 》第五十五条 第一款高速公路 、大中城市中心城区内的道路 ， 禁止拖拉机通行 。其他禁止拖拉机通行的道路 ， 由省 、 自治区 、直辖市人民政府根据当地实际情 况规定。
法律条文：《中华人民共和国道路交通安全法 》第九十条机动车驾驶 人违反道路交通安全法律 、法规关于道路通行规定的 ，处 警告或者二十元以上二百元以下罚款 。本法另有规定的， 依照规定处罚 。
违法记分数：0
罚款最小值：20
罚款最大值：200
罚款默认值（指导基准）：60
暂扣：
吊销：
拘留最小：0
拘留最大：0
拘留默认值（指导基准）：0
警告标记：可警告",由《自治区道路交通违法行为行政处罚裁量权基准》1062号违法行为行结构化导入，待另一管理员复核后发布。
1063拖拉机载人的,新公规〔2025〕1号,,新疆维吾尔自治区公安厅,local,traffic,REGIONAL,650000:新疆维吾尔自治区,交通违法裁量基准|拖拉机载人|拖拉机|罚款|可警告,https://gat.xinjiang.gov.cn/gat/gawj/202503/3936ce139b084a9082a72c5bb554942d.shtml,2025-03-11,2025-04-15,,自2025年4月15日起施行，有效期五年；发生交通事故、吊销或拘留以及警告适用条件以文件统一说明和具体执法事实为准。,2026-08-08,30,,新疆道路交通违法行为代码1063的行政处罚裁量基准，违法描述为“拖拉机载人”，适用于“拖拉机载人的”。本条仅提供官方信息索引，不生成个案处罚结论。,"违法内容：拖拉机载人的
违法规定：《中华人民共和国道路交通安全法 》第五十五条 第一款高速公路 、大中城市中心城区内的道路 ， 禁止拖拉机通行 。其他禁止拖拉机通行的道路 ， 由省 、 自治区 、直辖市人民政府根据当地实际情 况规定。
法律条文：《中华人民共和国道路交通安全法 》第九十条机动车驾驶 人违反道路交通安全法律 、法规关于道路通行规定的 ，处 警告或者二十元以上二百元以下罚款 。本法另有规定的， 依照规定处罚 。
违法记分数：0
罚款最小值：20
罚款最大值：200
罚款默认值（指导基准）：60
暂扣：
吊销：
拘留最小：0
拘留最大：0
拘留默认值（指导基准）：0
警告标记：可警告",由《自治区道路交通违法行为行政处罚裁量权基准》1063号违法行为行结构化导入，待另一管理员复核后发布。
10652摩托车驾驶证申请人不按指定路 线上道路学习驾驶的,新公规〔2025〕1号,,新疆维吾尔自治区公安厅,local,traffic,REGIONAL,650000:新疆维吾尔自治区,交通违法裁量基准|违规学习驾驶|摩托车|罚款|可警告,https://gat.xinjiang.gov.cn/gat/gawj/202503/3936ce139b084a9082a72c5bb554942d.shtml,2025-03-11,2025-04-15,,自2025年4月15日起施行，有效期五年；发生交通事故、吊销或拘留以及警告适用条件以文件统一说明和具体执法事实为准。,2026-08-08,30,,新疆道路交通违法行为代码10652的行政处罚裁量基准，违法描述为“不按指定路 线学习驾驶”，适用于“摩托车驾驶证申请人不按指定路 线上道路学习驾驶的”。本条仅提供官方信息索引，不生成个案处罚结论。,"违法内容：摩托车驾驶证申请人不按指定路 线上道路学习驾驶的
违法规定：《中华人民共和国道路交通安全法实施条例 》第 二十条第二款 、《机动车驾驶证申领和使用规定 》第四十二条申请人在道路上学习驾驶 ，应当随 身携带学习驾驶证明 ，使用教练车或者学车专用 标识签注的自学用车 ，在教练员或者学车专用标 识签注的指导人员随车指导下 ，按照公安机关交 通管理部门指定的路线 、时间进行。 申请人为自学直考人员的 ，在道路上学习驾驶 时 ，应当在自学用车上按规定放置 、粘贴学车专 用标识 ， 自学用车不得搭载随车指导人员以外的 其他人员。
法律条文：《中华人民共和国道路交通安全法 》第九十条机动车驾驶 人违反道路交通安全法律 、法规关于道路通行规定的 ，处 警告或者二十元以上二百元以下罚款 。本法另有规定的， 依照规定处罚 、《机动车驾驶证申领和使用规定 》第九十 五条申请人在道路上学习驾驶时 ，有下列情形之一的 ， 由 公安机关交通管理部门对教练员或者随车指导人员处二十 元以上二百元以下罚款 ：（一）未按照公安机关交通管理 部门指定的路线 、时间进行的；（二）未按照本规定第四 十二条规定放置 、粘贴学车专用标识的 。
违法记分数：0
罚款最小值：20
罚款最大值：200
罚款默认值（指导基准）：60
暂扣：
吊销：
拘留最小：0
拘留最大：0
拘留默认值（指导基准）：0
警告标记：可警告",由《自治区道路交通违法行为行政处罚裁量权基准》10652号违法行为行结构化导入，待另一管理员复核后发布。
10653小微型机动车驾驶证申请人不按 指定路线上道路学习驾驶的,新公规〔2025〕1号,,新疆维吾尔自治区公安厅,local,traffic,REGIONAL,650000:新疆维吾尔自治区,交通违法裁量基准|违规学习驾驶|小微型机动车|罚款|可警告,https://gat.xinjiang.gov.cn/gat/gawj/202503/3936ce139b084a9082a72c5bb554942d.shtml,2025-03-11,2025-04-15,,自2025年4月15日起施行，有效期五年；发生交通事故、吊销或拘留以及警告适用条件以文件统一说明和具体执法事实为准。,2026-08-08,30,,新疆道路交通违法行为代码10653的行政处罚裁量基准，违法描述为“不按指定路 线学习驾驶”，适用于“小微型机动车驾驶证申请人不按 指定路线上道路学习驾驶的”。本条仅提供官方信息索引，不生成个案处罚结论。,"违法内容：小微型机动车驾驶证申请人不按 指定路线上道路学习驾驶的
违法规定：《中华人民共和国道路交通安全法实施条例 》第 二十条第二款 、《机动车驾驶证申领和使用规定 》第四十二条（具体法条条款同上 ）
法律条文：《中华人民共和国道路交通安全法 》第九十条 、《机动车 驾驶证申领和使用规定 》第九十五条（具体法条条款同 上）
违法记分数：0
罚款最小值：20
罚款最大值：200
罚款默认值（指导基准）：90
暂扣：
吊销：
拘留最小：0
拘留最大：0
拘留默认值（指导基准）：0
警告标记：可警告",由《自治区道路交通违法行为行政处罚裁量权基准》10653号违法行为行结构化导入，待另一管理员复核后发布。
10654中型以上货车驾驶证申请人不按 指定路线上道路学习驾驶的,新公规〔2025〕1号,,新疆维吾尔自治区公安厅,local,traffic,REGIONAL,650000:新疆维吾尔自治区,交通违法裁量基准|违规学习驾驶|罚款|可警告,https://gat.xinjiang.gov.cn/gat/gawj/202503/3936ce139b084a9082a72c5bb554942d.shtml,2025-03-11,2025-04-15,,自2025年4月15日起施行，有效期五年；发生交通事故、吊销或拘留以及警告适用条件以文件统一说明和具体执法事实为准。,2026-08-08,30,,新疆道路交通违法行为代码10654的行政处罚裁量基准，违法描述为“不按指定路 线学习驾驶”，适用于“中型以上货车驾驶证申请人不按 指定路线上道路学习驾驶的”。本条仅提供官方信息索引，不生成个案处罚结论。,"违法内容：中型以上货车驾驶证申请人不按 指定路线上道路学习驾驶的
违法规定：《中华人民共和国道路交通安全法实施条例 》第 二十条第二款 、《机动车驾驶证申领和使用规定 》第四十二条（具体法条条款同上 ）
法律条文：《中华人民共和国道路交通安全法 》第九十条 、《机动车 驾驶证申领和使用规定 》第九十五条（具体法条条款同 上）
违法记分数：0
罚款最小值：20
罚款最大值：200
罚款默认值（指导基准）：120
暂扣：
吊销：
拘留最小：0
拘留最大：0
拘留默认值（指导基准）：0
警告标记：可警告",由《自治区道路交通违法行为行政处罚裁量权基准》10654号违法行为行结构化导入，待另一管理员复核后发布。
10655中型以上客车 、危险物品运输车 辆、校车驾驶证申请人不按指定 路线上道路学习驾驶的,新公规〔2025〕1号,,新疆维吾尔自治区公安厅,local,traffic,REGIONAL,650000:新疆维吾尔自治区,交通违法裁量基准|违规学习驾驶|危险品运输车|校车|罚款|可警告,https://gat.xinjiang.gov.cn/gat/gawj/202503/3936ce139b084a9082a72c5bb554942d.shtml,2025-03-11,2025-04-15,,自2025年4月15日起施行，有效期五年；发生交通事故、吊销或拘留以及警告适用条件以文件统一说明和具体执法事实为准。,2026-08-08,30,,新疆道路交通违法行为代码10655的行政处罚裁量基准，违法描述为“不按指定路 线学习驾驶”，适用于“中型以上客车 、危险物品运输车 辆、校车驾驶证申请人不按指定 路线上道路学习驾驶的”。本条仅提供官方信息索引，不生成个案处罚结论。,"违法内容：中型以上客车 、危险物品运输车 辆、校车驾驶证申请人不按指定 路线上道路学习驾驶的
违法规定：《中华人民共和国道路交通安全法实施条例 》第 二十条第二款 、《机动车驾驶证申领和使用规定 》第四十二条（具体法条条款同上 ）
法律条文：《中华人民共和国道路交通安全法 》第九十条 、《机动车 驾驶证申领和使用规定 》第九十五条（具体法条条款同 上）
违法记分数：0
罚款最小值：20
罚款最大值：200
罚款默认值（指导基准）：150
暂扣：
吊销：
拘留最小：0
拘留最大：0
拘留默认值（指导基准）：0
警告标记：可警告",由《自治区道路交通违法行为行政处罚裁量权基准》10655号违法行为行结构化导入，待另一管理员复核后发布。
1078机动车违反交通管制规定强行通 行 、不听劝阻的,新公规〔2025〕1号,,新疆维吾尔自治区公安厅,local,traffic,REGIONAL,650000:新疆维吾尔自治区,交通违法裁量基准|违反交通管制|罚款|行政拘留,https://gat.xinjiang.gov.cn/gat/gawj/202503/3936ce139b084a9082a72c5bb554942d.shtml,2025-03-11,2025-04-15,,自2025年4月15日起施行，有效期五年；发生交通事故、吊销或拘留以及警告适用条件以文件统一说明和具体执法事实为准。,2026-08-08,30,,新疆道路交通违法行为代码1078的行政处罚裁量基准，违法描述为“机动车违反 交通管制规 定强行通行 、不听劝阻 的”，适用于“机动车违反交通管制规定强行通 行 、不听劝阻的”。本条仅提供官方信息索引，不生成个案处罚结论。,"违法内容：机动车违反交通管制规定强行通 行 、不听劝阻的
违法规定：《中华人民共和国道路交通安全法 》第三十九条 公安机关交通管理部门根据道路和交通流量的具 体情况 ，可以对机动车 、非机动车 、行人采取疏 导 、 限制通行 、禁止通行等措施 。遇有大型群众 性活动 、大范围施工等情况 ，需要采取限制交通 的措施 ，或者作出与公众的道路交通活动直接有 关的决定 ，应当提前向社会公告 。第四十条遇有 自然灾害 、恶劣气象条件或者重大交通事故等严 重影响交通安全的情形 ，采取其他措施难以保证 交通安全时 ，公安机关交通管理部门可以实行交 通管制。
法律条文：《中华人民共和国道路交通安全法 》第九十九条第一款第 六项有下列行为之一的 ， 由公安机关交通管理部门处二百 元以上二千元以下罚款 ：（六）违反交通管制的规定强行 通行 ，不听劝阻的； 第二款行为人有前款第二项 、第四项 情形之一的 ，可以并处吊销机动车驾驶证 ；有第一项 、第 三项 、第五项至第八项情形之一的 ，可以并处十五日以下 拘留。
违法记分数：0
罚款最小值：200
罚款最大值：2000
罚款默认值（指导基准）：1800
暂扣：
吊销：
拘留最小：0
拘留最大：15
拘留默认值（指导基准）：10
警告标记：不可 警告",由《自治区道路交通违法行为行政处罚裁量权基准》1078号违法行为行结构化导入，待另一管理员复核后发布。
10821驾驶摩托车使用他人机动车驾驶证驾驶机动车的,新公规〔2025〕1号,,新疆维吾尔自治区公安厅,local,traffic,REGIONAL,650000:新疆维吾尔自治区,交通违法裁量基准|使用他人机动车驾驶证驾驶机动车|摩托车|罚款|可警告,https://gat.xinjiang.gov.cn/gat/gawj/202503/3936ce139b084a9082a72c5bb554942d.shtml,2025-03-11,2025-04-15,,自2025年4月15日起施行，有效期五年；发生交通事故、吊销或拘留以及警告适用条件以文件统一说明和具体执法事实为准。,2026-08-08,30,,新疆道路交通违法行为代码10821的行政处罚裁量基准，违法描述为“使用他人机 动车驾驶证 驾驶机动车 的”，适用于“驾驶摩托车使用他人机动车驾驶证驾驶机动车的”。本条仅提供官方信息索引，不生成个案处罚结论。,"违法内容：驾驶摩托车使用他人机动车驾驶证驾驶机动车的
违法规定：《中华人民共和国道路交通安全法 》第十九条第 一款驾驶机动车 ，应当依法取得机动车驾驶证 、 第四款驾驶人应当按照驾驶证载明的准驾车型驾 驶机动车； 驾驶机动车时 ，应当随身携带机动车 驾驶证。
法律条文：《中华人民共和国道路交通安全法 》第十九条第一款驾驶 机动车 ，应当依法取得机动车驾驶证 。《中华人民共和国 道路交通安全法 》第九十条机动车驾驶人违反道路交通安 全法律 、法规关于道路通行规定的 ，处警告或者二十元以 上二百元以下罚款 。本法另有规定的 ，依照规定处罚。
违法记分数：0
罚款最小值：20
罚款最大值：200
罚款默认值（指导基准）：60
暂扣：
吊销：
拘留最小：0
拘留最大：0
拘留默认值（指导基准）：0
警告标记：可警告",由《自治区道路交通违法行为行政处罚裁量权基准》10821号违法行为行结构化导入，待另一管理员复核后发布。
10822驾驶小微型机动车使用他人机动 车驾驶证驾驶机动车的,新公规〔2025〕1号,,新疆维吾尔自治区公安厅,local,traffic,REGIONAL,650000:新疆维吾尔自治区,交通违法裁量基准|使用他人机动车驾驶证驾驶机动车|小微型机动车|罚款|可警告,https://gat.xinjiang.gov.cn/gat/gawj/202503/3936ce139b084a9082a72c5bb554942d.shtml,2025-03-11,2025-04-15,,自2025年4月15日起施行，有效期五年；发生交通事故、吊销或拘留以及警告适用条件以文件统一说明和具体执法事实为准。,2026-08-08,30,,新疆道路交通违法行为代码10822的行政处罚裁量基准，违法描述为“使用他人机 动车驾驶证 驾驶机动车”，适用于“驾驶小微型机动车使用他人机动 车驾驶证驾驶机动车的”。本条仅提供官方信息索引，不生成个案处罚结论。,"违法内容：驾驶小微型机动车使用他人机动 车驾驶证驾驶机动车的
违法规定：《中华人民共和国道路交通安全法 》第十九条第 一款 、第四款（具体法条条款同上 ）
法律条文：《中华人民共和国道路交通安全法 》第十九条第一款 、《 中华人民共和国道路交通安全法 》第九十条（具体法条条 款同上）
违法记分数：0
罚款最小值：20
罚款最大值：200
罚款默认值（指导基准）：90
暂扣：
吊销：
拘留最小：0
拘留最大：0
拘留默认值（指导基准）：0
警告标记：可警告",由《自治区道路交通违法行为行政处罚裁量权基准》10822号违法行为行结构化导入，待另一管理员复核后发布。
10823驾驶中型以上货车使用他人机动 车驾驶证驾驶机动车的,新公规〔2025〕1号,,新疆维吾尔自治区公安厅,local,traffic,REGIONAL,650000:新疆维吾尔自治区,交通违法裁量基准|使用人机动车驾驶证驾驶机动车|罚款|可警告,https://gat.xinjiang.gov.cn/gat/gawj/202503/3936ce139b084a9082a72c5bb554942d.shtml,2025-03-11,2025-04-15,,自2025年4月15日起施行，有效期五年；发生交通事故、吊销或拘留以及警告适用条件以文件统一说明和具体执法事实为准。,2026-08-08,30,,新疆道路交通违法行为代码10823的行政处罚裁量基准，违法描述为“使用 人机 动车驾驶证 驾驶机动车”，适用于“驾驶中型以上货车使用他人机动 车驾驶证驾驶机动车的”。本条仅提供官方信息索引，不生成个案处罚结论。,"违法内容：驾驶中型以上货车使用他人机动 车驾驶证驾驶机动车的
违法规定：《中华人民共和国道路交通安全法 》第十九条第 一款 、第四款（具体法条条款同上 ）
法律条文：《中华人民共和国道路交通安全法 》第十九条第一款 、《 中华人民共和国道路交通安全法 》第九十条（具体法条条 款同上）
违法记分数：0
罚款最小值：20
罚款最大值：200
罚款默认值（指导基准）：120
暂扣：
吊销：
拘留最小：0
拘留最大：0
拘留默认值（指导基准）：0
警告标记：可警告",由《自治区道路交通违法行为行政处罚裁量权基准》10823号违法行为行结构化导入，待另一管理员复核后发布。
10824驾驶中型以上客车 、危险物品运 输车辆 、校车使用他人机动车驾 驶证驾驶机动车的,新公规〔2025〕1号,,新疆维吾尔自治区公安厅,local,traffic,REGIONAL,650000:新疆维吾尔自治区,交通违法裁量基准|使用人机动车驾驶证驾驶机动车|危险品运输车|校车|罚款|可警告,https://gat.xinjiang.gov.cn/gat/gawj/202503/3936ce139b084a9082a72c5bb554942d.shtml,2025-03-11,2025-04-15,,自2025年4月15日起施行，有效期五年；发生交通事故、吊销或拘留以及警告适用条件以文件统一说明和具体执法事实为准。,2026-08-08,30,,新疆道路交通违法行为代码10824的行政处罚裁量基准，违法描述为“使用 人机 动车驾驶证 驾驶机动车”，适用于“驾驶中型以上客车 、危险物品运 输车辆 、校车使用他人机动车驾 驶证驾驶机动车的”。本条仅提供官方信息索引，不生成个案处罚结论。,"违法内容：驾驶中型以上客车 、危险物品运 输车辆 、校车使用他人机动车驾 驶证驾驶机动车的
违法规定：《中华人民共和国道路交通安全法 》第十九条第 一款 、第四款（具体法条条款同上 ）
法律条文：《中华人民共和国道路交通安全法 》第十九条第一款 、《 中华人民共和国道路交通安全法 》第九十条（具体法条条 款同上）
违法记分数：0
罚款最小值：20
罚款最大值：200
罚款默认值（指导基准）：150
暂扣：
吊销：
拘留最小：0
拘留最大：0
拘留默认值（指导基准）：0
警告标记：可警告",由《自治区道路交通违法行为行政处罚裁量权基准》10824号违法行为行结构化导入，待另一管理员复核后发布。
10891小、 中型公路客运车辆违反规定 载货的,新公规〔2025〕1号,,新疆维吾尔自治区公安厅,local,traffic,REGIONAL,650000:新疆维吾尔自治区,交通违法裁量基准|的客运车辆载货|公路客运车|罚款,https://gat.xinjiang.gov.cn/gat/gawj/202503/3936ce139b084a9082a72c5bb554942d.shtml,2025-03-11,2025-04-15,,自2025年4月15日起施行，有效期五年；发生交通事故、吊销或拘留以及警告适用条件以文件统一说明和具体执法事实为准。,2026-08-08,30,,新疆道路交通违法行为代码10891的行政处罚裁量基准，违法描述为“的 客运车辆载 货”，适用于“小、 中型公路客运车辆违反规定 载货的”。本条仅提供官方信息索引，不生成个案处罚结论。,"违法内容：小、 中型公路客运车辆违反规定 载货的
违法规定：《中华人民共和国道路交通安全法 》第四十九条 机动车载人不得超过核定的人数 ，客运机动车不 得违反规定载货 。《中华人民共和国道路交通安 全法实施条例 》第五十四条第二款载客汽车除车 身外部的行李架和内置的行李箱外 ，不得载货。 载客汽车行李架载货 ，从车顶起高度不得超过0． 5米，从地面起高度不得超过 4米。
法律条文：《中华人民共和国道路交通安全法 》第九十二条第一款公 路客运车辆载客超过额定乘员的 ，处二百元以上五百元以 下罚款；超过额定乘员百分之二十或者违反规定载货的 ， 处五百元以上二千元以下罚款 。《新疆维吾尔自治区实施 〈道路交通安全法 〉办法》办法第八十三条第一款第四项 公路客运车辆载客超过核定人数或者违反规定载货的 ，按 下列规定处罚：（四）违反规定载货的 ，处500元至1000 元罚款。
违法记分数：0
罚款最小值：500
罚款最大值：1000
罚款默认值（指导基准）：600
暂扣：
吊销：
拘留最小：0
拘留最大：0
拘留默认值（指导基准）：0
警告标记：不可 警告",由《自治区道路交通违法行为行政处罚裁量权基准》10891号违法行为行结构化导入，待另一管理员复核后发布。
10892大型公路客运车辆违反规定载货 的,新公规〔2025〕1号,,新疆维吾尔自治区公安厅,local,traffic,REGIONAL,650000:新疆维吾尔自治区,交通违法裁量基准|客运车辆载货|公路客运车|罚款,https://gat.xinjiang.gov.cn/gat/gawj/202503/3936ce139b084a9082a72c5bb554942d.shtml,2025-03-11,2025-04-15,,自2025年4月15日起施行，有效期五年；发生交通事故、吊销或拘留以及警告适用条件以文件统一说明和具体执法事实为准。,2026-08-08,30,,新疆道路交通违法行为代码10892的行政处罚裁量基准，违法描述为“客运车辆载货”，适用于“大型公路客运车辆违反规定载货 的”。本条仅提供官方信息索引，不生成个案处罚结论。,"违法内容：大型公路客运车辆违反规定载货 的
违法规定：《中华人民共和国道路交通安全法 》第四十九条 、《中华人民共和国道路交通安全法实施条例 》 第五十四条第二款（具体法条条款同上 ）
法律条文：《中华人民共和国道路交通安全法 》第九十二条第一款 、 《新疆维吾尔自治区实施 〈道路交通安全法 〉办法》办法 第八十三条第一款第四项（具体法条条款同上 ）
违法记分数：0
罚款最小值：500
罚款最大值：1000
罚款默认值（指导基准）：800
暂扣：
吊销：
拘留最小：0
拘留最大：0
拘留默认值（指导基准）：0
警告标记：不可 警告",由《自治区道路交通违法行为行政处罚裁量权基准》10892号违法行为行结构化导入，待另一管理员复核后发布。
10901摩托车违反警告标志指示的,新公规〔2025〕1号,,新疆维吾尔自治区公安厅,local,traffic,REGIONAL,650000:新疆维吾尔自治区,交通违法裁量基准|违反警告标志指示|摩托车|罚款|可警告,https://gat.xinjiang.gov.cn/gat/gawj/202503/3936ce139b084a9082a72c5bb554942d.shtml,2025-03-11,2025-04-15,,自2025年4月15日起施行，有效期五年；发生交通事故、吊销或拘留以及警告适用条件以文件统一说明和具体执法事实为准。,2026-08-08,30,,新疆道路交通违法行为代码10901的行政处罚裁量基准，违法描述为“违反警告标 志指示”，适用于“摩托车违反警告标志指示的”。本条仅提供官方信息索引，不生成个案处罚结论。,"违法内容：摩托车违反警告标志指示的
违法规定：《中华人民共和国道路交通安全法 》第三十八条 车辆 、行人应当按照交通信号通行 ；遇有交通警 察现场指挥时 ，应当按照交通警察的指挥通行 ； 在没有交通信号的道路上 ，应当在确保安全 、畅
法律条文：《中华人民共和国道路交通安全法 》第九十条机动车驾驶 人违反道路交通安全法律 、法规关于道路通行规定的 ，处 警告或者二十元以上二百元以下罚款 。本法另有规定的， 依照规定处罚 。
违法记分数：0
罚款最小值：20
罚款最大值：200
罚款默认值（指导基准）：60
暂扣：
吊销：
拘留最小：0
拘留最大：0
拘留默认值（指导基准）：0
警告标记：可警告",由《自治区道路交通违法行为行政处罚裁量权基准》10901号违法行为行结构化导入，待另一管理员复核后发布。
10902小微型机动车违反警告标志指示 的,新公规〔2025〕1号,,新疆维吾尔自治区公安厅,local,traffic,REGIONAL,650000:新疆维吾尔自治区,交通违法裁量基准|违反警告标志指示|小微型机动车|罚款|可警告,https://gat.xinjiang.gov.cn/gat/gawj/202503/3936ce139b084a9082a72c5bb554942d.shtml,2025-03-11,2025-04-15,,自2025年4月15日起施行，有效期五年；发生交通事故、吊销或拘留以及警告适用条件以文件统一说明和具体执法事实为准。,2026-08-08,30,,新疆道路交通违法行为代码10902的行政处罚裁量基准，违法描述为“违反警告标 志指示”，适用于“小微型机动车违反警告标志指示 的”。本条仅提供官方信息索引，不生成个案处罚结论。,"违法内容：小微型机动车违反警告标志指示 的
违法规定：通的原则下通行 《中华人民共和国道路交通安全法 》第三十八条 （具体法条条款同上 ）
法律条文：《中华人民共和国道路交通安全法 》第九十条（具体法条条款同上）
违法记分数：0
罚款最小值：20
罚款最大值：200
罚款默认值（指导基准）：90
暂扣：
吊销：
拘留最小：0
拘留最大：0
拘留默认值（指导基准）：0
警告标记：可警告",由《自治区道路交通违法行为行政处罚裁量权基准》10902号违法行为行结构化导入，待另一管理员复核后发布。
10903中型以上货车违反警告标志指示 的,新公规〔2025〕1号,,新疆维吾尔自治区公安厅,local,traffic,REGIONAL,650000:新疆维吾尔自治区,交通违法裁量基准|违反警告标志指示|罚款|可警告,https://gat.xinjiang.gov.cn/gat/gawj/202503/3936ce139b084a9082a72c5bb554942d.shtml,2025-03-11,2025-04-15,,自2025年4月15日起施行，有效期五年；发生交通事故、吊销或拘留以及警告适用条件以文件统一说明和具体执法事实为准。,2026-08-08,30,,新疆道路交通违法行为代码10903的行政处罚裁量基准，违法描述为“违反警告标 志指示”，适用于“中型以上货车违反警告标志指示 的”。本条仅提供官方信息索引，不生成个案处罚结论。,"违法内容：中型以上货车违反警告标志指示 的
违法规定：《中华人民共和国道路交通安全法 》第三十八条 （具体法条条款同上 ）
法律条文：《中华人民共和国道路交通安全法 》第九十条（具体法条条款同上）
违法记分数：0
罚款最小值：20
罚款最大值：200
罚款默认值（指导基准）：120
暂扣：
吊销：
拘留最小：0
拘留最大：0
拘留默认值（指导基准）：0
警告标记：可警告",由《自治区道路交通违法行为行政处罚裁量权基准》10903号违法行为行结构化导入，待另一管理员复核后发布。
10904中型以上客车 、危险物品运输车 辆 、校车违反警告标志指示的,新公规〔2025〕1号,,新疆维吾尔自治区公安厅,local,traffic,REGIONAL,650000:新疆维吾尔自治区,交通违法裁量基准|违反警告标志指示|危险品运输车|校车|罚款|可警告,https://gat.xinjiang.gov.cn/gat/gawj/202503/3936ce139b084a9082a72c5bb554942d.shtml,2025-03-11,2025-04-15,,自2025年4月15日起施行，有效期五年；发生交通事故、吊销或拘留以及警告适用条件以文件统一说明和具体执法事实为准。,2026-08-08,30,,新疆道路交通违法行为代码10904的行政处罚裁量基准，违法描述为“违反警告标 志指示”，适用于“中型以上客车 、危险物品运输车 辆 、校车违反警告标志指示的”。本条仅提供官方信息索引，不生成个案处罚结论。,"违法内容：中型以上客车 、危险物品运输车 辆 、校车违反警告标志指示的
违法规定：《中华人民共和国道路交通安全法 》第三十八条 （具体法条条款同上 ）
法律条文：《中华人民共和国道路交通安全法 》第九十条（具体法条条款同上）
违法记分数：0
罚款最小值：20
罚款最大值：200
罚款默认值（指导基准）：150
暂扣：
吊销：
拘留最小：0
拘留最大：0
拘留默认值（指导基准）：0
警告标记：可警告",由《自治区道路交通违法行为行政处罚裁量权基准》10904号违法行为行结构化导入，待另一管理员复核后发布。
10911摩托车违反警告标线指示的,新公规〔2025〕1号,,新疆维吾尔自治区公安厅,local,traffic,REGIONAL,650000:新疆维吾尔自治区,交通违法裁量基准|违反警告标线指示|摩托车|罚款|可警告,https://gat.xinjiang.gov.cn/gat/gawj/202503/3936ce139b084a9082a72c5bb554942d.shtml,2025-03-11,2025-04-15,,自2025年4月15日起施行，有效期五年；发生交通事故、吊销或拘留以及警告适用条件以文件统一说明和具体执法事实为准。,2026-08-08,30,,新疆道路交通违法行为代码10911的行政处罚裁量基准，违法描述为“违反警告标 线指示”，适用于“摩托车违反警告标线指示的”。本条仅提供官方信息索引，不生成个案处罚结论。,"违法内容：摩托车违反警告标线指示的
违法规定：《中华人民共和国道路交通安全法 》第三十八条 车辆 、行人应当按照交通信号通行 ；遇有交通警 察现场指挥时 ，应当按照交通警察的指挥通行 ； 在没有交通信号的道路上 ，应当在确保安全 、畅 通的原则下通行 。
法律条文：《中华人民共和国道路交通安全法 》第九十条机动车驾驶 人违反道路交通安全法律 、法规关于道路通行规定的 ，处 警告或者二十元以上二百元以下罚款 。本法另有规定的， 依照规定处罚 。
违法记分数：0
罚款最小值：20
罚款最大值：200
罚款默认值（指导基准）：60
暂扣：
吊销：
拘留最小：0
拘留最大：0
拘留默认值（指导基准）：0
警告标记：可警告",由《自治区道路交通违法行为行政处罚裁量权基准》10911号违法行为行结构化导入，待另一管理员复核后发布。
10912小微型机动车违反警告标线指示 的,新公规〔2025〕1号,,新疆维吾尔自治区公安厅,local,traffic,REGIONAL,650000:新疆维吾尔自治区,交通违法裁量基准|违反警告标线指示|小微型机动车|罚款|可警告,https://gat.xinjiang.gov.cn/gat/gawj/202503/3936ce139b084a9082a72c5bb554942d.shtml,2025-03-11,2025-04-15,,自2025年4月15日起施行，有效期五年；发生交通事故、吊销或拘留以及警告适用条件以文件统一说明和具体执法事实为准。,2026-08-08,30,,新疆道路交通违法行为代码10912的行政处罚裁量基准，违法描述为“违反警告标 线指示”，适用于“小微型机动车违反警告标线指示 的”。本条仅提供官方信息索引，不生成个案处罚结论。,"违法内容：小微型机动车违反警告标线指示 的
违法规定：《中华人民共和国道路交通安全法 》第三十八条 （具体法条条款同上 ）
法律条文：《中华人民共和国道路交通安全法 》第九十条（具体法条条款同上）
违法记分数：0
罚款最小值：20
罚款最大值：200
罚款默认值（指导基准）：90
暂扣：
吊销：
拘留最小：0
拘留最大：0
拘留默认值（指导基准）：0
警告标记：可警告",由《自治区道路交通违法行为行政处罚裁量权基准》10912号违法行为行结构化导入，待另一管理员复核后发布。
10913中型以上货车违反警告标线指示 的,新公规〔2025〕1号,,新疆维吾尔自治区公安厅,local,traffic,REGIONAL,650000:新疆维吾尔自治区,交通违法裁量基准|违反警告标线指示|罚款|可警告,https://gat.xinjiang.gov.cn/gat/gawj/202503/3936ce139b084a9082a72c5bb554942d.shtml,2025-03-11,2025-04-15,,自2025年4月15日起施行，有效期五年；发生交通事故、吊销或拘留以及警告适用条件以文件统一说明和具体执法事实为准。,2026-08-08,30,,新疆道路交通违法行为代码10913的行政处罚裁量基准，违法描述为“违反警告标 线指示”，适用于“中型以上货车违反警告标线指示 的”。本条仅提供官方信息索引，不生成个案处罚结论。,"违法内容：中型以上货车违反警告标线指示 的
违法规定：《中华人民共和国道路交通安全法 》第三十八条 （具体法条条款同上 ）
法律条文：《中华人民共和国道路交通安全法 》第九十条（具体法条条款同上）
违法记分数：0
罚款最小值：20
罚款最大值：200
罚款默认值（指导基准）：120
暂扣：
吊销：
拘留最小：0
拘留最大：0
拘留默认值（指导基准）：0
警告标记：可警告",由《自治区道路交通违法行为行政处罚裁量权基准》10913号违法行为行结构化导入，待另一管理员复核后发布。
10914中型以上客车 、危险物品运输车 辆 、校车违反警告标线指示的,新公规〔2025〕1号,,新疆维吾尔自治区公安厅,local,traffic,REGIONAL,650000:新疆维吾尔自治区,交通违法裁量基准|违反警告标线指示|危险品运输车|校车|罚款|可警告,https://gat.xinjiang.gov.cn/gat/gawj/202503/3936ce139b084a9082a72c5bb554942d.shtml,2025-03-11,2025-04-15,,自2025年4月15日起施行，有效期五年；发生交通事故、吊销或拘留以及警告适用条件以文件统一说明和具体执法事实为准。,2026-08-08,30,,新疆道路交通违法行为代码10914的行政处罚裁量基准，违法描述为“违反警告标 线指示”，适用于“中型以上客车 、危险物品运输车 辆 、校车违反警告标线指示的”。本条仅提供官方信息索引，不生成个案处罚结论。,"违法内容：中型以上客车 、危险物品运输车 辆 、校车违反警告标线指示的
违法规定：《中华人民共和国道路交通安全法 》第三十八条 （具体法条条款同上 ）
法律条文：《中华人民共和国道路交通安全法 》第九十条（具体法条条款同上）
违法记分数：0
罚款最小值：20
罚款最大值：200
罚款默认值（指导基准）：150
暂扣：
吊销：
拘留最小：0
拘留最大：0
拘留默认值（指导基准）：0
警告标记：可警告",由《自治区道路交通违法行为行政处罚裁量权基准》10914号违法行为行结构化导入，待另一管理员复核后发布。
1093拨打接听手持电话,新公规〔2025〕1号,,新疆维吾尔自治区公安厅,local,traffic,REGIONAL,650000:新疆维吾尔自治区,交通违法裁量基准|拨打接听手持电话|罚款|可警告,https://gat.xinjiang.gov.cn/gat/gawj/202503/3936ce139b084a9082a72c5bb554942d.shtml,2025-03-11,2025-04-15,,自2025年4月15日起施行，有效期五年；发生交通事故、吊销或拘留以及警告适用条件以文件统一说明和具体执法事实为准。,2026-08-08,30,,新疆道路交通违法行为代码1093的行政处罚裁量基准，违法描述为“拨打接听手 持电话”，适用于“拨打接听手持电话”。本条仅提供官方信息索引，不生成个案处罚结论。,"违法内容：拨打接听手持电话
违法规定：《中华人民共和国道路交通安全法实施条例 》第 六十二条第三项驾驶机动车不得有下列行为 ： （三）拨打接听手持电话 、观看电视等妨碍安全 驾驶的行为。
法律条文：《中华人民共和国道路交通安全法 》第九十条机动车驾驶 人违反道路交通安全法律 、法规关于道路通行规定的 ，处 警告或者二十元以上二百元以下罚款 。本法另有规定的， 依照规定处罚 。
违法记分数：0
罚款最小值：20
罚款最大值：200
罚款默认值（指导基准）：180
暂扣：
吊销：
拘留最小：0
拘留最大：0
拘留默认值（指导基准）：0
警告标记：可警告",由《自治区道路交通违法行为行政处罚裁量权基准》1093号违法行为行结构化导入，待另一管理员复核后发布。
1094在同车道行驶中 、不按规定与前 车保持必要的安全距离的,新公规〔2025〕1号,,新疆维吾尔自治区公安厅,local,traffic,REGIONAL,650000:新疆维吾尔自治区,交通违法裁量基准|不与前车保持安全距离|罚款|可警告,https://gat.xinjiang.gov.cn/gat/gawj/202503/3936ce139b084a9082a72c5bb554942d.shtml,2025-03-11,2025-04-15,,自2025年4月15日起施行，有效期五年；发生交通事故、吊销或拘留以及警告适用条件以文件统一说明和具体执法事实为准。,2026-08-08,30,,新疆道路交通违法行为代码1094的行政处罚裁量基准，违法描述为“不与前车保 持安全距离”，适用于“在同车道行驶中 、不按规定与前 车保持必要的安全距离的”。本条仅提供官方信息索引，不生成个案处罚结论。,"违法内容：在同车道行驶中 、不按规定与前 车保持必要的安全距离的
违法规定：《中华人民共和国道路交通安全法 》第四十三条 同车道行驶的机动车 ，后车应当与前车保持足以 采取紧急制动措施的安全距离 。有下列情形之一 的 ，不得超车： （一）前车正在左转弯 、掉头 、超车的；（二） 与对面来车有会车可能的 ；（三）前车为执行紧 急任务的警车 、消防车 、救护车 、工程救险车 的；（四）行经铁路道口 、交叉路口 、窄桥 、弯 道 、 陡坡 、隧道 、人行横道 、市区交通流量大的 路段等没有超车条件的 。
法律条文：《中华人民共和国道路交通安全法 》第九十条机动车驾驶 人违反道路交通安全法律 、法规关于道路通行规定的 ，处 警告或者二十元以上二百元以下罚款 。本法另有规定的， 依照规定处罚 。
违法记分数：0
罚款最小值：20
罚款最大值：200
罚款默认值（指导基准）：180
暂扣：
吊销：
拘留最小：0
拘留最大：0
拘留默认值（指导基准）：0
警告标记：可警告",由《自治区道路交通违法行为行政处罚裁量权基准》1094号违法行为行结构化导入，待另一管理员复核后发布。
11111摩托车载货长度 、宽度 、高度超过规定的,新公规〔2025〕1号,,新疆维吾尔自治区公安厅,local,traffic,REGIONAL,650000:新疆维吾尔自治区,交通违法裁量基准|车辆超限载货|摩托车|罚款|可警告,https://gat.xinjiang.gov.cn/gat/gawj/202503/3936ce139b084a9082a72c5bb554942d.shtml,2025-03-11,2025-04-15,,自2025年4月15日起施行，有效期五年；发生交通事故、吊销或拘留以及警告适用条件以文件统一说明和具体执法事实为准。,2026-08-08,30,,新疆道路交通违法行为代码11111的行政处罚裁量基准，违法描述为“机动车载货 长度 、宽度 、高度超过 规定的”，适用于“摩托车载货长度 、宽度 、高度超过规定的”。本条仅提供官方信息索引，不生成个案处罚结论。,"违法内容：摩托车载货长度 、宽度 、高度超过规定的
违法规定：《中华人民共和国道路交通安全法 》第四十八条 第一款机动车载物应当符合核定的载质量 ，严禁 超载；载物的长 、宽、高不得违反装载要求 ，不 得遗洒 、飘散载运物。《中华人民共和国道路交 通安全法实施条例》 第五十四条第三款机动车载 物不得超过机动车行驶证上核定的载质量 ，装载 长度 、宽度不得超出车厢 ，并应当遵守下列规 定： （三）摩托车载物 ，高度从地面起不得超 过1 ．5米 ，长度不得超出车身0．2米 。两轮摩托 车载物宽度左右各不得超出车把 0． 15米；三轮摩 托车载物宽度不得超过车身 。
法律条文：《中华人民共和国道路交通安全法 》第九十条机动车驾驶 人违反道路交通安全法律 、法规关于道路通行规定的 ，处 警告或者二十元以上二百元以下罚款 。本法另有规定的， 依照规定处罚 。
违法记分数：1
罚款最小值：20
罚款最大值：200
罚款默认值（指导基准）：60
暂扣：
吊销：
拘留最小：0
拘留最大：0
拘留默认值（指导基准）：0
警告标记：可警告",由《自治区道路交通违法行为行政处罚裁量权基准》11111号违法行为行结构化导入，待另一管理员复核后发布。
11112小微型机动车载货长度 、宽度、 高度超过规定的,新公规〔2025〕1号,,新疆维吾尔自治区公安厅,local,traffic,REGIONAL,650000:新疆维吾尔自治区,交通违法裁量基准|车辆超限载货|小微型机动车|罚款|可警告,https://gat.xinjiang.gov.cn/gat/gawj/202503/3936ce139b084a9082a72c5bb554942d.shtml,2025-03-11,2025-04-15,,自2025年4月15日起施行，有效期五年；发生交通事故、吊销或拘留以及警告适用条件以文件统一说明和具体执法事实为准。,2026-08-08,30,,新疆道路交通违法行为代码11112的行政处罚裁量基准，违法描述为“机动车载货 长度 、宽度 、高度超过 规定的”，适用于“小微型机动车载货长度 、宽度、 高度超过规定的”。本条仅提供官方信息索引，不生成个案处罚结论。,"违法内容：小微型机动车载货长度 、宽度、 高度超过规定的
违法规定：《中华人民共和国道路交通安全法 》第四十八条 第一款（具体法条条款同上 ）、《中华人民共和 国道路交通安全法实施条例 》第五十四条第二款 （具体法条条款同上 ）
法律条文：《中华人民共和国道路交通安全法 》第九十条（具体法条条款同上）
违法记分数：1
罚款最小值：20
罚款最大值：200
罚款默认值（指导基准）：90
暂扣：
吊销：
拘留最小：0
拘留最大：0
拘留默认值（指导基准）：0
警告标记：可警告",由《自治区道路交通违法行为行政处罚裁量权基准》11112号违法行为行结构化导入，待另一管理员复核后发布。
11113中型货车载货长度 、宽度 、高度 超过规定的,新公规〔2025〕1号,,新疆维吾尔自治区公安厅,local,traffic,REGIONAL,650000:新疆维吾尔自治区,交通违法裁量基准|车辆超限载货|中型货车|罚款|可警告,https://gat.xinjiang.gov.cn/gat/gawj/202503/3936ce139b084a9082a72c5bb554942d.shtml,2025-03-11,2025-04-15,,自2025年4月15日起施行，有效期五年；发生交通事故、吊销或拘留以及警告适用条件以文件统一说明和具体执法事实为准。,2026-08-08,30,,新疆道路交通违法行为代码11113的行政处罚裁量基准，违法描述为“机动车载货 长度 、宽度 、高度超过 规定的”，适用于“中型货车载货长度 、宽度 、高度 超过规定的”。本条仅提供官方信息索引，不生成个案处罚结论。,"违法内容：中型货车载货长度 、宽度 、高度 超过规定的
违法规定：《中华人民共和国道路交通安全法 》第四十八条 第一款（具体法条条款同上 ）、《中华人民共和 国道路交通安全法实施条例 》第五十四条第二款 （具体法条条款同上 ）
法律条文：《中华人民共和国道路交通安全法 》第九十条（具体法条条款同上）
违法记分数：1
罚款最小值：20
罚款最大值：200
罚款默认值（指导基准）：120
暂扣：
吊销：
拘留最小：0
拘留最大：0
拘留默认值（指导基准）：0
警告标记：可警告",由《自治区道路交通违法行为行政处罚裁量权基准》11113号违法行为行结构化导入，待另一管理员复核后发布。
11114重型货车载货长度 、宽度 、高度 超过规定的,新公规〔2025〕1号,,新疆维吾尔自治区公安厅,local,traffic,REGIONAL,650000:新疆维吾尔自治区,交通违法裁量基准|车辆超限载货|重型货车|罚款|可警告,https://gat.xinjiang.gov.cn/gat/gawj/202503/3936ce139b084a9082a72c5bb554942d.shtml,2025-03-11,2025-04-15,,自2025年4月15日起施行，有效期五年；发生交通事故、吊销或拘留以及警告适用条件以文件统一说明和具体执法事实为准。,2026-08-08,30,,新疆道路交通违法行为代码11114的行政处罚裁量基准，违法描述为“机动车载货 长度 、宽度 、高度超过 规定的”，适用于“重型货车载货长度 、宽度 、高度 超过规定的”。本条仅提供官方信息索引，不生成个案处罚结论。,"违法内容：重型货车载货长度 、宽度 、高度 超过规定的
违法规定：《中华人民共和国道路交通安全法 》第四十八条 第一款（具体法条条款同上 ）、《中华人民共和 国道路交通安全法实施条例 》第五十四条第二款 （具体法条条款同上 ）
法律条文：《中华人民共和国道路交通安全法 》第九十条（具体法条条款同上）
违法记分数：1
罚款最小值：20
罚款最大值：200
罚款默认值（指导基准）：150
暂扣：
吊销：
拘留最小：0
拘留最大：0
拘留默认值（指导基准）：0
警告标记：可警告",由《自治区道路交通违法行为行政处罚裁量权基准》11114号违法行为行结构化导入，待另一管理员复核后发布。
11182驾驶未按规定定期进行安全技术 检验的摩托车上道路行驶的,新公规〔2025〕1号,,新疆维吾尔自治区公安厅,local,traffic,REGIONAL,650000:新疆维吾尔自治区,交通违法裁量基准|逾期未安全检验|危险品运输车|公路客运车|罚款|可警告,https://gat.xinjiang.gov.cn/gat/gawj/202503/3936ce139b084a9082a72c5bb554942d.shtml,2025-03-11,2025-04-15,,自2025年4月15日起施行，有效期五年；发生交通事故、吊销或拘留以及警告适用条件以文件统一说明和具体执法事实为准。,2026-08-08,30,,新疆道路交通违法行为代码11182的行政处罚裁量基准，违法描述为“驾驶未按规 定定期进行 安全技术检 验的公路客 运汽车 、旅 游客运汽车 、危险物品 运输车辆以 外的机动车 上道路行驶 的”，适用于“驾驶未按规定定期进行安全技术 检验的摩托车上道路行驶的”。本条仅提供官方信息索引，不生成个案处罚结论。,"违法内容：驾驶未按规定定期进行安全技术 检验的摩托车上道路行驶的
违法规定：《中华人民共和国道路交通安全法 》第十三条对 登记后上道路行驶的机动车 ，应当依照法律 、行 政法规的规定 ，根据车辆用途 、载客载货数量、 使用年限等不同情况 ，定期进行安全技术检验 。 对提供机动车行驶证和机动车第三者责任强制保 险单的 ，机动车安全技术检验机构应当予以检 验 ，任何单位不得附加其他条件 。对符合机动车 国家安全技术标准的 ，公安机关交通管理部门应 当发给检验合格标志 。《中华人民共和国道路交 通安全法实施条例》 第十六条机动车应当从注册 登记之日起 ，按照下列期限进行安全技术检验 ： （一）营运载客汽车 5年以内每年检验 1次；超过5 年的 ，每6个月检验1次；（二）载货汽车和大型 、 中型非营运载客汽车 10年以内每年检验 1次；超 过10年的 ，每6个月检验 1次；（三）小型 、微型 非营运载客汽车 6年以内每2年检验1次；超过6年 的 ，每年检验1次；超过15年的 ，每6个月检验 1次；（四）摩托车4年以内每2年检验1次；超过4 年的 ，每年检验 1次；（五）拖拉机和其他机动车 每年检验1次 。营运机动车在规定检验期限内经安 全技术检验合格的 ，不再重复进行安全技术检验 。
法律条文：《机动车登记规定 》第七十八条第四项有下列情形之一 的 ， 由公安机关交通管理部门处警告或者二百元以下罚 款：（四）机动车未按照规定期限进行安全技术检验的 ；
违法记分数：1
罚款最小值：20
罚款最大值：200
罚款默认值（指导基准）：60
暂扣：
吊销：
拘留最小：0
拘留最大：0
拘留默认值（指导基准）：0
警告标记：可警告",由《自治区道路交通违法行为行政处罚裁量权基准》11182号违法行为行结构化导入，待另一管理员复核后发布。
11183驾驶未按规定定期进行安全技术 检验的小微型机动车上道路行驶 的,新公规〔2025〕1号,,新疆维吾尔自治区公安厅,local,traffic,REGIONAL,650000:新疆维吾尔自治区,交通违法裁量基准|逾期未安全检验|危险品运输车|公路客运车|罚款|可警告,https://gat.xinjiang.gov.cn/gat/gawj/202503/3936ce139b084a9082a72c5bb554942d.shtml,2025-03-11,2025-04-15,,自2025年4月15日起施行，有效期五年；发生交通事故、吊销或拘留以及警告适用条件以文件统一说明和具体执法事实为准。,2026-08-08,30,,新疆道路交通违法行为代码11183的行政处罚裁量基准，违法描述为“驾驶未按规 定定期进行 安全技术检 验的公路客 运汽车 、旅 游客运汽车 、危险物品 运输车辆以 外的机动车 上道路行驶”，适用于“驾驶未按规定定期进行安全技术 检验的小微型机动车上道路行驶 的”。本条仅提供官方信息索引，不生成个案处罚结论。,"违法内容：驾驶未按规定定期进行安全技术 检验的小微型机动车上道路行驶 的
违法规定：《中华人民共和国道路交通安全法 》第十三条、 《中华人民共和国道路交通安全法实施条例 》第 十六条（具体法条条款同上 ）
法律条文：《机动车登记规定 》第七十八条第四项 ,（具体法条条款 同上）
违法记分数：1
罚款最小值：20
罚款最大值：200
罚款默认值（指导基准）：90
暂扣：
吊销：
拘留最小：0
拘留最大：0
拘留默认值（指导基准）：0
警告标记：可警告",由《自治区道路交通违法行为行政处罚裁量权基准》11183号违法行为行结构化导入，待另一管理员复核后发布。
11184驾驶未按规定定期进行安全技术 检验的中型货车上道路行驶的,新公规〔2025〕1号,,新疆维吾尔自治区公安厅,local,traffic,REGIONAL,650000:新疆维吾尔自治区,交通违法裁量基准|逾期未安全检验|危险品运输车|公路客运车|罚款|可警告,https://gat.xinjiang.gov.cn/gat/gawj/202503/3936ce139b084a9082a72c5bb554942d.shtml,2025-03-11,2025-04-15,,自2025年4月15日起施行，有效期五年；发生交通事故、吊销或拘留以及警告适用条件以文件统一说明和具体执法事实为准。,2026-08-08,30,,新疆道路交通违法行为代码11184的行政处罚裁量基准，违法描述为“驾驶未按规 定定期进行 安全技术检 验的公路客 运汽车 、旅 游客运汽车 、危险物品 运输车辆以 外的机动车 上道路行驶”，适用于“驾驶未按规定定期进行安全技术 检验的中型货车上道路行驶的”。本条仅提供官方信息索引，不生成个案处罚结论。,"违法内容：驾驶未按规定定期进行安全技术 检验的中型货车上道路行驶的
违法规定：《中华人民共和国道路交通安全法 》第十三条、 《中华人民共和国道路交通安全法实施条例 》第 十六条（具体法条条款同上 ）
法律条文：《机动车登记规定 》第七十八条第四项 ,（具体法条条款 同上）
违法记分数：1
罚款最小值：20
罚款最大值：200
罚款默认值（指导基准）：120
暂扣：
吊销：
拘留最小：0
拘留最大：0
拘留默认值（指导基准）：0
警告标记：可警告",由《自治区道路交通违法行为行政处罚裁量权基准》11184号违法行为行结构化导入，待另一管理员复核后发布。
11221摩托车在容易发生危险的路段掉头的,新公规〔2025〕1号,,新疆维吾尔自治区公安厅,local,traffic,REGIONAL,650000:新疆维吾尔自治区,交通违法裁量基准|危险路段掉头|摩托车|罚款|可警告,https://gat.xinjiang.gov.cn/gat/gawj/202503/3936ce139b084a9082a72c5bb554942d.shtml,2025-03-11,2025-04-15,,自2025年4月15日起施行，有效期五年；发生交通事故、吊销或拘留以及警告适用条件以文件统一说明和具体执法事实为准。,2026-08-08,30,,新疆道路交通违法行为代码11221的行政处罚裁量基准，违法描述为“危险路段掉头”，适用于“摩托车在容易发生危险的路段掉头的”。本条仅提供官方信息索引，不生成个案处罚结论。,"违法内容：摩托车在容易发生危险的路段掉头的
违法规定：《中华人民共和国道路交通安全法实施条例 》第 四十九条第一款机动车在有禁止掉头或者禁止左 转弯标志 、标线的地点以及在铁路道口 、人行横 道 、桥梁 、急弯 、 陡坡 、隧道或者容易发生危险 的路段 ，不得掉头。
法律条文：《中华人民共和国道路交通安全法 》第九十条机动车驾驶 人违反道路交通安全法律 、法规关于道路通行规定的 ，处 警告或者二十元以上二百元以下罚款 。本法另有规定的， 依照规定处罚 。
违法记分数：1
罚款最小值：20
罚款最大值：200
罚款默认值（指导基准）：60
暂扣：
吊销：
拘留最小：0
拘留最大：0
拘留默认值（指导基准）：0
警告标记：可警告",由《自治区道路交通违法行为行政处罚裁量权基准》11221号违法行为行结构化导入，待另一管理员复核后发布。
11222小微型机动车在容易发生危险的 路段掉头的,新公规〔2025〕1号,,新疆维吾尔自治区公安厅,local,traffic,REGIONAL,650000:新疆维吾尔自治区,交通违法裁量基准|危险路段掉头|小微型机动车|罚款|可警告,https://gat.xinjiang.gov.cn/gat/gawj/202503/3936ce139b084a9082a72c5bb554942d.shtml,2025-03-11,2025-04-15,,自2025年4月15日起施行，有效期五年；发生交通事故、吊销或拘留以及警告适用条件以文件统一说明和具体执法事实为准。,2026-08-08,30,,新疆道路交通违法行为代码11222的行政处罚裁量基准，违法描述为“危险路段掉头”，适用于“小微型机动车在容易发生危险的 路段掉头的”。本条仅提供官方信息索引，不生成个案处罚结论。,"违法内容：小微型机动车在容易发生危险的 路段掉头的
违法规定：《中华人民共和国道路交通安全法实施条例 》第 四十九条第一款（具体法条条款同上 ）
法律条文：《中华人民共和国道路交通安全法 》第九十条（具体法条条款同上）
违法记分数：1
罚款最小值：20
罚款最大值：200
罚款默认值（指导基准）：90
暂扣：
吊销：
拘留最小：0
拘留最大：0
拘留默认值（指导基准）：0
警告标记：可警告",由《自治区道路交通违法行为行政处罚裁量权基准》11222号违法行为行结构化导入，待另一管理员复核后发布。
11223中型以上货车在容易发生危险的 路段掉头的,新公规〔2025〕1号,,新疆维吾尔自治区公安厅,local,traffic,REGIONAL,650000:新疆维吾尔自治区,交通违法裁量基准|危险路段掉头|罚款|可警告,https://gat.xinjiang.gov.cn/gat/gawj/202503/3936ce139b084a9082a72c5bb554942d.shtml,2025-03-11,2025-04-15,,自2025年4月15日起施行，有效期五年；发生交通事故、吊销或拘留以及警告适用条件以文件统一说明和具体执法事实为准。,2026-08-08,30,,新疆道路交通违法行为代码11223的行政处罚裁量基准，违法描述为“危险路段掉头”，适用于“中型以上货车在容易发生危险的 路段掉头的”。本条仅提供官方信息索引，不生成个案处罚结论。,"违法内容：中型以上货车在容易发生危险的 路段掉头的
违法规定：《中华人民共和国道路交通安全法实施条例 》第 四十九条第一款（具体法条条款同上 ）
法律条文：《中华人民共和国道路交通安全法 》第九十条（具体法条条款同上）
违法记分数：1
罚款最小值：20
罚款最大值：200
罚款默认值（指导基准）：120
暂扣：
吊销：
拘留最小：0
拘留最大：0
拘留默认值（指导基准）：0
警告标记：可警告",由《自治区道路交通违法行为行政处罚裁量权基准》11223号违法行为行结构化导入，待另一管理员复核后发布。
11224中型以上客车 、危险物品运输车 辆、校车在容易发生危险的路段 掉头的,新公规〔2025〕1号,,新疆维吾尔自治区公安厅,local,traffic,REGIONAL,650000:新疆维吾尔自治区,交通违法裁量基准|危险路段掉头|危险品运输车|校车|罚款|可警告,https://gat.xinjiang.gov.cn/gat/gawj/202503/3936ce139b084a9082a72c5bb554942d.shtml,2025-03-11,2025-04-15,,自2025年4月15日起施行，有效期五年；发生交通事故、吊销或拘留以及警告适用条件以文件统一说明和具体执法事实为准。,2026-08-08,30,,新疆道路交通违法行为代码11224的行政处罚裁量基准，违法描述为“危险路段掉头”，适用于“中型以上客车 、危险物品运输车 辆、校车在容易发生危险的路段 掉头的”。本条仅提供官方信息索引，不生成个案处罚结论。,"违法内容：中型以上客车 、危险物品运输车 辆、校车在容易发生危险的路段 掉头的
违法规定：《中华人民共和国道路交通安全法实施条例 》第 四十九条第一款（具体法条条款同上 ）
法律条文：《中华人民共和国道路交通安全法 》第九十条（具体法条条款同上）
违法记分数：1
罚款最小值：20
罚款最大值：200
罚款默认值（指导基准）：150
暂扣：
吊销：
拘留最小：0
拘留最大：0
拘留默认值（指导基准）：0
警告标记：可警告",由《自治区道路交通违法行为行政处罚裁量权基准》11224号违法行为行结构化导入，待另一管理员复核后发布。
1334机动车不避让盲人的,新公规〔2025〕1号,,新疆维吾尔自治区公安厅,local,traffic,REGIONAL,650000:新疆维吾尔自治区,交通违法裁量基准|不避让盲人|罚款|可警告,https://gat.xinjiang.gov.cn/gat/gawj/202503/3936ce139b084a9082a72c5bb554942d.shtml,2025-03-11,2025-04-15,,自2025年4月15日起施行，有效期五年；发生交通事故、吊销或拘留以及警告适用条件以文件统一说明和具体执法事实为准。,2026-08-08,30,,新疆道路交通违法行为代码1334的行政处罚裁量基准，违法描述为“不避让盲人”，适用于“机动车不避让盲人的”。本条仅提供官方信息索引，不生成个案处罚结论。,"违法内容：机动车不避让盲人的
违法规定：《中华人民共和国道路交通安全法 》第六十四条 第二款盲人在道路上通行 ，应当使用盲杖或者采 取其他导盲手段 ，车辆应当避让盲人 。
法律条文：《中华人民共和国道路交通安全法 》第九十条机动车驾驶 人违反道路交通安全法律 、法规关于道路通行规定的 ，处 警告或者二十元以上二百元以下罚款 。本法另有规定的， 依照规定处罚 。
违法记分数：3
罚款最小值：20
罚款最大值：200
罚款默认值（指导基准）：180
暂扣：
吊销：
拘留最小：0
拘留最大：0
拘留默认值（指导基准）：0
警告标记：可警告",由《自治区道路交通违法行为行政处罚裁量权基准》1334号违法行为行结构化导入，待另一管理员复核后发布。
1356行经人行横道 、未减速行驶的,新公规〔2025〕1号,,新疆维吾尔自治区公安厅,local,traffic,REGIONAL,650000:新疆维吾尔自治区,交通违法裁量基准|人行横道未减速|罚款|可警告,https://gat.xinjiang.gov.cn/gat/gawj/202503/3936ce139b084a9082a72c5bb554942d.shtml,2025-03-11,2025-04-15,,自2025年4月15日起施行，有效期五年；发生交通事故、吊销或拘留以及警告适用条件以文件统一说明和具体执法事实为准。,2026-08-08,30,,新疆道路交通违法行为代码1356的行政处罚裁量基准，违法描述为“人行道不减速的”，适用于“行经人行横道 、未减速行驶的”。本条仅提供官方信息索引，不生成个案处罚结论。,"违法内容：行经人行横道 、未减速行驶的
违法规定：《中华人民共和国道路交通安全法 》第四十七条 第一款机动车行经人行横道时 ，应当减速行驶； 遇行人正在通过人行横道 ，应当停车让行。
法律条文：《中华人民共和国道路交通安全法 》第九十条机动车驾驶 人违反道路交通安全法律 、法规关于道路通行规定的 ，处 警告或者二十元以上二百元以下罚款 。本法另有规定的， 依照规定处罚 。
违法记分数：3
罚款最小值：20
罚款最大值：200
罚款默认值（指导基准）：100
暂扣：
吊销：
拘留最小：0
拘留最大：0
拘留默认值（指导基准）：0
警告标记：可警告",由《自治区道路交通违法行为行政处罚裁量权基准》1356号违法行为行结构化导入，待另一管理员复核后发布。
1357遇行人正在通过人行横道时未停车让行的,新公规〔2025〕1号,,新疆维吾尔自治区公安厅,local,traffic,REGIONAL,650000:新疆维吾尔自治区,交通违法裁量基准|未礼让行人|行人|罚款|可警告,https://gat.xinjiang.gov.cn/gat/gawj/202503/3936ce139b084a9082a72c5bb554942d.shtml,2025-03-11,2025-04-15,,自2025年4月15日起施行，有效期五年；发生交通事故、吊销或拘留以及警告适用条件以文件统一说明和具体执法事实为准。,2026-08-08,30,,新疆道路交通违法行为代码1357的行政处罚裁量基准，违法描述为“人行道不停 车让行的”，适用于“遇行人正在通过人行横道时未停车让行的”。本条仅提供官方信息索引，不生成个案处罚结论。,"违法内容：遇行人正在通过人行横道时未停车让行的
违法规定：《中华人民共和国道路交通安全法 》第四十七条 第一款机动车行经人行横道时 ，应当减速行驶； 遇行人正在通过人行横道 ，应当停车让行。
法律条文：《中华人民共和国道路交通安全法 》第九十条机动车驾驶 人违反道路交通安全法律 、法规关于道路通行规定的 ，处 警告或者二十元以上二百元以下罚款 。本法另有规定的， 依照规定处罚 。
违法记分数：3
罚款最小值：20
罚款最大值：200
罚款默认值（指导基准）：100
暂扣：
吊销：
拘留最小：0
拘留最大：0
拘留默认值（指导基准）：0
警告标记：可警告",由《自治区道路交通违法行为行政处罚裁量权基准》1357号违法行为行结构化导入，待另一管理员复核后发布。
1359驾驶不按规定安装机动车号牌的 机动车上道路行驶的,新公规〔2025〕1号,,新疆维吾尔自治区公安厅,local,traffic,REGIONAL,650000:新疆维吾尔自治区,交通违法裁量基准|不按规定安装机动车号牌|罚款|可警告,https://gat.xinjiang.gov.cn/gat/gawj/202503/3936ce139b084a9082a72c5bb554942d.shtml,2025-03-11,2025-04-15,,自2025年4月15日起施行，有效期五年；发生交通事故、吊销或拘留以及警告适用条件以文件统一说明和具体执法事实为准。,2026-08-08,30,,新疆道路交通违法行为代码1359的行政处罚裁量基准，违法描述为“不按规定安 装机动车号 牌的”，适用于“驾驶不按规定安装机动车号牌的 机动车上道路行驶的”。本条仅提供官方信息索引，不生成个案处罚结论。,"违法内容：驾驶不按规定安装机动车号牌的 机动车上道路行驶的
违法规定：《中华人民共和国道路交通安全法 》第十一条第 二款机动车号牌应当按照规定悬挂并保持清晰 、 完整 ，不得故意遮挡 、污损。
法律条文：《中华人民共和国道路交通安全法 》第九十五条第二款故 意遮挡 、污损或者不按规定安装机动车号牌的 ，依照本法 第九十条的规定予以处罚 、第九十条机动车驾驶人违反道 路交通安全法律 、法规关于道路通行规定的 ，处警告或者 二十元以上二百元以下罚款 。本法另有规定的 ，依照规定 处罚
违法记分数：3
罚款最小值：20
罚款最大值：200
罚款默认值（指导基准）：180
暂扣：
吊销：
拘留最小：0
拘留最大：0
拘留默认值（指导基准）：0
警告标记：可警告",由《自治区道路交通违法行为行政处罚裁量权基准》1359号违法行为行结构化导入，待另一管理员复核后发布。
13611驾驶未按规定定期进行安全技术 检验的公路客运汽车 、旅游客运 汽车 、危险物品运输车辆上道路 行驶的,新公规〔2025〕1号,,新疆维吾尔自治区公安厅,local,traffic,REGIONAL,650000:新疆维吾尔自治区,交通违法裁量基准|逾期未安全检验|危险品运输车|公路客运车|罚款|可警告,https://gat.xinjiang.gov.cn/gat/gawj/202503/3936ce139b084a9082a72c5bb554942d.shtml,2025-03-11,2025-04-15,,自2025年4月15日起施行，有效期五年；发生交通事故、吊销或拘留以及警告适用条件以文件统一说明和具体执法事实为准。,2026-08-08,30,,新疆道路交通违法行为代码13611的行政处罚裁量基准，违法描述为“驾驶未按规 定定期进行 安全技术检 验的公路客 运汽车 、旅 游客运汽车 、危险物品 运输车辆上 道路行驶的”，适用于“驾驶未按规定定期进行安全技术 检验的公路客运汽车 、旅游客运 汽车 、危险物品运输车辆上道路 行驶的”。本条仅提供官方信息索引，不生成个案处罚结论。,"违法内容：驾驶未按规定定期进行安全技术 检验的公路客运汽车 、旅游客运 汽车 、危险物品运输车辆上道路 行驶的
违法规定：《中华人民共和国道路交通安全法 》第十三条对 登记后上道路行驶的机动车 ，应当依照法律 、行 政法规的规定 ，根据车辆用途 、载客载货数量、 使用年限等不同情况 ，定期进行安全技术检验 。 对提供机动车行驶证和机动车第三者责任强制保 险单的 ，机动车安全技术检验机构应当予以检 验 ，任何单位不得附加其他条件 。对符合机动车 国家安全技术标准的 ，公安机关交通管理部门应 当发给检验合格标志 。《中华人民共和国道路交 通安全法实施条例》 第十六条机动车应当从注册 登记之日起 ，按照下列期限进行安全技术检验 ： （一）营运载客汽车 5年以内每年检验 1次；超过5 年的 ，每6个月检验1次；（二）载货汽车和大型 、 中型非营运载客汽车 10年以内每年检验 1次；超 过10年的 ，每6个月检验 1次；（三）小型 、微型 非营运载客汽车 6年以内每2年检验1次；超过6年 的 ，每年检验1次；超过15年的 ，每6个月检验 1次；（四）摩托车4年以内每2年检验1次；超过4 年的 ，每年检验 1次；（五）拖拉机和其他机动车 每年检验1次 。营运机动车在规定检验期限内经安 全技术检验合格的 ，不再重复进行安全技术检验 。
法律条文：《机动车登记规定 》第七十八条第四项（四）机动车未按 照规定期限进行安全技术检验的
违法记分数：3
罚款最小值：20
罚款最大值：200
罚款默认值（指导基准）：150
暂扣：
吊销：
拘留最小：0
拘留最大：0
拘留默认值（指导基准）：0
警告标记：可警告",由《自治区道路交通违法行为行政处罚裁量权基准》13611号违法行为行结构化导入，待另一管理员复核后发布。
13631摩托车遇前方机动车停车排队或 者缓慢行驶时 、借道超车或者占 用对面车道 、穿插等候车辆的,新公规〔2025〕1号,,新疆维吾尔自治区公安厅,local,traffic,REGIONAL,650000:新疆维吾尔自治区,交通违法裁量基准|违规超车穿插|摩托车|罚款|可警告,https://gat.xinjiang.gov.cn/gat/gawj/202503/3936ce139b084a9082a72c5bb554942d.shtml,2025-03-11,2025-04-15,,自2025年4月15日起施行，有效期五年；发生交通事故、吊销或拘留以及警告适用条件以文件统一说明和具体执法事实为准。,2026-08-08,30,,新疆道路交通违法行为代码13631的行政处罚裁量基准，违法描述为“借道超车或 者占用对面 车道 、穿插 等候车辆的”，适用于“摩托车遇前方机动车停车排队或 者缓慢行驶时 、借道超车或者占 用对面车道 、穿插等候车辆的”。本条仅提供官方信息索引，不生成个案处罚结论。,"违法内容：摩托车遇前方机动车停车排队或 者缓慢行驶时 、借道超车或者占 用对面车道 、穿插等候车辆的
违法规定：《中华人民共和国道路交通安全法 》第四十五条 第一款机动车遇有前方车辆停车排队等候或者缓 慢行驶时 ，不得借道超车或者占用对面车道 ，不 得穿插等候的车辆 、《中华人民共和国道路交通 安全法实施条例》 第五十三条第二款机动车在遇 有前方机动车停车排队等候或者缓慢行驶时 ，应 当依次排队 ，不得从前方车辆两侧穿插或者超越 行驶 ，不得在人行横道 、 网状线区域内停车等候 。
法律条文：《中华人民共和国道路交通安全法 》第九十条机动车驾驶 人违反道路交通安全法律 、法规关于道路通行规定的 ，处 警告或者二十元以上二百元以下罚款 。本法另有规定的， 依照规定处罚 。
违法记分数：3
罚款最小值：20
罚款最大值：200
罚款默认值（指导基准）：60
暂扣：
吊销：
拘留最小：0
拘留最大：0
拘留默认值（指导基准）：0
警告标记：可警告",由《自治区道路交通违法行为行政处罚裁量权基准》13631号违法行为行结构化导入，待另一管理员复核后发布。
13632小微型机动车遇前方机动车停车 排队或者缓慢行驶时 、借道超车 或者占用对面车道 、穿插等候车 辆的,新公规〔2025〕1号,,新疆维吾尔自治区公安厅,local,traffic,REGIONAL,650000:新疆维吾尔自治区,交通违法裁量基准|违规超车穿插|小微型机动车|罚款|可警告,https://gat.xinjiang.gov.cn/gat/gawj/202503/3936ce139b084a9082a72c5bb554942d.shtml,2025-03-11,2025-04-15,,自2025年4月15日起施行，有效期五年；发生交通事故、吊销或拘留以及警告适用条件以文件统一说明和具体执法事实为准。,2026-08-08,30,,新疆道路交通违法行为代码13632的行政处罚裁量基准，违法描述为“借道超车或 者占用对面 车道 、穿插 等候车辆的”，适用于“小微型机动车遇前方机动车停车 排队或者缓慢行驶时 、借道超车 或者占用对面车道 、穿插等候车 辆的”。本条仅提供官方信息索引，不生成个案处罚结论。,"违法内容：小微型机动车遇前方机动车停车 排队或者缓慢行驶时 、借道超车 或者占用对面车道 、穿插等候车 辆的
违法规定：《中华人民共和国道路交通安全法 》第四十五条 第一款 、《中华人民共和国道路交通安全法实施 条例》第五十三条第二款（具体法条条款同上 ）
法律条文：《中华人民共和国道路交通安全法 》第九十条（具体法条条款同上）
违法记分数：3
罚款最小值：20
罚款最大值：200
罚款默认值（指导基准）：90
暂扣：
吊销：
拘留最小：0
拘留最大：0
拘留默认值（指导基准）：0
警告标记：可警告",由《自治区道路交通违法行为行政处罚裁量权基准》13632号违法行为行结构化导入，待另一管理员复核后发布。
13633中型以上货车遇前方机动车停车 排队或者缓慢行驶时 、借道超车 或者占用对面车道 、穿插等候车 辆的,新公规〔2025〕1号,,新疆维吾尔自治区公安厅,local,traffic,REGIONAL,650000:新疆维吾尔自治区,交通违法裁量基准|违规超车穿插|罚款|可警告,https://gat.xinjiang.gov.cn/gat/gawj/202503/3936ce139b084a9082a72c5bb554942d.shtml,2025-03-11,2025-04-15,,自2025年4月15日起施行，有效期五年；发生交通事故、吊销或拘留以及警告适用条件以文件统一说明和具体执法事实为准。,2026-08-08,30,,新疆道路交通违法行为代码13633的行政处罚裁量基准，违法描述为“借道超车或 者占用对面 车道 、穿插 等候车辆的”，适用于“中型以上货车遇前方机动车停车 排队或者缓慢行驶时 、借道超车 或者占用对面车道 、穿插等候车 辆的”。本条仅提供官方信息索引，不生成个案处罚结论。,"违法内容：中型以上货车遇前方机动车停车 排队或者缓慢行驶时 、借道超车 或者占用对面车道 、穿插等候车 辆的
违法规定：《中华人民共和国道路交通安全法 》第四十五条 第一款 、《中华人民共和国道路交通安全法实施 条例》第五十三条第二款（具体法条条款同上 ）
法律条文：《中华人民共和国道路交通安全法 》第九十条（具体法条条款同上）
违法记分数：3
罚款最小值：20
罚款最大值：200
罚款默认值（指导基准）：120
暂扣：
吊销：
拘留最小：0
拘留最大：0
拘留默认值（指导基准）：0
警告标记：可警告",由《自治区道路交通违法行为行政处罚裁量权基准》13633号违法行为行结构化导入，待另一管理员复核后发布。
13634中型以上客车 、危险物品运输车 辆、校车遇前方机动车停车排队 或者缓慢行驶时 、借道超车或者 占用对面车道 、穿插等候车辆的,新公规〔2025〕1号,,新疆维吾尔自治区公安厅,local,traffic,REGIONAL,650000:新疆维吾尔自治区,交通违法裁量基准|违规超车穿插|危险品运输车|校车|罚款|可警告,https://gat.xinjiang.gov.cn/gat/gawj/202503/3936ce139b084a9082a72c5bb554942d.shtml,2025-03-11,2025-04-15,,自2025年4月15日起施行，有效期五年；发生交通事故、吊销或拘留以及警告适用条件以文件统一说明和具体执法事实为准。,2026-08-08,30,,新疆道路交通违法行为代码13634的行政处罚裁量基准，违法描述为“借道超车或 者占用对面 车道 、穿插 等候车辆的”，适用于“中型以上客车 、危险物品运输车 辆、校车遇前方机动车停车排队 或者缓慢行驶时 、借道超车或者 占用对面车道 、穿插等候车辆的”。本条仅提供官方信息索引，不生成个案处罚结论。,"违法内容：中型以上客车 、危险物品运输车 辆、校车遇前方机动车停车排队 或者缓慢行驶时 、借道超车或者 占用对面车道 、穿插等候车辆的
违法规定：《中华人民共和国道路交通安全法 》第四十五条 第一款 、《中华人民共和国道路交通安全法实施 条例》第五十三条第二款（具体法条条款同上 ）
法律条文：《中华人民共和国道路交通安全法 》第九十条（具体法条条款同上）
违法记分数：3
罚款最小值：20
罚款最大值：200
罚款默认值（指导基准）：150
暂扣：
吊销：
拘留最小：0
拘留最大：0
拘留默认值（指导基准）：0
警告标记：可警告",由《自治区道路交通违法行为行政处罚裁量权基准》13634号违法行为行结构化导入，待另一管理员复核后发布。
13671驾驶低速 、三轮载货汽车违反规定载客的,新公规〔2025〕1号,,新疆维吾尔自治区公安厅,local,traffic,REGIONAL,650000:新疆维吾尔自治区,交通违法裁量基准|驾驶载货汽车违反规定载客|载货汽车|罚款,https://gat.xinjiang.gov.cn/gat/gawj/202503/3936ce139b084a9082a72c5bb554942d.shtml,2025-03-11,2025-04-15,,自2025年4月15日起施行，有效期五年；发生交通事故、吊销或拘留以及警告适用条件以文件统一说明和具体执法事实为准。,2026-08-08,30,,新疆道路交通违法行为代码13671的行政处罚裁量基准，违法描述为“驾驶载货汽 车违反规定 载客的”，适用于“驾驶低速 、三轮载货汽车违反规定载客的”。本条仅提供官方信息索引，不生成个案处罚结论。,"违法内容：驾驶低速 、三轮载货汽车违反规定载客的
违法规定：《中华人民共和国道路交通安全法 》第五十条第 一款货运机动车需要附载作业人员的 ，应当设置 保护作业人员的安全措施 、《中华人民共和国道 路交通安全法实施条例 》第五十五条第二项载货 汽车车厢不得载客 。在城市道路上 ，货运机动车 在留有安全位置的情况下 ，车厢内可以附载临时 作业人员1人至5人；载物高度超过车厢栏板时 ， 货物上不得载人 。
法律条文：《中华人民共和国道路交通安全法 》第九十二条第二款货 运机动车超过核定载质量的 ，处二百元以上五百元以下罚 款 ；超过核定载质量百分之三十或者违反规定载客的 ，处 五百元以上二千元以下罚款 、《新疆维吾尔自治区实施 〈 道路交通安全法 〉办法》第八十四条第五项违反规定载客 的 ，处500元至1000元罚款
违法记分数：3
罚款最小值：500
罚款最大值：1000
罚款默认值（指导基准）：500
暂扣：
吊销：
拘留最小：0
拘留最大：0
拘留默认值（指导基准）：0
警告标记：不可 警告",由《自治区道路交通违法行为行政处罚裁量权基准》13671号违法行为行结构化导入，待另一管理员复核后发布。
13672驾驶微型 、轻型载货汽车违反规定载客的,新公规〔2025〕1号,,新疆维吾尔自治区公安厅,local,traffic,REGIONAL,650000:新疆维吾尔自治区,交通违法裁量基准|驾驶载货汽车违反规定载客|载货汽车|罚款,https://gat.xinjiang.gov.cn/gat/gawj/202503/3936ce139b084a9082a72c5bb554942d.shtml,2025-03-11,2025-04-15,,自2025年4月15日起施行，有效期五年；发生交通事故、吊销或拘留以及警告适用条件以文件统一说明和具体执法事实为准。,2026-08-08,30,,新疆道路交通违法行为代码13672的行政处罚裁量基准，违法描述为“驾驶载货汽 车违反规定 载客的”，适用于“驾驶微型 、轻型载货汽车违反规定载客的”。本条仅提供官方信息索引，不生成个案处罚结论。,"违法内容：驾驶微型 、轻型载货汽车违反规定载客的
违法规定：《中华人民共和国道路交通安全法 》第五十条第 一款 、《中华人民共和国道路交通安全法实施条 例》第五十五条第二项（具体法条条款同上 ）
法律条文：《中华人民共和国道路交通安全法 》第九十二条第二款 、 《新疆维吾尔自治区实施 〈道路交通安全法 〉办法》第八 十四条第五项（具体法条条款同上 ）
违法记分数：3
罚款最小值：500
罚款最大值：1000
罚款默认值（指导基准）：700
暂扣：
吊销：
拘留最小：0
拘留最大：0
拘留默认值（指导基准）：0
警告标记：不可 警告",由《自治区道路交通违法行为行政处罚裁量权基准》13672号违法行为行结构化导入，待另一管理员复核后发布。
13673驾驶中型载货汽车违反规定载客 的,新公规〔2025〕1号,,新疆维吾尔自治区公安厅,local,traffic,REGIONAL,650000:新疆维吾尔自治区,交通违法裁量基准|驾驶载货汽车违反规定载客|载货汽车|罚款,https://gat.xinjiang.gov.cn/gat/gawj/202503/3936ce139b084a9082a72c5bb554942d.shtml,2025-03-11,2025-04-15,,自2025年4月15日起施行，有效期五年；发生交通事故、吊销或拘留以及警告适用条件以文件统一说明和具体执法事实为准。,2026-08-08,30,,新疆道路交通违法行为代码13673的行政处罚裁量基准，违法描述为“驾驶载货汽 车违反规定 载客的”，适用于“驾驶中型载货汽车违反规定载客 的”。本条仅提供官方信息索引，不生成个案处罚结论。,"违法内容：驾驶中型载货汽车违反规定载客 的
违法规定：《中华人民共和国道路交通安全法 》第五十条第 一款 、《中华人民共和国道路交通安全法实施条 例》第五十五条第二项（具体法条条款同上 ）
法律条文：《中华人民共和国道路交通安全法 》第九十二条第二款 、 《新疆维吾尔自治区实施 〈道路交通安全法 〉办法》第八 十四条第五项（具体法条条款同上 ）
违法记分数：3
罚款最小值：500
罚款最大值：1000
罚款默认值（指导基准）：900
暂扣：
吊销：
拘留最小：0
拘留最大：0
拘留默认值（指导基准）：0
警告标记：不可 警告",由《自治区道路交通违法行为行政处罚裁量权基准》13673号违法行为行结构化导入，待另一管理员复核后发布。
13674驾驶重型载货汽车违反规定载客 的,新公规〔2025〕1号,,新疆维吾尔自治区公安厅,local,traffic,REGIONAL,650000:新疆维吾尔自治区,交通违法裁量基准|驾驶载货汽车违反规定载客|载货汽车|罚款,https://gat.xinjiang.gov.cn/gat/gawj/202503/3936ce139b084a9082a72c5bb554942d.shtml,2025-03-11,2025-04-15,,自2025年4月15日起施行，有效期五年；发生交通事故、吊销或拘留以及警告适用条件以文件统一说明和具体执法事实为准。,2026-08-08,30,,新疆道路交通违法行为代码13674的行政处罚裁量基准，违法描述为“驾驶载货汽 车违反规定 载客的”，适用于“驾驶重型载货汽车违反规定载客 的”。本条仅提供官方信息索引，不生成个案处罚结论。,"违法内容：驾驶重型载货汽车违反规定载客 的
违法规定：《中华人民共和国道路交通安全法 》第五十条第 一款 、《中华人民共和国道路交通安全法实施条 例》第五十五条第二项（具体法条条款同上 ）
法律条文：《中华人民共和国道路交通安全法 》第九十二条第二款 、 《新疆维吾尔自治区实施 〈道路交通安全法 〉办法》第八 十四条第五项（具体法条条款同上 ）
违法记分数：3
罚款最小值：500
罚款最大值：1000
罚款默认值（指导基准）：1000
暂扣：
吊销：
拘留最小：0
拘留最大：0
拘留默认值（指导基准）：0
警告标记：不可 警告",由《自治区道路交通违法行为行政处罚裁量权基准》13674号违法行为行结构化导入，待另一管理员复核后发布。
1368驾驶校车 、公路客运汽车 、旅游 客运汽车 、7座以上载客汽车以 外的其他载客汽车载人超过核定 人数百分之二十以上未达到百分 之五十的,新公规〔2025〕1号,,新疆维吾尔自治区公安厅,local,traffic,REGIONAL,650000:新疆维吾尔自治区,交通违法裁量基准|载客超员|公路客运车|旅游客运车|罚款|可警告,https://gat.xinjiang.gov.cn/gat/gawj/202503/3936ce139b084a9082a72c5bb554942d.shtml,2025-03-11,2025-04-15,,自2025年4月15日起施行，有效期五年；发生交通事故、吊销或拘留以及警告适用条件以文件统一说明和具体执法事实为准。,2026-08-08,30,,新疆道路交通违法行为代码1368的行政处罚裁量基准，违法描述为“驾驶校车、 公路客运汽 车 、旅游客 运汽车 、7座 以上载客汽 车以外的其 他载客汽车 载人超过核 定人数百分 之二十以上 未达到百分”，适用于“驾驶校车 、公路客运汽车 、旅游 客运汽车 、7座以上载客汽车以 外的其他载客汽车载人超过核定 人数百分之二十以上未达到百分 之五十的”。本条仅提供官方信息索引，不生成个案处罚结论。,"违法内容：驾驶校车 、公路客运汽车 、旅游 客运汽车 、7座以上载客汽车以 外的其他载客汽车载人超过核定 人数百分之二十以上未达到百分 之五十的
违法规定：《中华人民共和国道路交通安全法 》第四十九条 机动车载人不得超过核定的人数 ，客运机动车不 得违反规定载货 。
法律条文：《中华人民共和国道路交通安全法 》第九十条机动车驾驶 人违反道路交通安全法律 、法规关于道路通行规定的 ，处 警告或者二十元以上二百元以下罚款 。本法另有规定的， 依照规定处罚 。
违法记分数：3
罚款最小值：20
罚款最大值：200
罚款默认值（指导基准）：150
暂扣：
吊销：
拘留最小：0
拘留最大：0
拘留默认值（指导基准）：0
警告标记：可警告",由《自治区道路交通违法行为行政处罚裁量权基准》1368号违法行为行结构化导入，待另一管理员复核后发布。
1371驾车时有其他妨碍安全驾驶的行为的,新公规〔2025〕1号,,新疆维吾尔自治区公安厅,local,traffic,REGIONAL,650000:新疆维吾尔自治区,交通违法裁量基准|驾车时有其他妨碍安全驾驶的行为|罚款|可警告,https://gat.xinjiang.gov.cn/gat/gawj/202503/3936ce139b084a9082a72c5bb554942d.shtml,2025-03-11,2025-04-15,,自2025年4月15日起施行，有效期五年；发生交通事故、吊销或拘留以及警告适用条件以文件统一说明和具体执法事实为准。,2026-08-08,30,,新疆道路交通违法行为代码1371的行政处罚裁量基准，违法描述为“驾车时有其 他妨碍安全 驾驶的行为 的”，适用于“驾车时有其他妨碍安全驾驶的行为的”。本条仅提供官方信息索引，不生成个案处罚结论。,"违法内容：驾车时有其他妨碍安全驾驶的行为的
违法规定：《中华人民共和国道路交通安全法实施条例 》第 六十二条第三项拨打接听手持电话 、观看电视等 妨碍安全驾驶的行为 。
法律条文：《中华人民共和国道路交通安全法 》第九十条机动车驾驶 人违反道路交通安全法律 、法规关于道路通行规定的 ，处 警告或者二十元以上二百元以下罚款 。本法另有规定的， 依照规定处罚 。
违法记分数：3
罚款最小值：20
罚款最大值：200
罚款默认值（指导基准）：180
暂扣：
吊销：
拘留最小：0
拘留最大：0
拘留默认值（指导基准）：0
警告标记：可警告",由《自治区道路交通违法行为行政处罚裁量权基准》1371号违法行为行结构化导入，待另一管理员复核后发布。
16101在驾驶证暂扣期间驾驶营运客车 的,新公规〔2025〕1号,,新疆维吾尔自治区公安厅,local,traffic,REGIONAL,650000:新疆维吾尔自治区,交通违法裁量基准|暂扣期驾驶|营运客车|罚款|行政拘留,https://gat.xinjiang.gov.cn/gat/gawj/202503/3936ce139b084a9082a72c5bb554942d.shtml,2025-03-11,2025-04-15,,自2025年4月15日起施行，有效期五年；发生交通事故、吊销或拘留以及警告适用条件以文件统一说明和具体执法事实为准。,2026-08-08,30,,新疆道路交通违法行为代码16101的行政处罚裁量基准，违法描述为“在驾驶证暂 扣期间仍驾 驶机动车的”，适用于“在驾驶证暂扣期间驾驶营运客车 的”。本条仅提供官方信息索引，不生成个案处罚结论。,"违法内容：在驾驶证暂扣期间驾驶营运客车 的
违法规定：《中华人民共和国道路交通安全法实施条例 》第 二十八条机动车驾驶人在机动车驾驶证丢失 、损 毁 、超过有效期或者被依法扣留 、暂扣期间以及 记分达到12分的 ，不得驾驶机动车 。
法律条文：《中华人民共和国道路交通安全法 》第九十九条第一款第 一项 、第二款有下列行为之一的 ， 由公安机关交通管理部 门处二百元以上二千元以下罚款 ： （一）未取得机动车驾驶证 、机动车驾驶证被吊销或者机 动车驾驶证被暂扣期间驾驶机动车的 ； 行为人有前款第二项 、第四项情形之一的 ，可以并处 吊销机动车驾驶证 ；有第一项 、第三项 、第五项至第八项 情形之一的 ，可以并处十五日以下拘留 。《新疆维吾尔自 治区实施〈道路交通安全法 〉办法》第八十五条第一项驾 驶营运客车的 ，处2000元罚款。
违法记分数：6
罚款最小值：200
罚款最大值：2000
罚款默认值（指导基准）：2000
暂扣：
吊销：
拘留最小：0
拘留最大：15
拘留默认值（指导基准）：10
警告标记：不可 警告",由《自治区道路交通违法行为行政处罚裁量权基准》16101号违法行为行结构化导入，待另一管理员复核后发布。
16102在驾驶证暂扣期间驾驶非营运客车的,新公规〔2025〕1号,,新疆维吾尔自治区公安厅,local,traffic,REGIONAL,650000:新疆维吾尔自治区,交通违法裁量基准|暂扣期驾驶|非营运客车|罚款|行政拘留,https://gat.xinjiang.gov.cn/gat/gawj/202503/3936ce139b084a9082a72c5bb554942d.shtml,2025-03-11,2025-04-15,,自2025年4月15日起施行，有效期五年；发生交通事故、吊销或拘留以及警告适用条件以文件统一说明和具体执法事实为准。,2026-08-08,30,,新疆道路交通违法行为代码16102的行政处罚裁量基准，违法描述为“在驾驶证暂 扣期间仍驾 驶机动车的”，适用于“在驾驶证暂扣期间驾驶非营运客车的”。本条仅提供官方信息索引，不生成个案处罚结论。,"违法内容：在驾驶证暂扣期间驾驶非营运客车的
违法规定：《中华人民共和国道路交通安全法实施条例 》第 二十八条（具体法条条款同上 ）
法律条文：《中华人民共和国道路交通安全法 》第九十九条第一款第 一项 、第二款（具体法条条款同上 ）。《新疆维吾尔自治 区实施〈道路交通安全法 〉办法》第八十五条第二项驾驶 非营运客车的 ，处1500元罚款
违法记分数：6
罚款最小值：200
罚款最大值：2000
罚款默认值（指导基准）：1500
暂扣：
吊销：
拘留最小：0
拘留最大：15
拘留默认值（指导基准）：5
警告标记：不可 警告",由《自治区道路交通违法行为行政处罚裁量权基准》16102号违法行为行结构化导入，待另一管理员复核后发布。
16103在驾驶证暂扣期间驾驶载货汽车 的,新公规〔2025〕1号,,新疆维吾尔自治区公安厅,local,traffic,REGIONAL,650000:新疆维吾尔自治区,交通违法裁量基准|暂扣期驾驶|载货汽车|罚款|行政拘留,https://gat.xinjiang.gov.cn/gat/gawj/202503/3936ce139b084a9082a72c5bb554942d.shtml,2025-03-11,2025-04-15,,自2025年4月15日起施行，有效期五年；发生交通事故、吊销或拘留以及警告适用条件以文件统一说明和具体执法事实为准。,2026-08-08,30,,新疆道路交通违法行为代码16103的行政处罚裁量基准，违法描述为“在驾驶证暂 扣期间仍驾 驶机动车的”，适用于“在驾驶证暂扣期间驾驶载货汽车 的”。本条仅提供官方信息索引，不生成个案处罚结论。,"违法内容：在驾驶证暂扣期间驾驶载货汽车 的
违法规定：《中华人民共和国道路交通安全法实施条例 》第 二十八条（具体法条条款同上 ）
法律条文：《中华人民共和国道路交通安全法 》第九十九条第一款第 一项 、第二款（具体法条条款同上 ）。《新疆维吾尔自治 区实施〈道路交通安全法 〉办法》第八十五条第三项驾驶 载货汽车的 ，处1000元罚款
违法记分数：6
罚款最小值：200
罚款最大值：2000
罚款默认值（指导基准）：1000
暂扣：
吊销：
拘留最小：0
拘留最大：15
拘留默认值（指导基准）：7
警告标记：不可 警告",由《自治区道路交通违法行为行政处罚裁量权基准》16103号违法行为行结构化导入，待另一管理员复核后发布。
16104在驾驶证暂扣期间驾驶拖拉机 、 摩托车等其他机动车的,新公规〔2025〕1号,,新疆维吾尔自治区公安厅,local,traffic,REGIONAL,650000:新疆维吾尔自治区,交通违法裁量基准|暂扣期驾驶|摩托车|拖拉机|罚款|行政拘留,https://gat.xinjiang.gov.cn/gat/gawj/202503/3936ce139b084a9082a72c5bb554942d.shtml,2025-03-11,2025-04-15,,自2025年4月15日起施行，有效期五年；发生交通事故、吊销或拘留以及警告适用条件以文件统一说明和具体执法事实为准。,2026-08-08,30,,新疆道路交通违法行为代码16104的行政处罚裁量基准，违法描述为“在驾驶证暂 扣期间仍驾 驶机动车的”，适用于“在驾驶证暂扣期间驾驶拖拉机 、 摩托车等其他机动车的”。本条仅提供官方信息索引，不生成个案处罚结论。,"违法内容：在驾驶证暂扣期间驾驶拖拉机 、 摩托车等其他机动车的
违法规定：《中华人民共和国道路交通安全法实施条例 》第 二十八条（具体法条条款同上 ）
法律条文：《中华人民共和国道路交通安全法 》第九十九条第一款第 一项 、第二款（具体法条条款同上 ）。《新疆维吾尔自治 区实施〈道路交通安全法 〉办法》第八十五条第四项驾驶 拖拉机 、摩托车等其他机动车的 ，处200元罚款
违法记分数：6
罚款最小值：200
罚款最大值：2000
罚款默认值（指导基准）：200
暂扣：
吊销：
拘留最小：0
拘留最大：15
拘留默认值（指导基准）：3
警告标记：不可 警告",由《自治区道路交通违法行为行政处罚裁量权基准》16104号违法行为行结构化导入，待另一管理员复核后发布。
16431造成财产损失的交通事故后逃逸 、 尚不构成犯罪的,新公规〔2025〕1号,,新疆维吾尔自治区公安厅,local,traffic,REGIONAL,650000:新疆维吾尔自治区,交通违法裁量基准|肇事逃逸（致财产损失）|罚款|行政拘留,https://gat.xinjiang.gov.cn/gat/gawj/202503/3936ce139b084a9082a72c5bb554942d.shtml,2025-03-11,2025-04-15,,自2025年4月15日起施行，有效期五年；发生交通事故、吊销或拘留以及警告适用条件以文件统一说明和具体执法事实为准。,2026-08-08,30,,新疆道路交通违法行为代码16431的行政处罚裁量基准，违法描述为“肇事逃逸 （致财产损 失）”，适用于“造成财产损失的交通事故后逃逸 、 尚不构成犯罪的”。本条仅提供官方信息索引，不生成个案处罚结论。,"违法内容：造成财产损失的交通事故后逃逸 、 尚不构成犯罪的
违法规定：《中华人民共和国道路交通安全法 》第七十条第 一款在道路上发生交通事故 ，车辆驾驶人应当立 即停车 ，保护现场； 造成人身伤亡的 ，车辆驾驶 人应当立即抢救受伤人员 ，并迅速报告执勤的交 通警察或者公安机关交通管理部门 。 因抢救受伤 人员变动现场的 ，应当标明位置 。乘车人 、过往 车辆驾驶人 、过往行人应当予以协助 。
法律条文：《中华人民共和国道路交通安全法 》第九十九条第一款第 三项造成交通事故后逃逸 ， 尚不构成犯罪的 、第二款行为 人有前款第二项 、第四项情形之一的 ，可以并处吊销机动 车驾驶证； 有第一项 、第三项 、第五项至第八项情形之一 的 ，可以并处十五日以下拘留 。
违法记分数：6
罚款最小值：200
罚款最大值：2000
罚款默认值（指导基准）：1000
暂扣：
吊销：
拘留最小：0
拘留最大：15
拘留默认值（指导基准）：5
警告标记：不可 警告",由《自治区道路交通违法行为行政处罚裁量权基准》16431号违法行为行结构化导入，待另一管理员复核后发布。
16432造成致人轻微伤的交通事故后逃 逸 、 尚不构成犯罪的,新公规〔2025〕1号,,新疆维吾尔自治区公安厅,local,traffic,REGIONAL,650000:新疆维吾尔自治区,交通违法裁量基准|肇事逃逸（致人轻微|罚款|行政拘留,https://gat.xinjiang.gov.cn/gat/gawj/202503/3936ce139b084a9082a72c5bb554942d.shtml,2025-03-11,2025-04-15,,自2025年4月15日起施行，有效期五年；发生交通事故、吊销或拘留以及警告适用条件以文件统一说明和具体执法事实为准。,2026-08-08,30,,新疆道路交通违法行为代码16432的行政处罚裁量基准，违法描述为“肇事逃逸 （致人轻微”，适用于“造成致人轻微伤的交通事故后逃 逸 、 尚不构成犯罪的”。本条仅提供官方信息索引，不生成个案处罚结论。,"违法内容：造成致人轻微伤的交通事故后逃 逸 、 尚不构成犯罪的
违法规定：《中华人民共和国道路交通安全法 》第七十条第 一款（具体法条条款同上 ）
法律条文：《中华人民共和国道路交通安全法 》第九十九条第一款第 三项 、第二款（具体法条条款同上 ）
违法记分数：6
罚款最小值：200
罚款最大值：2000
罚款默认值（指导基准）：1500
暂扣：
吊销：
拘留最小：0
拘留最大：15
拘留默认值（指导基准）：7
警告标记：不可 警告",由《自治区道路交通违法行为行政处罚裁量权基准》16432号违法行为行结构化导入，待另一管理员复核后发布。
1647驾驶7座以上载客汽车载人超过 核定人数百分之二十以上未达到 百分之五十的,新公规〔2025〕1号,,新疆维吾尔自治区公安厅,local,traffic,REGIONAL,650000:新疆维吾尔自治区,交通违法裁量基准|载客超员|7座以上客车|罚款|可警告,https://gat.xinjiang.gov.cn/gat/gawj/202503/3936ce139b084a9082a72c5bb554942d.shtml,2025-03-11,2025-04-15,,自2025年4月15日起施行，有效期五年；发生交通事故、吊销或拘留以及警告适用条件以文件统一说明和具体执法事实为准。,2026-08-08,30,,新疆道路交通违法行为代码1647的行政处罚裁量基准，违法描述为“) 驾驶7座以上 载客汽车载 人超过核定 人数百分之 二十以上未 达到百分之 五十的”，适用于“驾驶7座以上载客汽车载人超过 核定人数百分之二十以上未达到 百分之五十的”。本条仅提供官方信息索引，不生成个案处罚结论。,"违法内容：驾驶7座以上载客汽车载人超过 核定人数百分之二十以上未达到 百分之五十的
违法规定：《中华人民共和国道路交通安全法 》第四十九条 机动车载人不得超过核定的人数 ，客运机动车不 得违反规定载货 、《中华人民共和国道路交通安 全法实施条例 》第五十五条第一项高速公路 、大 中城市中心城区内的道路 ，禁止拖拉机通行 。其 他禁止拖拉机通行的道路 ， 由省 、 自治区 、直辖 市人民政府根据当地实际情况规定 。
法律条文：《中华人民共和国道路交通安全法 》第九十条机动车驾驶 人违反道路交通安全法律 、法规关于道路通行规定的 ，处 警告或者二十元以上二百元以下罚款 。本法另有规定的， 依照规定处罚 。
违法记分数：6
罚款最小值：20
罚款最大值：200
罚款默认值（指导基准）：150
暂扣：
吊销：
拘留最小：0
拘留最大：0
拘留默认值（指导基准）：0
警告标记：可警告",由《自治区道路交通违法行为行政处罚裁量权基准》1647号违法行为行结构化导入，待另一管理员复核后发布。
1648驾驶校车 、公路客运汽车 、旅游 客运汽车 、7座以上载客汽车以 外的其他载客汽车载人超过核定 人数百分之五十以上未达到百分 之百的,新公规〔2025〕1号,,新疆维吾尔自治区公安厅,local,traffic,REGIONAL,650000:新疆维吾尔自治区,交通违法裁量基准|载客超员|公路客运车|旅游客运车|罚款|可警告,https://gat.xinjiang.gov.cn/gat/gawj/202503/3936ce139b084a9082a72c5bb554942d.shtml,2025-03-11,2025-04-15,,自2025年4月15日起施行，有效期五年；发生交通事故、吊销或拘留以及警告适用条件以文件统一说明和具体执法事实为准。,2026-08-08,30,,新疆道路交通违法行为代码1648的行政处罚裁量基准，违法描述为“驾驶校车、 公路客运汽 车 、旅游客 运汽车 、7座 以上载客汽 车以外的其 他载客汽车 载人超过核 定人数百分 之五十以上 未达到百分”，适用于“驾驶校车 、公路客运汽车 、旅游 客运汽车 、7座以上载客汽车以 外的其他载客汽车载人超过核定 人数百分之五十以上未达到百分 之百的”。本条仅提供官方信息索引，不生成个案处罚结论。,"违法内容：驾驶校车 、公路客运汽车 、旅游 客运汽车 、7座以上载客汽车以 外的其他载客汽车载人超过核定 人数百分之五十以上未达到百分 之百的
违法规定：《中华人民共和国道路交通安全法 》第四十九条 机动车载人不得超过核定的人数 ，客运机动车不 得违反规定载货 、《中华人民共和国道路交通安 全法实施条例 》第五十五条第一项高速公路 、大 中城市中心城区内的道路 ，禁止拖拉机通行 。其 他禁止拖拉机通行的道路 ， 由省 、 自治区 、直辖 市人民政府根据当地实际情况规定 。
法律条文：《中华人民共和国道路交通安全法 》第九十条机动车驾驶 人违反道路交通安全法律 、法规关于道路通行规定的 ，处 警告或者二十元以上二百元以下罚款 。本法另有规定的， 依照规定处罚 。
违法记分数：6
罚款最小值：20
罚款最大值：200
罚款默认值（指导基准）：150
暂扣：
吊销：
拘留最小：0
拘留最大：0
拘留默认值（指导基准）：0
警告标记：可警告",由《自治区道路交通违法行为行政处罚裁量权基准》1648号违法行为行结构化导入，待另一管理员复核后发布。
17122饮酒后驾驶摩托车 、拖拉机等其他机动车的,新公规〔2025〕1号,,新疆维吾尔自治区公安厅,local,traffic,REGIONAL,650000:新疆维吾尔自治区,交通违法裁量基准|饮酒驾驶|摩托车|拖拉机|罚款|暂扣驾驶证,https://gat.xinjiang.gov.cn/gat/gawj/202503/3936ce139b084a9082a72c5bb554942d.shtml,2025-03-11,2025-04-15,,自2025年4月15日起施行，有效期五年；发生交通事故、吊销或拘留以及警告适用条件以文件统一说明和具体执法事实为准。,2026-08-08,30,,新疆道路交通违法行为代码17122的行政处罚裁量基准，违法描述为“酒后驾车”，适用于“饮酒后驾驶摩托车 、拖拉机等其他机动车的”。本条仅提供官方信息索引，不生成个案处罚结论。,"违法内容：饮酒后驾驶摩托车 、拖拉机等其他机动车的
违法规定：《中华人民共和国道路交通安全法 》第二十二条 第二款饮酒 、服用国家管制的精神药品或者麻醉 药品 ，或者患有妨碍安全驾驶机动车的疾病 ，或 者过度疲劳影响安全驾驶的 ，不得驾驶机动车 。
法律条文：《中华人民共和国道路交通安全法 》第九十一条第一款饮 酒后驾驶机动车的 ，处暂扣六个月机动车驾驶证 ，并处一 千元以上二千元以下罚款 。 因饮酒后驾驶机动车被处罚 ， 再次饮酒后驾驶机动车的 ，处十日以下拘留 ，并处一千元 以上二千元以下罚款 ， 吊销机动车驾驶证
违法记分数：12
罚款最小值：1000
罚款最大值：2000
罚款默认值（指导基准）：1200
暂扣：暂扣
吊销：
拘留最小：0
拘留最大：0
拘留默认值（指导基准）：0
警告标记：不可 警告",由《自治区道路交通违法行为行政处罚裁量权基准》17122号违法行为行结构化导入，待另一管理员复核后发布。
17123饮酒后驾驶小型 、微型非营运载客汽车的,新公规〔2025〕1号,,新疆维吾尔自治区公安厅,local,traffic,REGIONAL,650000:新疆维吾尔自治区,交通违法裁量基准|饮酒驾驶|罚款|暂扣驾驶证,https://gat.xinjiang.gov.cn/gat/gawj/202503/3936ce139b084a9082a72c5bb554942d.shtml,2025-03-11,2025-04-15,,自2025年4月15日起施行，有效期五年；发生交通事故、吊销或拘留以及警告适用条件以文件统一说明和具体执法事实为准。,2026-08-08,30,,新疆道路交通违法行为代码17123的行政处罚裁量基准，违法描述为“酒后驾车”，适用于“饮酒后驾驶小型 、微型非营运载客汽车的”。本条仅提供官方信息索引，不生成个案处罚结论。,"违法内容：饮酒后驾驶小型 、微型非营运载客汽车的
违法规定：《中华人民共和国道路交通安全法 》第二十二条 第二款（具体法条条款同上 ）
法律条文：《中华人民共和国道路交通安全法 》第九十一条第一款 （具体法条条款同上 ）
违法记分数：12
罚款最小值：1000
罚款最大值：2000
罚款默认值（指导基准）：1400
暂扣：暂扣
吊销：
拘留最小：0
拘留最大：0
拘留默认值（指导基准）：0
警告标记：不可 警告",由《自治区道路交通违法行为行政处罚裁量权基准》17123号违法行为行结构化导入，待另一管理员复核后发布。
17124饮酒后驾驶中型及以上载货汽车 的,新公规〔2025〕1号,,新疆维吾尔自治区公安厅,local,traffic,REGIONAL,650000:新疆维吾尔自治区,交通违法裁量基准|饮酒驾驶|载货汽车|罚款|暂扣驾驶证,https://gat.xinjiang.gov.cn/gat/gawj/202503/3936ce139b084a9082a72c5bb554942d.shtml,2025-03-11,2025-04-15,,自2025年4月15日起施行，有效期五年；发生交通事故、吊销或拘留以及警告适用条件以文件统一说明和具体执法事实为准。,2026-08-08,30,,新疆道路交通违法行为代码17124的行政处罚裁量基准，违法描述为“酒后驾车”，适用于“饮酒后驾驶中型及以上载货汽车 的”。本条仅提供官方信息索引，不生成个案处罚结论。,"违法内容：饮酒后驾驶中型及以上载货汽车 的
违法规定：《中华人民共和国道路交通安全法 》第二十二条 第二款（具体法条条款同上 ）
法律条文：《中华人民共和国道路交通安全法 》第九十一条第一款 （具体法条条款同上 ）
违法记分数：12
罚款最小值：1000
罚款最大值：2000
罚款默认值（指导基准）：1600
暂扣：暂扣
吊销：
拘留最小：0
拘留最大：0
拘留默认值（指导基准）：0
警告标记：不可 警告",由《自治区道路交通违法行为行政处罚裁量权基准》17124号违法行为行结构化导入，待另一管理员复核后发布。
17125饮酒后驾驶中型及以上载客汽车 、危险物品运输车辆 、校车的,新公规〔2025〕1号,,新疆维吾尔自治区公安厅,local,traffic,REGIONAL,650000:新疆维吾尔自治区,交通违法裁量基准|饮酒驾驶|危险品运输车|校车|罚款|暂扣驾驶证,https://gat.xinjiang.gov.cn/gat/gawj/202503/3936ce139b084a9082a72c5bb554942d.shtml,2025-03-11,2025-04-15,,自2025年4月15日起施行，有效期五年；发生交通事故、吊销或拘留以及警告适用条件以文件统一说明和具体执法事实为准。,2026-08-08,30,,新疆道路交通违法行为代码17125的行政处罚裁量基准，违法描述为“酒后驾车”，适用于“饮酒后驾驶中型及以上载客汽车 、危险物品运输车辆 、校车的”。本条仅提供官方信息索引，不生成个案处罚结论。,"违法内容：饮酒后驾驶中型及以上载客汽车 、危险物品运输车辆 、校车的
违法规定：《中华人民共和国道路交通安全法 》第二十二条 第二款（具体法条条款同上 ）
法律条文：《中华人民共和国道路交通安全法 》第九十一条第一款 （具体法条条款同上 ）
违法记分数：12
罚款最小值：1000
罚款最大值：2000
罚款默认值（指导基准）：1800
暂扣：暂扣
吊销：
拘留最小：0
拘留最大：0
拘留默认值（指导基准）：0
警告标记：不可 警告",由《自治区道路交通违法行为行政处罚裁量权基准》17125号违法行为行结构化导入，待另一管理员复核后发布。
17321造成致人轻伤以上的交通事故后 逃逸 、 尚不构成犯罪的,新公规〔2025〕1号,,新疆维吾尔自治区公安厅,local,traffic,REGIONAL,650000:新疆维吾尔自治区,交通违法裁量基准|肇事逃逸|罚款|行政拘留,https://gat.xinjiang.gov.cn/gat/gawj/202503/3936ce139b084a9082a72c5bb554942d.shtml,2025-03-11,2025-04-15,,自2025年4月15日起施行，有效期五年；发生交通事故、吊销或拘留以及警告适用条件以文件统一说明和具体执法事实为准。,2026-08-08,30,,新疆道路交通违法行为代码17321的行政处罚裁量基准，违法描述为“肇事逃逸”，适用于“造成致人轻伤以上的交通事故后 逃逸 、 尚不构成犯罪的”。本条仅提供官方信息索引，不生成个案处罚结论。,"违法内容：造成致人轻伤以上的交通事故后 逃逸 、 尚不构成犯罪的
违法规定：《中华人民共和国道路交通安全法 》第七十条第 一款在道路上发生交通事故 ，车辆驾驶人应当立 即停车 ，保护现场； 造成人身伤亡的 ，车辆驾驶 人应当立即抢救受伤人员 ，并迅速报告执勤的交 通警察或者公安机关交通管理部门 。 因抢救受伤 人员变动现场的 ，应当标明位置 。乘车人 、过往 车辆驾驶人 、过往行人应当予以协助 。
法律条文：《中华人民共和国道路交通安全法 》第九十九条第一款有 下列行为之一的 ， 由公安机关交通管理部门处二百元以上 二千元以下罚款：（三）造成交通事故后逃逸 ， 尚不构成 犯罪的 、第二款行为人有前款第二项 、第四项情形之一 的 ，可以并处吊销机动车驾驶证 ；有第一项 、第三项 、第 五项至第八项情形之一的 ，可以并处十五日以下拘留 。
违法记分数：12
罚款最小值：200
罚款最大值：2000
罚款默认值（指导基准）：1800
暂扣：
吊销：
拘留最小：0
拘留最大：15
拘留默认值（指导基准）：10
警告标记：不可 警告",由《自治区道路交通违法行为行政处罚裁量权基准》17321号违法行为行结构化导入，待另一管理员复核后发布。
17322造成致人死亡的交通事故后逃逸 、 尚不构成犯罪的,新公规〔2025〕1号,,新疆维吾尔自治区公安厅,local,traffic,REGIONAL,650000:新疆维吾尔自治区,交通违法裁量基准|肇事逃逸|罚款|行政拘留,https://gat.xinjiang.gov.cn/gat/gawj/202503/3936ce139b084a9082a72c5bb554942d.shtml,2025-03-11,2025-04-15,,自2025年4月15日起施行，有效期五年；发生交通事故、吊销或拘留以及警告适用条件以文件统一说明和具体执法事实为准。,2026-08-08,30,,新疆道路交通违法行为代码17322的行政处罚裁量基准，违法描述为“肇事逃逸”，适用于“造成致人死亡的交通事故后逃逸 、 尚不构成犯罪的”。本条仅提供官方信息索引，不生成个案处罚结论。,"违法内容：造成致人死亡的交通事故后逃逸 、 尚不构成犯罪的
违法规定：《中华人民共和国道路交通安全法 》第七十条第 一款（具体法条条款同上 ）
法律条文：《中华人民共和国道路交通安全法 》第九十九条第一款第 三项 、第二款（具体法条条款同上 ）
违法记分数：12
罚款最小值：200
罚款最大值：2000
罚款默认值（指导基准）：2000
暂扣：
吊销：
拘留最小：0
拘留最大：15
拘留默认值（指导基准）：15
警告标记：不可 警告",由《自治区道路交通违法行为行政处罚裁量权基准》17322号违法行为行结构化导入，待另一管理员复核后发布。
17331驾驶摩托车 、拖拉机等其他机动 车在城市快速路上倒车的,新公规〔2025〕1号,,新疆维吾尔自治区公安厅,local,traffic,REGIONAL,650000:新疆维吾尔自治区,交通违法裁量基准|在城市快速路上倒车|摩托车|拖拉机|罚款|可警告,https://gat.xinjiang.gov.cn/gat/gawj/202503/3936ce139b084a9082a72c5bb554942d.shtml,2025-03-11,2025-04-15,,自2025年4月15日起施行，有效期五年；发生交通事故、吊销或拘留以及警告适用条件以文件统一说明和具体执法事实为准。,2026-08-08,30,,新疆道路交通违法行为代码17331的行政处罚裁量基准，违法描述为“在城市快速 路上倒车的”，适用于“驾驶摩托车 、拖拉机等其他机动 车在城市快速路上倒车的”。本条仅提供官方信息索引，不生成个案处罚结论。,"违法内容：驾驶摩托车 、拖拉机等其他机动 车在城市快速路上倒车的
违法规定：《中华人民共和国道路交通安全法实施条例 》第 八十二条机动车在高速公路上行驶 ，不得有下列 行为第一项倒车 、逆行 、穿越中央分隔带掉头或 者在车道内停车 、第八十五条第一款城市快速路 的道路交通安全管理 ，参照本节的规定执行 。
法律条文：《中华人民共和国道路交通安全法 》第九十条机动车驾驶 人违反道路交通安全法律 、法规关于道路通行规定的 ，处 警告或者二十元以上二百元以下罚款 。本法另有规定的， 依照规定处罚 。
违法记分数：12
罚款最小值：20
罚款最大值：200
罚款默认值（指导基准）：180
暂扣：
吊销：
拘留最小：0
拘留最大：0
拘留默认值（指导基准）：0
警告标记：可警告",由《自治区道路交通违法行为行政处罚裁量权基准》17331号违法行为行结构化导入，待另一管理员复核后发布。
17332驾驶小型 、微型非营运载客汽车 在城市快速路上倒车的,新公规〔2025〕1号,,新疆维吾尔自治区公安厅,local,traffic,REGIONAL,650000:新疆维吾尔自治区,交通违法裁量基准|在城市快速路上倒车|城市快速路|罚款|可警告,https://gat.xinjiang.gov.cn/gat/gawj/202503/3936ce139b084a9082a72c5bb554942d.shtml,2025-03-11,2025-04-15,,自2025年4月15日起施行，有效期五年；发生交通事故、吊销或拘留以及警告适用条件以文件统一说明和具体执法事实为准。,2026-08-08,30,,新疆道路交通违法行为代码17332的行政处罚裁量基准，违法描述为“在城市快速 路上倒车的”，适用于“驾驶小型 、微型非营运载客汽车 在城市快速路上倒车的”。本条仅提供官方信息索引，不生成个案处罚结论。,"违法内容：驾驶小型 、微型非营运载客汽车 在城市快速路上倒车的
违法规定：《中华人民共和国道路交通安全法实施条例 》第 八十二条第一项 、第八十五条第一款（具体法条 条款同上）
法律条文：《中华人民共和国道路交通安全法 》第九十条（具体法条条款同上）
违法记分数：12
罚款最小值：20
罚款最大值：200
罚款默认值（指导基准）：180
暂扣：
吊销：
拘留最小：0
拘留最大：0
拘留默认值（指导基准）：0
警告标记：可警告",由《自治区道路交通违法行为行政处罚裁量权基准》17332号违法行为行结构化导入，待另一管理员复核后发布。
17333驾驶中型及以上载货汽车在城市 快速路上倒车的,新公规〔2025〕1号,,新疆维吾尔自治区公安厅,local,traffic,REGIONAL,650000:新疆维吾尔自治区,交通违法裁量基准|在城市快速路上倒车|载货汽车|城市快速路|罚款|可警告,https://gat.xinjiang.gov.cn/gat/gawj/202503/3936ce139b084a9082a72c5bb554942d.shtml,2025-03-11,2025-04-15,,自2025年4月15日起施行，有效期五年；发生交通事故、吊销或拘留以及警告适用条件以文件统一说明和具体执法事实为准。,2026-08-08,30,,新疆道路交通违法行为代码17333的行政处罚裁量基准，违法描述为“在城市快速 路上倒车的”，适用于“驾驶中型及以上载货汽车在城市 快速路上倒车的”。本条仅提供官方信息索引，不生成个案处罚结论。,"违法内容：驾驶中型及以上载货汽车在城市 快速路上倒车的
违法规定：《中华人民共和国道路交通安全法实施条例 》第 八十二条第一项 、第八十五条第一款（具体法条 条款同上）
法律条文：《中华人民共和国道路交通安全法 》第九十条（具体法条条款同上）
违法记分数：12
罚款最小值：20
罚款最大值：200
罚款默认值（指导基准）：180
暂扣：
吊销：
拘留最小：0
拘留最大：0
拘留默认值（指导基准）：0
警告标记：可警告",由《自治区道路交通违法行为行政处罚裁量权基准》17333号违法行为行结构化导入，待另一管理员复核后发布。
17334驾驶中型及以上载客汽车 、危险 物品运输车辆 、校车在城市快速 路上倒车的,新公规〔2025〕1号,,新疆维吾尔自治区公安厅,local,traffic,REGIONAL,650000:新疆维吾尔自治区,交通违法裁量基准|在城市快速路上倒车|危险品运输车|校车|罚款|可警告,https://gat.xinjiang.gov.cn/gat/gawj/202503/3936ce139b084a9082a72c5bb554942d.shtml,2025-03-11,2025-04-15,,自2025年4月15日起施行，有效期五年；发生交通事故、吊销或拘留以及警告适用条件以文件统一说明和具体执法事实为准。,2026-08-08,30,,新疆道路交通违法行为代码17334的行政处罚裁量基准，违法描述为“在城市快速 路上倒车的”，适用于“驾驶中型及以上载客汽车 、危险 物品运输车辆 、校车在城市快速 路上倒车的”。本条仅提供官方信息索引，不生成个案处罚结论。,"违法内容：驾驶中型及以上载客汽车 、危险 物品运输车辆 、校车在城市快速 路上倒车的
违法规定：《中华人民共和国道路交通安全法实施条例 》第 八十二条第一项 、第八十五条第一款（具体法条 条款同上）
法律条文：《中华人民共和国道路交通安全法 》第九十条（具体法条条款同上）
违法记分数：12
罚款最小值：20
罚款最大值：200
罚款默认值（指导基准）：180
暂扣：
吊销：
拘留最小：0
拘留最大：0
拘留默认值（指导基准）：0
警告标记：可警告",由《自治区道路交通违法行为行政处罚裁量权基准》17334号违法行为行结构化导入，待另一管理员复核后发布。
17341驾驶摩托车 、拖拉机等其他机动 车在城市快速路上逆行的,新公规〔2025〕1号,,新疆维吾尔自治区公安厅,local,traffic,REGIONAL,650000:新疆维吾尔自治区,交通违法裁量基准|在城市快速路上逆行|摩托车|拖拉机|罚款|可警告,https://gat.xinjiang.gov.cn/gat/gawj/202503/3936ce139b084a9082a72c5bb554942d.shtml,2025-03-11,2025-04-15,,自2025年4月15日起施行，有效期五年；发生交通事故、吊销或拘留以及警告适用条件以文件统一说明和具体执法事实为准。,2026-08-08,30,,新疆道路交通违法行为代码17341的行政处罚裁量基准，违法描述为“在城市快速 路上逆行的”，适用于“驾驶摩托车 、拖拉机等其他机动 车在城市快速路上逆行的”。本条仅提供官方信息索引，不生成个案处罚结论。,"违法内容：驾驶摩托车 、拖拉机等其他机动 车在城市快速路上逆行的
违法规定：《中华人民共和国道路交通安全法实施条例 》第 八十二条机动车在高速公路上行驶 ，不得有下列 行为第一项倒车 、逆行 、穿越中央分隔带掉头或 者在车道内停车 、第八十五条第一款城市快速路 的道路交通安全管理 ，参照本节的规定执行 。
法律条文：《中华人民共和国道路交通安全法 》第九十条机动车驾驶 人违反道路交通安全法律 、法规关于道路通行规定的 ，处 警告或者二十元以上二百元以下罚款 。本法另有规定的， 依照规定处罚 。
违法记分数：12
罚款最小值：20
罚款最大值：200
罚款默认值（指导基准）：180
暂扣：
吊销：
拘留最小：0
拘留最大：0
拘留默认值（指导基准）：0
警告标记：可警告",由《自治区道路交通违法行为行政处罚裁量权基准》17341号违法行为行结构化导入，待另一管理员复核后发布。
17342驾驶小型 、微型非营运载客汽车 在城市快速路上逆行的,新公规〔2025〕1号,,新疆维吾尔自治区公安厅,local,traffic,REGIONAL,650000:新疆维吾尔自治区,交通违法裁量基准|在城市快速路上逆行|城市快速路|罚款|可警告,https://gat.xinjiang.gov.cn/gat/gawj/202503/3936ce139b084a9082a72c5bb554942d.shtml,2025-03-11,2025-04-15,,自2025年4月15日起施行，有效期五年；发生交通事故、吊销或拘留以及警告适用条件以文件统一说明和具体执法事实为准。,2026-08-08,30,,新疆道路交通违法行为代码17342的行政处罚裁量基准，违法描述为“在城市快速 路上逆行的”，适用于“驾驶小型 、微型非营运载客汽车 在城市快速路上逆行的”。本条仅提供官方信息索引，不生成个案处罚结论。,"违法内容：驾驶小型 、微型非营运载客汽车 在城市快速路上逆行的
违法规定：《中华人民共和国道路交通安全法实施条例 》第 八十二条第一项 、第八十五条第一款（具体法条 条款同上）
法律条文：《中华人民共和国道路交通安全法 》第九十条（具体法条条款同上）
违法记分数：12
罚款最小值：20
罚款最大值：200
罚款默认值（指导基准）：180
暂扣：
吊销：
拘留最小：0
拘留最大：0
拘留默认值（指导基准）：0
警告标记：可警告",由《自治区道路交通违法行为行政处罚裁量权基准》17342号违法行为行结构化导入，待另一管理员复核后发布。
17343驾驶中型及以上载货汽车在城市 快速路上逆行的,新公规〔2025〕1号,,新疆维吾尔自治区公安厅,local,traffic,REGIONAL,650000:新疆维吾尔自治区,交通违法裁量基准|在城市快速路上逆行|载货汽车|城市快速路|罚款|可警告,https://gat.xinjiang.gov.cn/gat/gawj/202503/3936ce139b084a9082a72c5bb554942d.shtml,2025-03-11,2025-04-15,,自2025年4月15日起施行，有效期五年；发生交通事故、吊销或拘留以及警告适用条件以文件统一说明和具体执法事实为准。,2026-08-08,30,,新疆道路交通违法行为代码17343的行政处罚裁量基准，违法描述为“在城市快速 路上逆行的”，适用于“驾驶中型及以上载货汽车在城市 快速路上逆行的”。本条仅提供官方信息索引，不生成个案处罚结论。,"违法内容：驾驶中型及以上载货汽车在城市 快速路上逆行的
违法规定：《中华人民共和国道路交通安全法实施条例 》第 八十二条第一项 、第八十五条第一款（具体法条 条款同上）
法律条文：《中华人民共和国道路交通安全法 》第九十条（具体法条条款同上）
违法记分数：12
罚款最小值：20
罚款最大值：200
罚款默认值（指导基准）：180
暂扣：
吊销：
拘留最小：0
拘留最大：0
拘留默认值（指导基准）：0
警告标记：可警告",由《自治区道路交通违法行为行政处罚裁量权基准》17343号违法行为行结构化导入，待另一管理员复核后发布。
17344驾驶中型及以上载客汽车 、危险 物品运输车辆 、校车在城市快速 路上逆行的,新公规〔2025〕1号,,新疆维吾尔自治区公安厅,local,traffic,REGIONAL,650000:新疆维吾尔自治区,交通违法裁量基准|在城市快速路上逆行|危险品运输车|校车|罚款|可警告,https://gat.xinjiang.gov.cn/gat/gawj/202503/3936ce139b084a9082a72c5bb554942d.shtml,2025-03-11,2025-04-15,,自2025年4月15日起施行，有效期五年；发生交通事故、吊销或拘留以及警告适用条件以文件统一说明和具体执法事实为准。,2026-08-08,30,,新疆道路交通违法行为代码17344的行政处罚裁量基准，违法描述为“在城市快速 路上逆行的”，适用于“驾驶中型及以上载客汽车 、危险 物品运输车辆 、校车在城市快速 路上逆行的”。本条仅提供官方信息索引，不生成个案处罚结论。,"违法内容：驾驶中型及以上载客汽车 、危险 物品运输车辆 、校车在城市快速 路上逆行的
违法规定：《中华人民共和国道路交通安全法实施条例 》第 八十二条第一项 、第八十五条第一款（具体法条 条款同上）
法律条文：《中华人民共和国道路交通安全法 》第九十条（具体法条条款同上）
违法记分数：12
罚款最小值：20
罚款最大值：200
罚款默认值（指导基准）：180
暂扣：
吊销：
拘留最小：0
拘留最大：0
拘留默认值（指导基准）：0
警告标记：可警告",由《自治区道路交通违法行为行政处罚裁量权基准》17344号违法行为行结构化导入，待另一管理员复核后发布。
17351驾驶摩托车 、拖拉机等其他机动 车在城市快速路上穿越中央分隔 带掉头的,新公规〔2025〕1号,,新疆维吾尔自治区公安厅,local,traffic,REGIONAL,650000:新疆维吾尔自治区,交通违法裁量基准|在城市快速路上穿越中央分隔带掉头|摩托车|拖拉机|罚款|可警告,https://gat.xinjiang.gov.cn/gat/gawj/202503/3936ce139b084a9082a72c5bb554942d.shtml,2025-03-11,2025-04-15,,自2025年4月15日起施行，有效期五年；发生交通事故、吊销或拘留以及警告适用条件以文件统一说明和具体执法事实为准。,2026-08-08,30,,新疆道路交通违法行为代码17351的行政处罚裁量基准，违法描述为“在城市快速 路上穿越中 央分隔带掉 头的”，适用于“驾驶摩托车 、拖拉机等其他机动 车在城市快速路上穿越中央分隔 带掉头的”。本条仅提供官方信息索引，不生成个案处罚结论。,"违法内容：驾驶摩托车 、拖拉机等其他机动 车在城市快速路上穿越中央分隔 带掉头的
违法规定：《中华人民共和国道路交通安全法实施条例 》第 八十二条机动车在高速公路上行驶 ，不得有下列 行为第一项倒车 、逆行 、穿越中央分隔带掉头或 者在车道内停车 、第八十五条第一款城市快速路 的道路交通安全管理 ，参照本节的规定执行 。
法律条文：《中华人民共和国道路交通安全法 》第九十条机动车驾驶 人违反道路交通安全法律 、法规关于道路通行规定的 ，处 警告或者二十元以上二百元以下罚款 。本法另有规定的， 依照规定处罚 。
违法记分数：12
罚款最小值：20
罚款最大值：200
罚款默认值（指导基准）：180
暂扣：
吊销：
拘留最小：0
拘留最大：0
拘留默认值（指导基准）：0
警告标记：可警告",由《自治区道路交通违法行为行政处罚裁量权基准》17351号违法行为行结构化导入，待另一管理员复核后发布。
17352驾驶小型 、微型非营运载客汽车 在城市快速路上穿越中央分隔带 掉头的,新公规〔2025〕1号,,新疆维吾尔自治区公安厅,local,traffic,REGIONAL,650000:新疆维吾尔自治区,交通违法裁量基准|在城市快速路上穿越中央分隔带掉|城市快速路|罚款|可警告,https://gat.xinjiang.gov.cn/gat/gawj/202503/3936ce139b084a9082a72c5bb554942d.shtml,2025-03-11,2025-04-15,,自2025年4月15日起施行，有效期五年；发生交通事故、吊销或拘留以及警告适用条件以文件统一说明和具体执法事实为准。,2026-08-08,30,,新疆道路交通违法行为代码17352的行政处罚裁量基准，违法描述为“在城市快速 路上穿越中 央分隔带掉”，适用于“驾驶小型 、微型非营运载客汽车 在城市快速路上穿越中央分隔带 掉头的”。本条仅提供官方信息索引，不生成个案处罚结论。,"违法内容：驾驶小型 、微型非营运载客汽车 在城市快速路上穿越中央分隔带 掉头的
违法规定：《中华人民共和国道路交通安全法实施条例 》第 八十二条第一项 、第八十五条第一款（具体法条 条款同上）
法律条文：《中华人民共和国道路交通安全法 》第九十条（具体法条条款同上）
违法记分数：12
罚款最小值：20
罚款最大值：200
罚款默认值（指导基准）：180
暂扣：
吊销：
拘留最小：0
拘留最大：0
拘留默认值（指导基准）：0
警告标记：可警告",由《自治区道路交通违法行为行政处罚裁量权基准》17352号违法行为行结构化导入，待另一管理员复核后发布。
17353驾驶中型及以上载货汽车在城市 快速路上穿越中央分隔带掉头的,新公规〔2025〕1号,,新疆维吾尔自治区公安厅,local,traffic,REGIONAL,650000:新疆维吾尔自治区,交通违法裁量基准|在城头市的快速路上穿越中央分隔带掉|载货汽车|城市快速路|罚款|可警告,https://gat.xinjiang.gov.cn/gat/gawj/202503/3936ce139b084a9082a72c5bb554942d.shtml,2025-03-11,2025-04-15,,自2025年4月15日起施行，有效期五年；发生交通事故、吊销或拘留以及警告适用条件以文件统一说明和具体执法事实为准。,2026-08-08,30,,新疆道路交通违法行为代码17353的行政处罚裁量基准，违法描述为“在城头市的快速 路上穿越中 央分隔带掉”，适用于“驾驶中型及以上载货汽车在城市 快速路上穿越中央分隔带掉头的”。本条仅提供官方信息索引，不生成个案处罚结论。,"违法内容：驾驶中型及以上载货汽车在城市 快速路上穿越中央分隔带掉头的
违法规定：《中华人民共和国道路交通安全法实施条例 》第 八十二条第一项 、第八十五条第一款（具体法条 条款同上）
法律条文：《中华人民共和国道路交通安全法 》第九十条（具体法条条款同上）
违法记分数：12
罚款最小值：20
罚款最大值：200
罚款默认值（指导基准）：180
暂扣：
吊销：
拘留最小：0
拘留最大：0
拘留默认值（指导基准）：0
警告标记：可警告",由《自治区道路交通违法行为行政处罚裁量权基准》17353号违法行为行结构化导入，待另一管理员复核后发布。
17354驾驶中型及以上载客汽车 、危险 物品运输车辆 、校车在城市快速 路上穿越中央分隔带掉头的,新公规〔2025〕1号,,新疆维吾尔自治区公安厅,local,traffic,REGIONAL,650000:新疆维吾尔自治区,交通违法裁量基准|在城头市的快速路上穿越中央分隔带掉|危险品运输车|校车|罚款|可警告,https://gat.xinjiang.gov.cn/gat/gawj/202503/3936ce139b084a9082a72c5bb554942d.shtml,2025-03-11,2025-04-15,,自2025年4月15日起施行，有效期五年；发生交通事故、吊销或拘留以及警告适用条件以文件统一说明和具体执法事实为准。,2026-08-08,30,,新疆道路交通违法行为代码17354的行政处罚裁量基准，违法描述为“在城头市的快速 路上穿越中 央分隔带掉”，适用于“驾驶中型及以上载客汽车 、危险 物品运输车辆 、校车在城市快速 路上穿越中央分隔带掉头的”。本条仅提供官方信息索引，不生成个案处罚结论。,"违法内容：驾驶中型及以上载客汽车 、危险 物品运输车辆 、校车在城市快速 路上穿越中央分隔带掉头的
违法规定：《中华人民共和国道路交通安全法实施条例 》第 八十二条第一项 、第八十五条第一款（具体法条 条款同上）
法律条文：《中华人民共和国道路交通安全法 》第九十条（具体法条条款同上）
违法记分数：12
罚款最小值：20
罚款最大值：200
罚款默认值（指导基准）：180
暂扣：
吊销：
拘留最小：0
拘留最大：0
拘留默认值（指导基准）：0
警告标记：可警告",由《自治区道路交通违法行为行政处罚裁量权基准》17354号违法行为行结构化导入，待另一管理员复核后发布。
19011驾驶与驾驶证载明的准驾车型不 符的非营运车辆的,新公规〔2025〕1号,,新疆维吾尔自治区公安厅,local,traffic,REGIONAL,650000:新疆维吾尔自治区,交通违法裁量基准|头的准驾不符|罚款|行政拘留,https://gat.xinjiang.gov.cn/gat/gawj/202503/3936ce139b084a9082a72c5bb554942d.shtml,2025-03-11,2025-04-15,,自2025年4月15日起施行，有效期五年；发生交通事故、吊销或拘留以及警告适用条件以文件统一说明和具体执法事实为准。,2026-08-08,30,,新疆道路交通违法行为代码19011的行政处罚裁量基准，违法描述为“头的 准驾不符”，适用于“驾驶与驾驶证载明的准驾车型不 符的非营运车辆的”。本条仅提供官方信息索引，不生成个案处罚结论。,"违法内容：驾驶与驾驶证载明的准驾车型不 符的非营运车辆的
违法规定：《中华人民共和国道路交通安全法 》第十九条第 四款驾驶人应当按照驾驶证载明的准驾车型驾驶 机动车； 驾驶机动车时 ，应当随身携带机动车驾 驶证。
法律条文：《中华人民共和国道路交通安全法 》第九十九条第一款有 下列行为之一的 ， 由公安机关交通管理部门处二百元以上 二千元以下罚款第一项未取得机动车驾驶证 、机动车驾驶 证被吊销或者机动车驾驶证被暂扣期间驾驶机动车的 、第 二款行为人有前款第二项 、第四项情形之一的 ，可以并处 吊销机动车驾驶证 ；有第一项 、第三项 、第五项至第八项 情形之一的 ，可以并处十五日以下拘留 ，《新疆维吾尔自 治区实施〈道路交通安全法 〉办法》第八十五第一款未取 得机动车驾驶证 、机动车驾驶证被吊销或者被暂扣期间驾 驶机动车 ，或者将机动车交由未取得机动车驾驶证 、机动 车驾驶证被吊销或者被暂扣期间的人驾驶的 ，按照以下规 定处罚：第二项驾驶非营运客车的 ，处1500元罚款 、第二 款驾驶与驾驶证载明的准驾车型不相符合的车辆的 ，按未 取得机动车驾驶证给予处罚 。
违法记分数：9
罚款最小值：200
罚款最大值：2000
罚款默认值（指导基准）：1500
暂扣：
吊销：
拘留最小：0
拘留最大：15
拘留默认值（指导基准）：5
警告标记：不可 警告",由《自治区道路交通违法行为行政处罚裁量权基准》19011号违法行为行结构化导入，待另一管理员复核后发布。
19012驾驶与驾驶证载明的准驾车型不符的载货汽车,新公规〔2025〕1号,,新疆维吾尔自治区公安厅,local,traffic,REGIONAL,650000:新疆维吾尔自治区,交通违法裁量基准|准驾不符|载货汽车|罚款|行政拘留,https://gat.xinjiang.gov.cn/gat/gawj/202503/3936ce139b084a9082a72c5bb554942d.shtml,2025-03-11,2025-04-15,,自2025年4月15日起施行，有效期五年；发生交通事故、吊销或拘留以及警告适用条件以文件统一说明和具体执法事实为准。,2026-08-08,30,,新疆道路交通违法行为代码19012的行政处罚裁量基准，违法描述为“准驾不符”，适用于“驾驶与驾驶证载明的准驾车型不符的载货汽车”。本条仅提供官方信息索引，不生成个案处罚结论。,"违法内容：驾驶与驾驶证载明的准驾车型不符的载货汽车
违法规定：《中华人民共和国道路交通安全法 》第十九条第 四款（具体法条条款同上 ）
法律条文：《中华人民共和国道路交通安全法 》第九十九条第一款有 下列行为之一的 ， 由公安机关交通管理部门处二百元以上 二千元以下罚款第一项未取得机动车驾驶证 、机动车驾驶 证被吊销或者机动车驾驶证被暂扣期间驾驶机动车的 、第 二款行为人有前款第二项 、第四项情形之一的 ，可以并处 吊销机动车驾驶证 ；有第一项 、第三项 、第五项至第八项 情形之一的 ，可以并处十五日以下拘留 ，《新疆维吾尔自 治区实施〈道路交通安全法 〉办法》第八十五第一款未取 得机动车驾驶证 、机动车驾驶证被吊销或者被暂扣期间驾 驶机动车 ，或者将机动车交由未取得机动车驾驶证 、机动 车驾驶证被吊销或者被暂扣期间的人驾驶的 ，按照以下规 定处罚：第三项驾驶载货汽车的 ，处1000元罚款 、第二款 驾驶与驾驶证载明的准驾车型不相符合的车辆的 ，按未取 得机动车驾驶证给予处罚 。
违法记分数：9
罚款最小值：200
罚款最大值：2000
罚款默认值（指导基准）：1000
暂扣：
吊销：
拘留最小：0
拘留最大：15
拘留默认值（指导基准）：7
警告标记：不可 警告",由《自治区道路交通违法行为行政处罚裁量权基准》19012号违法行为行结构化导入，待另一管理员复核后发布。
19013驾驶与驾驶证载明的准驾车型不 符的拖拉机 、摩托车等其他机动 车的,新公规〔2025〕1号,,新疆维吾尔自治区公安厅,local,traffic,REGIONAL,650000:新疆维吾尔自治区,交通违法裁量基准|准驾不符|摩托车|拖拉机|罚款|行政拘留,https://gat.xinjiang.gov.cn/gat/gawj/202503/3936ce139b084a9082a72c5bb554942d.shtml,2025-03-11,2025-04-15,,自2025年4月15日起施行，有效期五年；发生交通事故、吊销或拘留以及警告适用条件以文件统一说明和具体执法事实为准。,2026-08-08,30,,新疆道路交通违法行为代码19013的行政处罚裁量基准，违法描述为“准驾不符”，适用于“驾驶与驾驶证载明的准驾车型不 符的拖拉机 、摩托车等其他机动 车的”。本条仅提供官方信息索引，不生成个案处罚结论。,"违法内容：驾驶与驾驶证载明的准驾车型不 符的拖拉机 、摩托车等其他机动 车的
违法规定：《中华人民共和国道路交通安全法 》第十九条第 四款（具体法条条款同上 ）
法律条文：《中华人民共和国道路交通安全法 》第九十九条第一款有 下列行为之一的 ， 由公安机关交通管理部门处二百元以上 二千元以下罚款第一项未取得机动车驾驶证 、机动车驾驶 证被吊销或者机动车驾驶证被暂扣期间驾驶机动车的 、第 二款行为人有前款第二项 、第四项情形之一的 ，可以并处 吊销机动车驾驶证 ；有第一项 、第三项 、第五项至第八项 情形之一的 ，可以并处十五日以下拘留 ，《新疆维吾尔自 治区实施〈道路交通安全法 〉办法》第八十五第一款未取 得机动车驾驶证 、机动车驾驶证被吊销或者被暂扣期间驾 驶机动车 ，或者将机动车交由未取得机动车驾驶证 、机动 车驾驶证被吊销或者被暂扣期间的人驾驶的 ，按照以下规 定处罚：第四项驾驶载货汽车的 ，处200元罚款 、第二款 驾驶与驾驶证载明的准驾车型不相符合的车辆的 ，按未取 得机动车驾驶证给予处罚 。
违法记分数：9
罚款最小值：200
罚款最大值：2000
罚款默认值（指导基准）：200
暂扣：
吊销：
拘留最小：0
拘留最大：15
拘留默认值（指导基准）：3
警告标记：不可 警告",由《自治区道路交通违法行为行政处罚裁量权基准》19013号违法行为行结构化导入，待另一管理员复核后发布。
19014驾驶与驾驶证载明的准驾车型不符的营运客车,新公规〔2025〕1号,,新疆维吾尔自治区公安厅,local,traffic,REGIONAL,650000:新疆维吾尔自治区,交通违法裁量基准|准驾不符|营运客车|罚款|行政拘留,https://gat.xinjiang.gov.cn/gat/gawj/202503/3936ce139b084a9082a72c5bb554942d.shtml,2025-03-11,2025-04-15,,自2025年4月15日起施行，有效期五年；发生交通事故、吊销或拘留以及警告适用条件以文件统一说明和具体执法事实为准。,2026-08-08,30,,新疆道路交通违法行为代码19014的行政处罚裁量基准，违法描述为“准驾不符”，适用于“驾驶与驾驶证载明的准驾车型不符的营运客车”。本条仅提供官方信息索引，不生成个案处罚结论。,"违法内容：驾驶与驾驶证载明的准驾车型不符的营运客车
违法规定：《中华人民共和国道路交通安全法 》第十九条第 四款（具体法条条款同上 ）
法律条文：《中华人民共和国道路交通安全法 》第九十九条第一款有 下列行为之一的 ， 由公安机关交通管理部门处二百元以上 二千元以下罚款第一项未取得机动车驾驶证 、机动车驾驶 证被吊销或者机动车驾驶证被暂扣期间驾驶机动车的 、第 二款行为人有前款第二项 、第四项情形之一的 ，可以并处 吊销机动车驾驶证 ；有第一项 、第三项 、第五项至第八项 情形之一的 ，可以并处十五日以下拘留 ，《新疆维吾尔自 治区实施〈道路交通安全法 〉办法》第八十五第一款未取 得机动车驾驶证 、机动车驾驶证被吊销或者被暂扣期间驾 驶机动车 ，或者将机动车交由未取得机动车驾驶证 、机动 车驾驶证被吊销或者被暂扣期间的人驾驶的 ，按照以下规 定处罚：（一）驾驶营运客车的 ，处2000元罚款； 、第二 款驾驶与驾驶证载明的准驾车型不相符合的车辆的 ，按未 取得机动车驾驶证给予处罚 。
违法记分数：9
罚款最小值：200
罚款最大值：2000
罚款默认值（指导基准）：2000
暂扣：
吊销：
拘留最小：0
拘留最大：15
拘留默认值（指导基准）：10
警告标记：不可 警告",由《自治区道路交通违法行为行政处罚裁量权基准》19014号违法行为行结构化导入，待另一管理员复核后发布。
19021驾驶未悬挂机动车号牌的摩托车 、拖拉机等其他机动车上道路行 驶的,新公规〔2025〕1号,,新疆维吾尔自治区公安厅,local,traffic,REGIONAL,650000:新疆维吾尔自治区,交通违法裁量基准|未悬挂机动车号牌|摩托车|拖拉机|罚款|可警告,https://gat.xinjiang.gov.cn/gat/gawj/202503/3936ce139b084a9082a72c5bb554942d.shtml,2025-03-11,2025-04-15,,自2025年4月15日起施行，有效期五年；发生交通事故、吊销或拘留以及警告适用条件以文件统一说明和具体执法事实为准。,2026-08-08,30,,新疆道路交通违法行为代码19021的行政处罚裁量基准，违法描述为“上道路行驶 的机动车未 悬挂机动车 号牌的”，适用于“驾驶未悬挂机动车号牌的摩托车 、拖拉机等其他机动车上道路行 驶的”。本条仅提供官方信息索引，不生成个案处罚结论。,"违法内容：驾驶未悬挂机动车号牌的摩托车 、拖拉机等其他机动车上道路行 驶的
违法规定：《中华人民共和国道路交通安全法 》第十一条第 一款驾驶机动车上道路行驶 ，应当悬挂机动车号 牌 ，放置检验合格标志 、保险标志 ，并随车携带 机动车行驶证。
法律条文：《中华人民共和国道路交通安全法 》第九十五条第一款上 道路行驶的机动车未悬挂机动车号牌 ，未放置检验合格标 志 、保险标志 ，或者未随车携带行驶证 、驾驶证的 ，公安 机关交通管理部门应当扣留机动车 ，通知当事人提供相应 的牌证 、标志或者补办相应手续 ，并可以依照本法第九十 条的规定予以处罚 。 当事人提供相应的牌证 、标志或者补 办相应手续的 ，应当及时退还机动车 、第九十条机动车驾 驶人违反道路交通安全法律 、法规关于道路通行规定的 ， 处警告或者二十元以上二百元以下罚款 。本法另有规定 的 ，依照规定处罚。
违法记分数：9
罚款最小值：20
罚款最大值：200
罚款默认值（指导基准）：180
暂扣：
吊销：
拘留最小：0
拘留最大：0
拘留默认值（指导基准）：0
警告标记：可警告",由《自治区道路交通违法行为行政处罚裁量权基准》19021号违法行为行结构化导入，待另一管理员复核后发布。
19022驾驶未悬挂机动车号牌的小型 、 微型非营运载客汽车上道路行驶 的,新公规〔2025〕1号,,新疆维吾尔自治区公安厅,local,traffic,REGIONAL,650000:新疆维吾尔自治区,交通违法裁量基准|未悬挂机动车号牌|罚款|可警告,https://gat.xinjiang.gov.cn/gat/gawj/202503/3936ce139b084a9082a72c5bb554942d.shtml,2025-03-11,2025-04-15,,自2025年4月15日起施行，有效期五年；发生交通事故、吊销或拘留以及警告适用条件以文件统一说明和具体执法事实为准。,2026-08-08,30,,新疆道路交通违法行为代码19022的行政处罚裁量基准，违法描述为“上道路行驶 的机动车未 悬挂机动车”，适用于“驾驶未悬挂机动车号牌的小型 、 微型非营运载客汽车上道路行驶 的”。本条仅提供官方信息索引，不生成个案处罚结论。,"违法内容：驾驶未悬挂机动车号牌的小型 、 微型非营运载客汽车上道路行驶 的
违法规定：《中华人民共和国道路交通安全法 》第十一条第 一款（具体法条条款同上 ）
法律条文：《中华人民共和国道路交通安全法 》第九十五条第一款 、 第九十条（具体法条条款同上 ）
违法记分数：9
罚款最小值：20
罚款最大值：200
罚款默认值（指导基准）：180
暂扣：
吊销：
拘留最小：0
拘留最大：0
拘留默认值（指导基准）：0
警告标记：可警告",由《自治区道路交通违法行为行政处罚裁量权基准》19022号违法行为行结构化导入，待另一管理员复核后发布。
19023驾驶未悬挂机动车号牌的中型及 以上载货汽车上道路行驶的,新公规〔2025〕1号,,新疆维吾尔自治区公安厅,local,traffic,REGIONAL,650000:新疆维吾尔自治区,交通违法裁量基准|未悬挂机动车号牌|载货汽车|罚款|可警告,https://gat.xinjiang.gov.cn/gat/gawj/202503/3936ce139b084a9082a72c5bb554942d.shtml,2025-03-11,2025-04-15,,自2025年4月15日起施行，有效期五年；发生交通事故、吊销或拘留以及警告适用条件以文件统一说明和具体执法事实为准。,2026-08-08,30,,新疆道路交通违法行为代码19023的行政处罚裁量基准，违法描述为“上 驶 的机动车未 悬挂机动车”，适用于“驾驶未悬挂机动车号牌的中型及 以上载货汽车上道路行驶的”。本条仅提供官方信息索引，不生成个案处罚结论。,"违法内容：驾驶未悬挂机动车号牌的中型及 以上载货汽车上道路行驶的
违法规定：《中华人民共和国道路交通安全法 》第十一条第 一款（具体法条条款同上 ）
法律条文：《中华人民共和国道路交通安全法 》第九十五条第一款 、 第九十条（具体法条条款同上 ）
违法记分数：9
罚款最小值：20
罚款最大值：200
罚款默认值（指导基准）：180
暂扣：
吊销：
拘留最小：0
拘留最大：0
拘留默认值（指导基准）：0
警告标记：可警告",由《自治区道路交通违法行为行政处罚裁量权基准》19023号违法行为行结构化导入，待另一管理员复核后发布。
19024驾驶未悬挂机动车号牌的中型及 以上载客汽车 、危险物品运输车 辆 、校车上道路行驶的,新公规〔2025〕1号,,新疆维吾尔自治区公安厅,local,traffic,REGIONAL,650000:新疆维吾尔自治区,交通违法裁量基准|未悬挂机动车号牌|危险品运输车|校车|罚款|可警告,https://gat.xinjiang.gov.cn/gat/gawj/202503/3936ce139b084a9082a72c5bb554942d.shtml,2025-03-11,2025-04-15,,自2025年4月15日起施行，有效期五年；发生交通事故、吊销或拘留以及警告适用条件以文件统一说明和具体执法事实为准。,2026-08-08,30,,新疆道路交通违法行为代码19024的行政处罚裁量基准，违法描述为“上 驶 的机动车未 悬挂机动车”，适用于“驾驶未悬挂机动车号牌的中型及 以上载客汽车 、危险物品运输车 辆 、校车上道路行驶的”。本条仅提供官方信息索引，不生成个案处罚结论。,"违法内容：驾驶未悬挂机动车号牌的中型及 以上载客汽车 、危险物品运输车 辆 、校车上道路行驶的
违法规定：《中华人民共和国道路交通安全法 》第十一条第 一款（具体法条条款同上 ）
法律条文：《中华人民共和国道路交通安全法 》第九十五条第一款 、 第九十条（具体法条条款同上 ）
违法记分数：9
罚款最小值：20
罚款最大值：200
罚款默认值（指导基准）：180
暂扣：
吊销：
拘留最小：0
拘留最大：0
拘留默认值（指导基准）：0
警告标记：可警告",由《自治区道路交通违法行为行政处罚裁量权基准》19024号违法行为行结构化导入，待另一管理员复核后发布。
19031驾驶故意遮挡机动车号牌的摩托 车、拖拉机等其他机动车上道路 行驶的,新公规〔2025〕1号,,新疆维吾尔自治区公安厅,local,traffic,REGIONAL,650000:新疆维吾尔自治区,交通违法裁量基准|号牌的故意遮挡机动车号牌|摩托车|拖拉机|罚款|可警告,https://gat.xinjiang.gov.cn/gat/gawj/202503/3936ce139b084a9082a72c5bb554942d.shtml,2025-03-11,2025-04-15,,自2025年4月15日起施行，有效期五年；发生交通事故、吊销或拘留以及警告适用条件以文件统一说明和具体执法事实为准。,2026-08-08,30,,新疆道路交通违法行为代码19031的行政处罚裁量基准，违法描述为“号牌的 故意遮挡机 动车号牌的”，适用于“驾驶故意遮挡机动车号牌的摩托 车、拖拉机等其他机动车上道路 行驶的”。本条仅提供官方信息索引，不生成个案处罚结论。,"违法内容：驾驶故意遮挡机动车号牌的摩托 车、拖拉机等其他机动车上道路 行驶的
违法规定：《中华人民共和国道路交通安全法 》第十一条第 二款机动车号牌应当按照规定悬挂并保持清晰 、 完整 ，不得故意遮挡 、污损。
法律条文：《中华人民共和国道路交通安全法 》第九十五条第一款上 道路行驶的机动车未悬挂机动车号牌 ，未放置检验合格标 志 、保险标志 ，或者未随车携带行驶证 、驾驶证的 ，公安 机关交通管理部门应当扣留机动车 ，通知当事人提供相应 的牌证 、标志或者补办相应手续 ，并可以依照本法第九十 条的规定予以处罚 。 当事人提供相应的牌证 、标志或者补 办相应手续的 ，应当及时退还机动车 、第九十条机动车驾 驶人违反道路交通安全法律 、法规关于道路通行规定的 ， 处警告或者二十元以上二百元以下罚款 。本法另有规定 的 ，依照规定处罚。
违法记分数：9
罚款最小值：20
罚款最大值：200
罚款默认值（指导基准）：180
暂扣：
吊销：
拘留最小：0
拘留最大：0
拘留默认值（指导基准）：0
警告标记：可警告",由《自治区道路交通违法行为行政处罚裁量权基准》19031号违法行为行结构化导入，待另一管理员复核后发布。
19032驾驶故意遮挡机动车号牌的小型 、微型非营运载客汽车上道路行,新公规〔2025〕1号,,新疆维吾尔自治区公安厅,local,traffic,REGIONAL,650000:新疆维吾尔自治区,交通违法裁量基准|故意遮挡机动车号牌|罚款|可警告,https://gat.xinjiang.gov.cn/gat/gawj/202503/3936ce139b084a9082a72c5bb554942d.shtml,2025-03-11,2025-04-15,,自2025年4月15日起施行，有效期五年；发生交通事故、吊销或拘留以及警告适用条件以文件统一说明和具体执法事实为准。,2026-08-08,30,,新疆道路交通违法行为代码19032的行政处罚裁量基准，违法描述为“故意遮挡机 动车号牌的”，适用于“驾驶故意遮挡机动车号牌的小型 、微型非营运载客汽车上道路行”。本条仅提供官方信息索引，不生成个案处罚结论。,"违法内容：驾驶故意遮挡机动车号牌的小型 、微型非营运载客汽车上道路行
违法规定：《中华人民共和国道路交通安全法 》第十一条第 二款（具体法条条款同上 ）
法律条文：《中华人民共和国道路交通安全法 》第九十五条第一款 、 第九十条（具体法条条款同上 ）
违法记分数：9
罚款最小值：20
罚款最大值：200
罚款默认值（指导基准）：180
暂扣：
吊销：
拘留最小：0
拘留最大：0
拘留默认值（指导基准）：0
警告标记：可警告",由《自治区道路交通违法行为行政处罚裁量权基准》19032号违法行为行结构化导入，待另一管理员复核后发布。
19033驾驶故意遮挡机动车号牌的中型 及以上载货汽车上道路行驶的,新公规〔2025〕1号,,新疆维吾尔自治区公安厅,local,traffic,REGIONAL,650000:新疆维吾尔自治区,交通违法裁量基准|故意遮挡机动车号牌|载货汽车|罚款|可警告,https://gat.xinjiang.gov.cn/gat/gawj/202503/3936ce139b084a9082a72c5bb554942d.shtml,2025-03-11,2025-04-15,,自2025年4月15日起施行，有效期五年；发生交通事故、吊销或拘留以及警告适用条件以文件统一说明和具体执法事实为准。,2026-08-08,30,,新疆道路交通违法行为代码19033的行政处罚裁量基准，违法描述为“故意遮挡机 动车号牌的”，适用于“驾驶故意遮挡机动车号牌的中型 及以上载货汽车上道路行驶的”。本条仅提供官方信息索引，不生成个案处罚结论。,"违法内容：驾驶故意遮挡机动车号牌的中型 及以上载货汽车上道路行驶的
违法规定：《中华人民共和国道路交通安全法 》第十一条第 二款（具体法条条款同上 ）
法律条文：《中华人民共和国道路交通安全法 》第九十五条第一款 、 第九十条（具体法条条款同上 ）
违法记分数：9
罚款最小值：20
罚款最大值：200
罚款默认值（指导基准）：180
暂扣：
吊销：
拘留最小：0
拘留最大：0
拘留默认值（指导基准）：0
警告标记：可警告",由《自治区道路交通违法行为行政处罚裁量权基准》19033号违法行为行结构化导入，待另一管理员复核后发布。
19034驾驶故意遮挡机动车号牌的中型 及以上载客汽车 、危险物品运输 车辆 、校车上道路行驶的,新公规〔2025〕1号,,新疆维吾尔自治区公安厅,local,traffic,REGIONAL,650000:新疆维吾尔自治区,交通违法裁量基准|故意遮挡机动车号牌|危险品运输车|校车|罚款|可警告,https://gat.xinjiang.gov.cn/gat/gawj/202503/3936ce139b084a9082a72c5bb554942d.shtml,2025-03-11,2025-04-15,,自2025年4月15日起施行，有效期五年；发生交通事故、吊销或拘留以及警告适用条件以文件统一说明和具体执法事实为准。,2026-08-08,30,,新疆道路交通违法行为代码19034的行政处罚裁量基准，违法描述为“故意遮挡机 动车号牌的”，适用于“驾驶故意遮挡机动车号牌的中型 及以上载客汽车 、危险物品运输 车辆 、校车上道路行驶的”。本条仅提供官方信息索引，不生成个案处罚结论。,"违法内容：驾驶故意遮挡机动车号牌的中型 及以上载客汽车 、危险物品运输 车辆 、校车上道路行驶的
违法规定：《中华人民共和国道路交通安全法 》第十一条第 二款（具体法条条款同上 ）
法律条文：《中华人民共和国道路交通安全法 》第九十五条第一款 、 第九十条（具体法条条款同上 ）
违法记分数：9
罚款最小值：20
罚款最大值：200
罚款默认值（指导基准）：180
暂扣：
吊销：
拘留最小：0
拘留最大：0
拘留默认值（指导基准）：0
警告标记：可警告",由《自治区道路交通违法行为行政处罚裁量权基准》19034号违法行为行结构化导入，待另一管理员复核后发布。
19041驾驶故意污损机动车号牌的摩托 车、拖拉机等其他机动车上道路 行驶的,新公规〔2025〕1号,,新疆维吾尔自治区公安厅,local,traffic,REGIONAL,650000:新疆维吾尔自治区,交通违法裁量基准|故意污损机动车号牌|摩托车|拖拉机|罚款|可警告,https://gat.xinjiang.gov.cn/gat/gawj/202503/3936ce139b084a9082a72c5bb554942d.shtml,2025-03-11,2025-04-15,,自2025年4月15日起施行，有效期五年；发生交通事故、吊销或拘留以及警告适用条件以文件统一说明和具体执法事实为准。,2026-08-08,30,,新疆道路交通违法行为代码19041的行政处罚裁量基准，违法描述为“故意污损机 动车号牌的”，适用于“驾驶故意污损机动车号牌的摩托 车、拖拉机等其他机动车上道路 行驶的”。本条仅提供官方信息索引，不生成个案处罚结论。,"违法内容：驾驶故意污损机动车号牌的摩托 车、拖拉机等其他机动车上道路 行驶的
违法规定：《中华人民共和国道路交通安全法 》第十一条第 二款机动车号牌应当按照规定悬挂并保持清晰 、 完整 ，不得故意遮挡 、污损。
法律条文：《中华人民共和国道路交通安全法 》第九十五条第一款上 道路行驶的机动车未悬挂机动车号牌 ，未放置检验合格标 志 、保险标志 ，或者未随车携带行驶证 、驾驶证的 ，公安 机关交通管理部门应当扣留机动车 ，通知当事人提供相应 的牌证 、标志或者补办相应手续 ，并可以依照本法第九十 条的规定予以处罚 。 当事人提供相应的牌证 、标志或者补 办相应手续的 ，应当及时退还机动车 、第九十条机动车驾 驶人违反道路交通安全法律 、法规关于道路通行规定的 ， 处警告或者二十元以上二百元以下罚款 。本法另有规定 的 ，依照规定处罚。
违法记分数：9
罚款最小值：20
罚款最大值：200
罚款默认值（指导基准）：180
暂扣：
吊销：
拘留最小：0
拘留最大：0
拘留默认值（指导基准）：0
警告标记：可警告",由《自治区道路交通违法行为行政处罚裁量权基准》19041号违法行为行结构化导入，待另一管理员复核后发布。
19042驾驶故意污损机动车号牌的小型 、微型非营运载客汽车上道路行,新公规〔2025〕1号,,新疆维吾尔自治区公安厅,local,traffic,REGIONAL,650000:新疆维吾尔自治区,交通违法裁量基准|故意污损机动车号牌|罚款|可警告,https://gat.xinjiang.gov.cn/gat/gawj/202503/3936ce139b084a9082a72c5bb554942d.shtml,2025-03-11,2025-04-15,,自2025年4月15日起施行，有效期五年；发生交通事故、吊销或拘留以及警告适用条件以文件统一说明和具体执法事实为准。,2026-08-08,30,,新疆道路交通违法行为代码19042的行政处罚裁量基准，违法描述为“故意污损机 动车号牌的”，适用于“驾驶故意污损机动车号牌的小型 、微型非营运载客汽车上道路行”。本条仅提供官方信息索引，不生成个案处罚结论。,"违法内容：驾驶故意污损机动车号牌的小型 、微型非营运载客汽车上道路行
违法规定：《中华人民共和国道路交通安全法 》第十一条第 二款（具体法条条款同上 ）
法律条文：《中华人民共和国道路交通安全法 》第九十五条第一款 、 第九十条（具体法条条款同上 ）
违法记分数：9
罚款最小值：20
罚款最大值：200
罚款默认值（指导基准）：180
暂扣：
吊销：
拘留最小：0
拘留最大：0
拘留默认值（指导基准）：0
警告标记：可警告",由《自治区道路交通违法行为行政处罚裁量权基准》19042号违法行为行结构化导入，待另一管理员复核后发布。
19043驾驶故意污损机动车号牌的中型 及以上载货汽车上道路行驶的,新公规〔2025〕1号,,新疆维吾尔自治区公安厅,local,traffic,REGIONAL,650000:新疆维吾尔自治区,交通违法裁量基准|故意污损机动车号牌|载货汽车|罚款|可警告,https://gat.xinjiang.gov.cn/gat/gawj/202503/3936ce139b084a9082a72c5bb554942d.shtml,2025-03-11,2025-04-15,,自2025年4月15日起施行，有效期五年；发生交通事故、吊销或拘留以及警告适用条件以文件统一说明和具体执法事实为准。,2026-08-08,30,,新疆道路交通违法行为代码19043的行政处罚裁量基准，违法描述为“故意污损机 动车号牌的”，适用于“驾驶故意污损机动车号牌的中型 及以上载货汽车上道路行驶的”。本条仅提供官方信息索引，不生成个案处罚结论。,"违法内容：驾驶故意污损机动车号牌的中型 及以上载货汽车上道路行驶的
违法规定：《中华人民共和国道路交通安全法 》第十一条第 二款（具体法条条款同上 ）
法律条文：《中华人民共和国道路交通安全法 》第九十五条第一款 、 第九十条（具体法条条款同上 ）
违法记分数：9
罚款最小值：20
罚款最大值：200
罚款默认值（指导基准）：180
暂扣：
吊销：
拘留最小：0
拘留最大：0
拘留默认值（指导基准）：0
警告标记：可警告",由《自治区道路交通违法行为行政处罚裁量权基准》19043号违法行为行结构化导入，待另一管理员复核后发布。
19044驾驶故意污损机动车号牌的中型 及以上载客汽车 、危险物品运输 车辆 、校车上道路行驶的,新公规〔2025〕1号,,新疆维吾尔自治区公安厅,local,traffic,REGIONAL,650000:新疆维吾尔自治区,交通违法裁量基准|故意污损机动车号牌|危险品运输车|校车|罚款|可警告,https://gat.xinjiang.gov.cn/gat/gawj/202503/3936ce139b084a9082a72c5bb554942d.shtml,2025-03-11,2025-04-15,,自2025年4月15日起施行，有效期五年；发生交通事故、吊销或拘留以及警告适用条件以文件统一说明和具体执法事实为准。,2026-08-08,30,,新疆道路交通违法行为代码19044的行政处罚裁量基准，违法描述为“故意污损机 动车号牌的”，适用于“驾驶故意污损机动车号牌的中型 及以上载客汽车 、危险物品运输 车辆 、校车上道路行驶的”。本条仅提供官方信息索引，不生成个案处罚结论。,"违法内容：驾驶故意污损机动车号牌的中型 及以上载客汽车 、危险物品运输 车辆 、校车上道路行驶的
违法规定：《中华人民共和国道路交通安全法 》第十一条第 二款（具体法条条款同上 ）
法律条文：《中华人民共和国道路交通安全法 》第九十五条第一款 、 第九十条（具体法条条款同上 ）
违法记分数：9
罚款最小值：20
罚款最大值：200
罚款默认值（指导基准）：180
暂扣：
吊销：
拘留最小：0
拘留最大：0
拘留默认值（指导基准）：0
警告标记：可警告",由《自治区道路交通违法行为行政处罚裁量权基准》19044号违法行为行结构化导入，待另一管理员复核后发布。
19051驾驶摩托车 、拖拉机等其他机动 车在城市快速路行车道上违法停 车的,新公规〔2025〕1号,,新疆维吾尔自治区公安厅,local,traffic,REGIONAL,650000:新疆维吾尔自治区,交通违法裁量基准|违法停车|摩托车|拖拉机|罚款|可警告,https://gat.xinjiang.gov.cn/gat/gawj/202503/3936ce139b084a9082a72c5bb554942d.shtml,2025-03-11,2025-04-15,,自2025年4月15日起施行，有效期五年；发生交通事故、吊销或拘留以及警告适用条件以文件统一说明和具体执法事实为准。,2026-08-08,30,,新疆道路交通违法行为代码19051的行政处罚裁量基准，违法描述为“驾驶机动车 在城市快速 路行车道上 违法停车的”，适用于“驾驶摩托车 、拖拉机等其他机动 车在城市快速路行车道上违法停 车的”。本条仅提供官方信息索引，不生成个案处罚结论。,"违法内容：驾驶摩托车 、拖拉机等其他机动 车在城市快速路行车道上违法停 车的
违法规定：《中华人民共和国道路交通安全法实施条例 》第 八十二条机动车在高速公路上行驶 ，不得有下列 行为：第一项倒车 、逆行 、穿越中央分隔带掉头 或者在车道内停车 、第八十五条第一款 城市快速 路的道路交通安全管理 ，参照本节的规定执行 。
法律条文：《中华人民共和国道路交通安全法 》第九十条机动车驾驶 人违反道路交通安全法律 、法规关于道路通行规定的 ，处 警告或者二十元以上二百元以下罚款 。本法另有规定的， 依照规定处罚 。
违法记分数：9
罚款最小值：20
罚款最大值：200
罚款默认值（指导基准）：180
暂扣：
吊销：
拘留最小：0
拘留最大：0
拘留默认值（指导基准）：0
警告标记：可警告",由《自治区道路交通违法行为行政处罚裁量权基准》19051号违法行为行结构化导入，待另一管理员复核后发布。
19052驾驶小型 、微型非营运载客汽车 在城市快速路行车道上违法停车 的,新公规〔2025〕1号,,新疆维吾尔自治区公安厅,local,traffic,REGIONAL,650000:新疆维吾尔自治区,交通违法裁量基准|违法停车|城市快速路|罚款|可警告,https://gat.xinjiang.gov.cn/gat/gawj/202503/3936ce139b084a9082a72c5bb554942d.shtml,2025-03-11,2025-04-15,,自2025年4月15日起施行，有效期五年；发生交通事故、吊销或拘留以及警告适用条件以文件统一说明和具体执法事实为准。,2026-08-08,30,,新疆道路交通违法行为代码19052的行政处罚裁量基准，违法描述为“驾驶机动车 在城市快速 路行车道上 违法停车的”，适用于“驾驶小型 、微型非营运载客汽车 在城市快速路行车道上违法停车 的”。本条仅提供官方信息索引，不生成个案处罚结论。,"违法内容：驾驶小型 、微型非营运载客汽车 在城市快速路行车道上违法停车 的
违法规定：《中华人民共和国道路交通安全法实施条例 》第 八十二条第一项 、第八十五条第一款（具体法条 条款同上）
法律条文：《中华人民共和国道路交通安全法 》第九十条（具体法条条款同上）
违法记分数：9
罚款最小值：20
罚款最大值：200
罚款默认值（指导基准）：180
暂扣：
吊销：
拘留最小：0
拘留最大：0
拘留默认值（指导基准）：0
警告标记：可警告",由《自治区道路交通违法行为行政处罚裁量权基准》19052号违法行为行结构化导入，待另一管理员复核后发布。
19053驾驶中型及以上载货汽车在城市 快速路行车道上违法停车的,新公规〔2025〕1号,,新疆维吾尔自治区公安厅,local,traffic,REGIONAL,650000:新疆维吾尔自治区,交通违法裁量基准|违法停车|载货汽车|城市快速路|罚款|可警告,https://gat.xinjiang.gov.cn/gat/gawj/202503/3936ce139b084a9082a72c5bb554942d.shtml,2025-03-11,2025-04-15,,自2025年4月15日起施行，有效期五年；发生交通事故、吊销或拘留以及警告适用条件以文件统一说明和具体执法事实为准。,2026-08-08,30,,新疆道路交通违法行为代码19053的行政处罚裁量基准，违法描述为“驾驶机动车 在城市快速 路行车道上 违法停车的”，适用于“驾驶中型及以上载货汽车在城市 快速路行车道上违法停车的”。本条仅提供官方信息索引，不生成个案处罚结论。,"违法内容：驾驶中型及以上载货汽车在城市 快速路行车道上违法停车的
违法规定：《中华人民共和国道路交通安全法实施条例 》第 八十二条第一项 、第八十五条第一款（具体法条 条款同上）
法律条文：《中华人民共和国道路交通安全法 》第九十条（具体法条条款同上）
违法记分数：9
罚款最小值：20
罚款最大值：200
罚款默认值（指导基准）：180
暂扣：
吊销：
拘留最小：0
拘留最大：0
拘留默认值（指导基准）：0
警告标记：可警告",由《自治区道路交通违法行为行政处罚裁量权基准》19053号违法行为行结构化导入，待另一管理员复核后发布。
19054驾驶中型及以上载客汽车 、危险 物品运输车辆 、校车在城市快速 路行车道上违法停车的,新公规〔2025〕1号,,新疆维吾尔自治区公安厅,local,traffic,REGIONAL,650000:新疆维吾尔自治区,交通违法裁量基准|违法停车|危险品运输车|校车|罚款|可警告,https://gat.xinjiang.gov.cn/gat/gawj/202503/3936ce139b084a9082a72c5bb554942d.shtml,2025-03-11,2025-04-15,,自2025年4月15日起施行，有效期五年；发生交通事故、吊销或拘留以及警告适用条件以文件统一说明和具体执法事实为准。,2026-08-08,30,,新疆道路交通违法行为代码19054的行政处罚裁量基准，违法描述为“驾驶机动车 在城市快速 路行车道上 违法停车的”，适用于“驾驶中型及以上载客汽车 、危险 物品运输车辆 、校车在城市快速 路行车道上违法停车的”。本条仅提供官方信息索引，不生成个案处罚结论。,"违法内容：驾驶中型及以上载客汽车 、危险 物品运输车辆 、校车在城市快速 路行车道上违法停车的
违法规定：《中华人民共和国道路交通安全法实施条例 》第 八十二条第一项 、第八十五条第一款（具体法条 条款同上）
法律条文：《中华人民共和国道路交通安全法 》第九十条（具体法条条款同上）
违法记分数：9
罚款最小值：20
罚款最大值：200
罚款默认值（指导基准）：180
暂扣：
吊销：
拘留最小：0
拘留最大：0
拘留默认值（指导基准）：0
警告标记：可警告",由《自治区道路交通违法行为行政处罚裁量权基准》19054号违法行为行结构化导入，待另一管理员复核后发布。
19061驾驶摩托车 、拖拉机等其他机动 车非紧急情况下在城市快速路应 急车道上停车的,新公规〔2025〕1号,,新疆维吾尔自治区公安厅,local,traffic,REGIONAL,650000:新疆维吾尔自治区,交通违法裁量基准|应急车道停车|摩托车|拖拉机|罚款|可警告,https://gat.xinjiang.gov.cn/gat/gawj/202503/3936ce139b084a9082a72c5bb554942d.shtml,2025-03-11,2025-04-15,,自2025年4月15日起施行，有效期五年；发生交通事故、吊销或拘留以及警告适用条件以文件统一说明和具体执法事实为准。,2026-08-08,30,,新疆道路交通违法行为代码19061的行政处罚裁量基准，违法描述为“驾驶机动车 非紧急情况 下在城市快 速路应急车 道上停车的”，适用于“驾驶摩托车 、拖拉机等其他机动 车非紧急情况下在城市快速路应 急车道上停车的”。本条仅提供官方信息索引，不生成个案处罚结论。,"违法内容：驾驶摩托车 、拖拉机等其他机动 车非紧急情况下在城市快速路应 急车道上停车的
违法规定：《中华人民共和国道路交通安全法实施条例 》第 八十二条 机动车在高速公路上行驶 ，不得有下列 行为：第四项非紧急情况时在应急车道行驶或者 停车 、第八十五条第一款城市快速路的道路交通 安全管理 ，参照本节的规定执 。
法律条文：《中华人民共和国道路交通安全法 》第九十条机动车驾驶 人违反道路交通安全法律 、法规关于道路通行规定的 ，处 警告或者二十元以上二百元以下罚款 。本法另有规定的， 依照规定处罚 。
违法记分数：9
罚款最小值：20
罚款最大值：200
罚款默认值（指导基准）：180
暂扣：
吊销：
拘留最小：0
拘留最大：0
拘留默认值（指导基准）：0
警告标记：可警告",由《自治区道路交通违法行为行政处罚裁量权基准》19061号违法行为行结构化导入，待另一管理员复核后发布。
19062驾驶小型 、微型非营运载客汽车 非紧急情况下在城市快速路应急 车道上停车的,新公规〔2025〕1号,,新疆维吾尔自治区公安厅,local,traffic,REGIONAL,650000:新疆维吾尔自治区,交通违法裁量基准|应急车道停车|城市快速路|罚款|可警告,https://gat.xinjiang.gov.cn/gat/gawj/202503/3936ce139b084a9082a72c5bb554942d.shtml,2025-03-11,2025-04-15,,自2025年4月15日起施行，有效期五年；发生交通事故、吊销或拘留以及警告适用条件以文件统一说明和具体执法事实为准。,2026-08-08,30,,新疆道路交通违法行为代码19062的行政处罚裁量基准，违法描述为“驾驶机动车 非紧急情况 下在城市快 速路应急车 道上停车的”，适用于“驾驶小型 、微型非营运载客汽车 非紧急情况下在城市快速路应急 车道上停车的”。本条仅提供官方信息索引，不生成个案处罚结论。,"违法内容：驾驶小型 、微型非营运载客汽车 非紧急情况下在城市快速路应急 车道上停车的
违法规定：《中华人民共和国道路交通安全法实施条例 》第 八十二条第四项 、第八十五条第一款（具体法条 条款同上）
法律条文：《中华人民共和国道路交通安全法 》第九十条（具体法条条款同上）
违法记分数：9
罚款最小值：20
罚款最大值：200
罚款默认值（指导基准）：180
暂扣：
吊销：
拘留最小：0
拘留最大：0
拘留默认值（指导基准）：0
警告标记：可警告",由《自治区道路交通违法行为行政处罚裁量权基准》19062号违法行为行结构化导入，待另一管理员复核后发布。
19063驾驶中型及以上载货汽车非紧急 情况下在城市快速路应急车道上 停车的,新公规〔2025〕1号,,新疆维吾尔自治区公安厅,local,traffic,REGIONAL,650000:新疆维吾尔自治区,交通违法裁量基准|应急车道停车|载货汽车|城市快速路|罚款|可警告,https://gat.xinjiang.gov.cn/gat/gawj/202503/3936ce139b084a9082a72c5bb554942d.shtml,2025-03-11,2025-04-15,,自2025年4月15日起施行，有效期五年；发生交通事故、吊销或拘留以及警告适用条件以文件统一说明和具体执法事实为准。,2026-08-08,30,,新疆道路交通违法行为代码19063的行政处罚裁量基准，违法描述为“驾驶机动车 非紧急情况 下在城市快 速路应急车 道上停车的”，适用于“驾驶中型及以上载货汽车非紧急 情况下在城市快速路应急车道上 停车的”。本条仅提供官方信息索引，不生成个案处罚结论。,"违法内容：驾驶中型及以上载货汽车非紧急 情况下在城市快速路应急车道上 停车的
违法规定：《中华人民共和国道路交通安全法实施条例 》第 八十二条第四项 、第八十五条第一款（具体法条 条款同上）
法律条文：《中华人民共和国道路交通安全法 》第九十条（具体法条条款同上）
违法记分数：9
罚款最小值：20
罚款最大值：200
罚款默认值（指导基准）：180
暂扣：
吊销：
拘留最小：0
拘留最大：0
拘留默认值（指导基准）：0
警告标记：可警告",由《自治区道路交通违法行为行政处罚裁量权基准》19063号违法行为行结构化导入，待另一管理员复核后发布。
19064驾驶中型及以上载客汽车 、危险 物品运输车辆 、校车非紧急情况 下在城市快速路应急车道上停车 的,新公规〔2025〕1号,,新疆维吾尔自治区公安厅,local,traffic,REGIONAL,650000:新疆维吾尔自治区,交通违法裁量基准|应急车道停车|危险品运输车|校车|罚款|可警告,https://gat.xinjiang.gov.cn/gat/gawj/202503/3936ce139b084a9082a72c5bb554942d.shtml,2025-03-11,2025-04-15,,自2025年4月15日起施行，有效期五年；发生交通事故、吊销或拘留以及警告适用条件以文件统一说明和具体执法事实为准。,2026-08-08,30,,新疆道路交通违法行为代码19064的行政处罚裁量基准，违法描述为“驾驶机动车 非紧急情况 下在城市快 速路应急车 道上停车的”，适用于“驾驶中型及以上载客汽车 、危险 物品运输车辆 、校车非紧急情况 下在城市快速路应急车道上停车 的”。本条仅提供官方信息索引，不生成个案处罚结论。,"违法内容：驾驶中型及以上载客汽车 、危险 物品运输车辆 、校车非紧急情况 下在城市快速路应急车道上停车 的
违法规定：《中华人民共和国道路交通安全法实施条例 》第 八十二条第四项 、第八十五条第一款（具体法条 条款同上）
法律条文：《中华人民共和国道路交通安全法 》第九十条（具体法条条款同上）
违法记分数：9
罚款最小值：20
罚款最大值：200
罚款默认值（指导基准）：180
暂扣：
吊销：
拘留最小：0
拘留最大：0
拘留默认值（指导基准）：0
警告标记：可警告",由《自治区道路交通违法行为行政处罚裁量权基准》19064号违法行为行结构化导入，待另一管理员复核后发布。
1907连续驾驶中型以上载客汽车超过 4小时未停车休息或者停车休息 时间少于20分钟的,新公规〔2025〕1号,,新疆维吾尔自治区公安厅,local,traffic,REGIONAL,650000:新疆维吾尔自治区,交通违法裁量基准|疲劳驾驶|中型以上客车|罚款|可警告,https://gat.xinjiang.gov.cn/gat/gawj/202503/3936ce139b084a9082a72c5bb554942d.shtml,2025-03-11,2025-04-15,,自2025年4月15日起施行，有效期五年；发生交通事故、吊销或拘留以及警告适用条件以文件统一说明和具体执法事实为准。,2026-08-08,30,,新疆道路交通违法行为代码1907的行政处罚裁量基准，违法描述为“连续驾驶中 型以上载客 汽车超过4小 时未停车休 息或者停车 休息时间少 于20分钟的”，适用于“连续驾驶中型以上载客汽车超过 4小时未停车休息或者停车休息 时间少于20分钟的”。本条仅提供官方信息索引，不生成个案处罚结论。,"违法内容：连续驾驶中型以上载客汽车超过 4小时未停车休息或者停车休息 时间少于20分钟的
违法规定：《中华人民共和国道路交通安全法 》第二十二条 第二款饮酒 、服用国家管制的精神药品或者麻醉 药品 ，或者患有妨碍安全驾驶机动车的疾病 ，或 者过度疲劳影响安全驾驶的 ，不得驾驶机动车、 《中华人民共和国道路交通安全法实施条例 》第 六十二条驾驶机动车不得有下列行为 ：第七项连 续驾驶机动车超过 4小时未停车休息或者停车休息 时间少于20分钟。
法律条文：《中华人民共和国道路交通安全法 》第九十条机动车驾驶 人违反道路交通安全法律 、法规关于道路通行规定的 ，处 警告或者二十元以上二百元以下罚款 。本法另有规定的， 依照规定处罚 。《新疆维吾尔自治区实施 〈道路交通安全 法〉办法》第七十八条驾驶机动车有下列行为之一的 ，处 100元罚款： （一）连续驾驶机动车超过 4小时未停车休息或者停车休 息时间少于 20分钟的；
违法记分数：9
罚款最小值：20
罚款最大值：200
罚款默认值（指导基准）：100
暂扣：
吊销：
拘留最小：0
拘留最大：0
拘留默认值（指导基准）：0
警告标记：可警告",由《自治区道路交通违法行为行政处罚裁量权基准》1907号违法行为行结构化导入，待另一管理员复核后发布。
1908连续驾驶危险物品运输车辆超过 4小时未停车休息或者停车休息 时间少于20分钟的,新公规〔2025〕1号,,新疆维吾尔自治区公安厅,local,traffic,REGIONAL,650000:新疆维吾尔自治区,交通违法裁量基准|疲劳驾驶|危险品运输车|罚款|可警告,https://gat.xinjiang.gov.cn/gat/gawj/202503/3936ce139b084a9082a72c5bb554942d.shtml,2025-03-11,2025-04-15,,自2025年4月15日起施行，有效期五年；发生交通事故、吊销或拘留以及警告适用条件以文件统一说明和具体执法事实为准。,2026-08-08,30,,新疆道路交通违法行为代码1908的行政处罚裁量基准，违法描述为“连续驾驶危 险物品运输 车辆超过4小 时未停车休 息或者停车 休息时间少 于20分钟的”，适用于“连续驾驶危险物品运输车辆超过 4小时未停车休息或者停车休息 时间少于20分钟的”。本条仅提供官方信息索引，不生成个案处罚结论。,"违法内容：连续驾驶危险物品运输车辆超过 4小时未停车休息或者停车休息 时间少于20分钟的
违法规定：《中华人民共和国道路交通安全法 》第二十二条 第二款饮酒 、服用国家管制的精神药品或者麻醉 药品 ，或者患有妨碍安全驾驶机动车的疾病 ，或 者过度疲劳影响安全驾驶的 ，不得驾驶机动车、 《中华人民共和国道路交通安全法实施条例 》第 六十二条驾驶机动车不得有下列行为 ：第七项连 续驾驶机动车超过 4小时未停车休息或者停车休息 时间少于20分钟。
法律条文：《中华人民共和国道路交通安全法 》第九十条机动车驾驶 人违反道路交通安全法律 、法规关于道路通行规定的 ，处 警告或者二十元以上二百元以下罚款 。本法另有规定的， 依照规定处罚 。《新疆维吾尔自治区实施 〈道路交通安全 法〉办法》第七十八条驾驶机动车有下列行为之一的 ，处 100元罚款： （一）连续驾驶机动车超过 4小时未停车休息或者停车休 息时间少于 20分钟的；
违法记分数：9
罚款最小值：20
罚款最大值：200
罚款默认值（指导基准）：100
暂扣：
吊销：
拘留最小：0
拘留最大：0
拘留默认值（指导基准）：0
警告标记：可警告",由《自治区道路交通违法行为行政处罚裁量权基准》1908号违法行为行结构化导入，待另一管理员复核后发布。
1909驾驶人未取得校车驾驶资格驾驶 校车的,新公规〔2025〕1号,,新疆维吾尔自治区公安厅,local,traffic,REGIONAL,650000:新疆维吾尔自治区,交通违法裁量基准|驾驶人未取得校车驾驶资格驾驶校车|校车|罚款|吊销驾驶证,https://gat.xinjiang.gov.cn/gat/gawj/202503/3936ce139b084a9082a72c5bb554942d.shtml,2025-03-11,2025-04-15,,自2025年4月15日起施行，有效期五年；发生交通事故、吊销或拘留以及警告适用条件以文件统一说明和具体执法事实为准。,2026-08-08,30,,新疆道路交通违法行为代码1909的行政处罚裁量基准，违法描述为“驾驶人未取 得校车驾驶 资格驾驶校 车的”，适用于“驾驶人未取得校车驾驶资格驾驶 校车的”。本条仅提供官方信息索引，不生成个案处罚结论。,"违法内容：驾驶人未取得校车驾驶资格驾驶 校车的
违法规定：《校车安全管理条例》 第二十五条 机动车驾驶 人未取得校车驾驶资格 ，不得驾驶校车 。禁止聘 用未取得校车驾驶资格的机动车驾驶人驾驶校车 。
法律条文：《校车安全管理条例》 第四十七条机动车驾驶人未取得校 车驾驶资格驾驶校车的 ， 由公安机关交通管理部门处 1000 元以上3000元以下的罚款 ，情节严重的 ，可以并处吊销机 动车驾驶证。
违法记分数：9
罚款最小值：1000
罚款最大值：3000
罚款默认值（指导基准）：2800
暂扣：
吊销：可以 并处 吊销
拘留最小：0
拘留最大：0
拘留默认值（指导基准）：0
警告标记：不可 警告",由《自治区道路交通违法行为行政处罚裁量权基准》1909号违法行为行结构化导入，待另一管理员复核后发布。
1912驾驶7座以上载客汽车载人超过 核定人数百分之五十以上未达到 百分之百的,新公规〔2025〕1号,,新疆维吾尔自治区公安厅,local,traffic,REGIONAL,650000:新疆维吾尔自治区,交通违法裁量基准|载客超员|7座以上客车|罚款|可警告,https://gat.xinjiang.gov.cn/gat/gawj/202503/3936ce139b084a9082a72c5bb554942d.shtml,2025-03-11,2025-04-15,,自2025年4月15日起施行，有效期五年；发生交通事故、吊销或拘留以及警告适用条件以文件统一说明和具体执法事实为准。,2026-08-08,30,,新疆道路交通违法行为代码1912的行政处罚裁量基准，违法描述为“驾驶7座以上 载客汽车载 人超过核定 人数百分之 五十以上未 达到百分之 百的”，适用于“驾驶7座以上载客汽车载人超过 核定人数百分之五十以上未达到 百分之百的”。本条仅提供官方信息索引，不生成个案处罚结论。,"违法内容：驾驶7座以上载客汽车载人超过 核定人数百分之五十以上未达到 百分之百的
违法规定：《中华人民共和国道路交通安全法 》第四十九条 机动车载人不得超过核定的人数 ，客运机动车不 得违反规定载货 。
法律条文：《中华人民共和国道路交通安全法 》第九十条机动车驾驶 人违反道路交通安全法律 、法规关于道路通行规定的 ，处 警告或者二十元以上二百元以下罚款 。本法另有规定的， 依照规定处罚 。
违法记分数：9
罚款最小值：20
罚款最大值：200
罚款默认值（指导基准）：180
暂扣：
吊销：
拘留最小：0
拘留最大：0
拘留默认值（指导基准）：0
警告标记：可警告",由《自治区道路交通违法行为行政处罚裁量权基准》1912号违法行为行结构化导入，待另一管理员复核后发布。
20011非机动车造成致人轻伤以上的交 通事故后逃逸 、 尚不构成犯罪的,新公规〔2025〕1号,,新疆维吾尔自治区公安厅,local,traffic,REGIONAL,650000:新疆维吾尔自治区,交通违法裁量基准|肇事逃逸、未犯罪|非机动车|罚款|行政拘留,https://gat.xinjiang.gov.cn/gat/gawj/202503/3936ce139b084a9082a72c5bb554942d.shtml,2025-03-11,2025-04-15,,自2025年4月15日起施行，有效期五年；发生交通事故、吊销或拘留以及警告适用条件以文件统一说明和具体执法事实为准。,2026-08-08,30,,新疆道路交通违法行为代码20011的行政处罚裁量基准，违法描述为“肇事逃逸、 未犯罪”，适用于“非机动车造成致人轻伤以上的交 通事故后逃逸 、 尚不构成犯罪的”。本条仅提供官方信息索引，不生成个案处罚结论。,"违法内容：非机动车造成致人轻伤以上的交 通事故后逃逸 、 尚不构成犯罪的
违法规定：《中华人民共和国道路交通安全法 》第七十条第 一款在道路上发生交通事故 ，车辆驾驶人应当立 即停车 ，保护现场； 造成人身伤亡的 ，车辆驾驶 人应当立即抢救受伤人员 ，并迅速报告执勤的交 通警察或者公安机关交通管理部门 。 因抢救受伤 人员变动现场的 ，应当标明位置 。乘车人 、过往 车辆驾驶人 、过往行人应当予以协助 。
法律条文：《中华人民共和国道路交通安全法 》第九十九条第一款第 一项 、第二款有下列行为之一的 ， 由公安机关交通管理部 门处二百元以上二千元以下罚款 ： （三）造成交通事故后逃逸 ，尚不构成犯罪的； 行为人有前款第二项 、第四项情形之一的 ，可以并处 吊销机动车驾驶证 ；有第一项 、第三项 、第五项至第八项 情形之一的 ，可以并处十五日以下拘留 。
违法记分数：0
罚款最小值：200
罚款最大值：2000
罚款默认值（指导基准）：1500
暂扣：
吊销：
拘留最小：0
拘留最大：15
拘留默认值（指导基准）：10
警告标记：不可 警告",由《自治区道路交通违法行为行政处罚裁量权基准》20011号违法行为行结构化导入，待另一管理员复核后发布。
20012非机动车造成致人死亡的交通事 故后逃逸 、 尚不构成犯罪的,新公规〔2025〕1号,,新疆维吾尔自治区公安厅,local,traffic,REGIONAL,650000:新疆维吾尔自治区,交通违法裁量基准|肇事逃逸、未犯罪|非机动车|罚款|行政拘留,https://gat.xinjiang.gov.cn/gat/gawj/202503/3936ce139b084a9082a72c5bb554942d.shtml,2025-03-11,2025-04-15,,自2025年4月15日起施行，有效期五年；发生交通事故、吊销或拘留以及警告适用条件以文件统一说明和具体执法事实为准。,2026-08-08,30,,新疆道路交通违法行为代码20012的行政处罚裁量基准，违法描述为“肇事逃逸、 未犯罪”，适用于“非机动车造成致人死亡的交通事 故后逃逸 、 尚不构成犯罪的”。本条仅提供官方信息索引，不生成个案处罚结论。,"违法内容：非机动车造成致人死亡的交通事 故后逃逸 、 尚不构成犯罪的
违法规定：《中华人民共和国道路交通安全法 》第七十条第 一款（具体法条条款同上 ）
法律条文：《中华人民共和国道路交通安全法 》第九十九条第一款第 三项 、第二款（具体法条条款同上 ）
违法记分数：0
罚款最小值：200
罚款最大值：2000
罚款默认值（指导基准）：2000
暂扣：
吊销：
拘留最小：0
拘留最大：15
拘留默认值（指导基准）：15
警告标记：不可 警告",由《自治区道路交通违法行为行政处罚裁量权基准》20012号违法行为行结构化导入，待另一管理员复核后发布。
"20013非机动车造成财产损失的交通事 故后逃逸 , 尚不构成犯罪的",新公规〔2025〕1号,,新疆维吾尔自治区公安厅,local,traffic,REGIONAL,650000:新疆维吾尔自治区,交通违法裁量基准|肇事逃逸、未犯罪|非机动车|罚款|行政拘留,https://gat.xinjiang.gov.cn/gat/gawj/202503/3936ce139b084a9082a72c5bb554942d.shtml,2025-03-11,2025-04-15,,自2025年4月15日起施行，有效期五年；发生交通事故、吊销或拘留以及警告适用条件以文件统一说明和具体执法事实为准。,2026-08-08,30,,"新疆道路交通违法行为代码20013的行政处罚裁量基准，违法描述为“肇事逃逸、 未犯罪”，适用于“非机动车造成财产损失的交通事 故后逃逸 , 尚不构成犯罪的”。本条仅提供官方信息索引，不生成个案处罚结论。","违法内容：非机动车造成财产损失的交通事 故后逃逸 , 尚不构成犯罪的
违法规定：《中华人民共和国道路交通安全法 》第七十条第 一款（具体法条条款同上 ）
法律条文：《中华人民共和国道路交通安全法 》第九十九条第一款第 三项 、第二款（具体法条条款同上 ）
违法记分数：0
罚款最小值：200
罚款最大值：2000
罚款默认值（指导基准）：500
暂扣：
吊销：
拘留最小：0
拘留最大：15
拘留默认值（指导基准）：5
警告标记：不可 警告",由《自治区道路交通违法行为行政处罚裁量权基准》20013号违法行为行结构化导入，待另一管理员复核后发布。
"20014非机动车造成致人轻微伤的交通 事故后逃逸 , 尚不构成犯罪的",新公规〔2025〕1号,,新疆维吾尔自治区公安厅,local,traffic,REGIONAL,650000:新疆维吾尔自治区,交通违法裁量基准|肇事逃逸、未犯罪|非机动车|罚款|行政拘留,https://gat.xinjiang.gov.cn/gat/gawj/202503/3936ce139b084a9082a72c5bb554942d.shtml,2025-03-11,2025-04-15,,自2025年4月15日起施行，有效期五年；发生交通事故、吊销或拘留以及警告适用条件以文件统一说明和具体执法事实为准。,2026-08-08,30,,"新疆道路交通违法行为代码20014的行政处罚裁量基准，违法描述为“肇事逃逸、 未犯罪”，适用于“非机动车造成致人轻微伤的交通 事故后逃逸 , 尚不构成犯罪的”。本条仅提供官方信息索引，不生成个案处罚结论。","违法内容：非机动车造成致人轻微伤的交通 事故后逃逸 , 尚不构成犯罪的
违法规定：《中华人民共和国道路交通安全法 》第七十条第 一款（具体法条条款同上 ）
法律条文：《中华人民共和国道路交通安全法 》第九十九条第一款第 三项 、第二款（具体法条条款同上 ）
违法记分数：0
罚款最小值：200
罚款最大值：2000
罚款默认值（指导基准）：1000
暂扣：
吊销：
拘留最小：0
拘留最大：15
拘留默认值（指导基准）：7
警告标记：不可 警告",由《自治区道路交通违法行为行政处罚裁量权基准》20014号违法行为行结构化导入，待另一管理员复核后发布。
2002非机动车违反交通管制的规定强 行通行 、不听劝阻的,新公规〔2025〕1号,,新疆维吾尔自治区公安厅,local,traffic,REGIONAL,650000:新疆维吾尔自治区,交通违法裁量基准|违反交通管制|非机动车|罚款|行政拘留,https://gat.xinjiang.gov.cn/gat/gawj/202503/3936ce139b084a9082a72c5bb554942d.shtml,2025-03-11,2025-04-15,,自2025年4月15日起施行，有效期五年；发生交通事故、吊销或拘留以及警告适用条件以文件统一说明和具体执法事实为准。,2026-08-08,30,,新疆道路交通违法行为代码2002的行政处罚裁量基准，违法描述为“违反交通管制”，适用于“非机动车违反交通管制的规定强 行通行 、不听劝阻的”。本条仅提供官方信息索引，不生成个案处罚结论。,"违法内容：非机动车违反交通管制的规定强 行通行 、不听劝阻的
违法规定：《中华人民共和国道路交通安全法 》第九十九条 有下列行为之一的 ， 由公安机关交通管理部门处 二百元以上二千元以下罚款 ：第六项违反交通管 制的规定强行通行 ，不听劝阻的。
法律条文：《中华人民共和国道路交通安全法 》第九十九条有下列行 为之一的 ， 由公安机关交通管理部门处二百元以上二千元 以下罚款： 第六项违反交通管制的规定强行通行 ，不听劝 阻的。
违法记分数：0
罚款最小值：200
罚款最大值：2000
罚款默认值（指导基准）：2000
暂扣：
吊销：
拘留最小：0
拘留最大：15
拘留默认值（指导基准）：15
警告标记：不可 警告",由《自治区道路交通违法行为行政处罚裁量权基准》2002号违法行为行结构化导入，待另一管理员复核后发布。
4002拖拉机驶入高速公路的,新公规〔2025〕1号,,新疆维吾尔自治区公安厅,local,traffic,REGIONAL,650000:新疆维吾尔自治区,交通违法裁量基准|拖拉机驶入高速公路|拖拉机|高速公路|罚款|可警告,https://gat.xinjiang.gov.cn/gat/gawj/202503/3936ce139b084a9082a72c5bb554942d.shtml,2025-03-11,2025-04-15,,自2025年4月15日起施行，有效期五年；发生交通事故、吊销或拘留以及警告适用条件以文件统一说明和具体执法事实为准。,2026-08-08,30,,新疆道路交通违法行为代码4002的行政处罚裁量基准，违法描述为“拖拉机驶入 高速公路”，适用于“拖拉机驶入高速公路的”。本条仅提供官方信息索引，不生成个案处罚结论。,"违法内容：拖拉机驶入高速公路的
违法规定：《中华人民共和国道路交通安全法 》第五十五条 第一款高速公路 、大中城市中心城区内的道路 ， 禁止拖拉机通行 。其他禁止拖拉机通行的道路 ， 由省 、 自治区 、直辖市人民政府根据当地实际情 况规定 、第六十七条行人 、非机动车 、拖拉机、 轮式专用机械车 、铰接式客车 、全挂拖斗车以及 其他设计最高时速低于七十公里的机动车 ，不得 进入高速公路 。高速公路限速标志标明的最高时 速不得超过一百二十公里 。
法律条文：《中华人民共和国道路交通安全法 》第五十五条第一款第 一种行为高速公路 、大中城市中心城区内的道路 ，禁止拖 拉机通行 、第六十七条第三种行为行人 、非机动车 、拖拉 机 、轮式专用机械车 、铰接式客车 、全挂拖斗车以及其他 设计最高时速低于七十公里的机动车 ，不得进入高速公路 。高速公路限速标志标明的最高时速不得超过一百二十公 里。《中华人民共和国道路交通安全法 》第九十条机动车 驾驶人违反道路交通安全法律 、法规关于道路通行规定 的 ，处警告或者二十元以上二百元以下罚款 。本法另有规 定的 ，依照规定处罚。
违法记分数：0
罚款最小值：20
罚款最大值：200
罚款默认值（指导基准）：60
暂扣：
吊销：
拘留最小：0
拘留最大：0
拘留默认值（指导基准）：0
警告标记：可警告",由《自治区道路交通违法行为行政处罚裁量权基准》4002号违法行为行结构化导入，待另一管理员复核后发布。
40061摩托车从匝道进入高速公路时妨 碍已在高速公路内的机动车正常 行驶的,新公规〔2025〕1号,,新疆维吾尔自治区公安厅,local,traffic,REGIONAL,650000:新疆维吾尔自治区,交通违法裁量基准|匝道汇入妨碍通行|摩托车|高速公路|罚款|可警告,https://gat.xinjiang.gov.cn/gat/gawj/202503/3936ce139b084a9082a72c5bb554942d.shtml,2025-03-11,2025-04-15,,自2025年4月15日起施行，有效期五年；发生交通事故、吊销或拘留以及警告适用条件以文件统一说明和具体执法事实为准。,2026-08-08,30,,新疆道路交通违法行为代码40061的行政处罚裁量基准，违法描述为“匝道驶入车 辆妨碍高速 公路正常行 驶车辆”，适用于“摩托车从匝道进入高速公路时妨 碍已在高速公路内的机动车正常 行驶的”。本条仅提供官方信息索引，不生成个案处罚结论。,"违法内容：摩托车从匝道进入高速公路时妨 碍已在高速公路内的机动车正常 行驶的
违法规定：《中华人民共和国道路交通安全法实施条例 》第 七十九条第一款机动车从匝道驶入高速公路 ，应 当开启左转向灯 ，在不妨碍已在高速公路内的机 动车正常行驶的情况下驶入车道 。
法律条文：《中华人民共和国道路交通安全法 》第九十条机动车驾驶 人违反道路交通安全法律 、法规关于道路通行规定的 ，处 警告或者二十元以上二百元以下罚款 。本法另有规定的， 依照规定处罚 。
违法记分数：0
罚款最小值：20
罚款最大值：200
罚款默认值（指导基准）：60
暂扣：
吊销：
拘留最小：0
拘留最大：0
拘留默认值（指导基准）：0
警告标记：可警告",由《自治区道路交通违法行为行政处罚裁量权基准》40061号违法行为行结构化导入，待另一管理员复核后发布。
40062小、微型机动车从匝道进入高速 公路时妨碍已在高速公路内的机 动车正常行驶的,新公规〔2025〕1号,,新疆维吾尔自治区公安厅,local,traffic,REGIONAL,650000:新疆维吾尔自治区,交通违法裁量基准|匝道汇入妨碍通行|高速公路|罚款|可警告,https://gat.xinjiang.gov.cn/gat/gawj/202503/3936ce139b084a9082a72c5bb554942d.shtml,2025-03-11,2025-04-15,,自2025年4月15日起施行，有效期五年；发生交通事故、吊销或拘留以及警告适用条件以文件统一说明和具体执法事实为准。,2026-08-08,30,,新疆道路交通违法行为代码40062的行政处罚裁量基准，违法描述为“匝道驶入车 辆妨碍高速 公路正常行”，适用于“小、微型机动车从匝道进入高速 公路时妨碍已在高速公路内的机 动车正常行驶的”。本条仅提供官方信息索引，不生成个案处罚结论。,"违法内容：小、微型机动车从匝道进入高速 公路时妨碍已在高速公路内的机 动车正常行驶的
违法规定：《中华人民共和国道路交通安全法实施条例 》第 七十九条第一款（具体法条条款同上 ）
法律条文：《中华人民共和国道路交通安全法 》第九十条（具体法条条款同上）
违法记分数：0
罚款最小值：20
罚款最大值：200
罚款默认值（指导基准）：90
暂扣：
吊销：
拘留最小：0
拘留最大：0
拘留默认值（指导基准）：0
警告标记：可警告",由《自治区道路交通违法行为行政处罚裁量权基准》40062号违法行为行结构化导入，待另一管理员复核后发布。
40063中型以上载货汽车从匝道进入高 速公路时妨碍已在高速公路内的 机动车正常行驶的,新公规〔2025〕1号,,新疆维吾尔自治区公安厅,local,traffic,REGIONAL,650000:新疆维吾尔自治区,交通违法裁量基准|匝道汇入妨碍通行|载货汽车|高速公路|罚款|可警告,https://gat.xinjiang.gov.cn/gat/gawj/202503/3936ce139b084a9082a72c5bb554942d.shtml,2025-03-11,2025-04-15,,自2025年4月15日起施行，有效期五年；发生交通事故、吊销或拘留以及警告适用条件以文件统一说明和具体执法事实为准。,2026-08-08,30,,新疆道路交通违法行为代码40063的行政处罚裁量基准，违法描述为“匝 车 辆妨碍高速 公路正常行”，适用于“中型以上载货汽车从匝道进入高 速公路时妨碍已在高速公路内的 机动车正常行驶的”。本条仅提供官方信息索引，不生成个案处罚结论。,"违法内容：中型以上载货汽车从匝道进入高 速公路时妨碍已在高速公路内的 机动车正常行驶的
违法规定：《中华人民共和国道路交通安全法实施条例 》第 七十九条第一款（具体法条条款同上 ）
法律条文：《中华人民共和国道路交通安全法 》第九十条（具体法条条款同上）
违法记分数：0
罚款最小值：20
罚款最大值：200
罚款默认值（指导基准）：120
暂扣：
吊销：
拘留最小：0
拘留最大：0
拘留默认值（指导基准）：0
警告标记：可警告",由《自治区道路交通违法行为行政处罚裁量权基准》40063号违法行为行结构化导入，待另一管理员复核后发布。
40064中型以上载客汽车 、危化品运输 车辆 、校车从匝道进入高速公路 时妨碍已在高速公路内的机动车 正常行驶的,新公规〔2025〕1号,,新疆维吾尔自治区公安厅,local,traffic,REGIONAL,650000:新疆维吾尔自治区,交通违法裁量基准|匝道汇入妨碍通行|校车|中型以上客车|罚款|可警告,https://gat.xinjiang.gov.cn/gat/gawj/202503/3936ce139b084a9082a72c5bb554942d.shtml,2025-03-11,2025-04-15,,自2025年4月15日起施行，有效期五年；发生交通事故、吊销或拘留以及警告适用条件以文件统一说明和具体执法事实为准。,2026-08-08,30,,新疆道路交通违法行为代码40064的行政处罚裁量基准，违法描述为“驶车辆 匝道驶入车 辆妨碍高速 公路正常行 驶车辆”，适用于“中型以上载客汽车 、危化品运输 车辆 、校车从匝道进入高速公路 时妨碍已在高速公路内的机动车 正常行驶的”。本条仅提供官方信息索引，不生成个案处罚结论。,"违法内容：中型以上载客汽车 、危化品运输 车辆 、校车从匝道进入高速公路 时妨碍已在高速公路内的机动车 正常行驶的
违法规定：《中华人民共和国道路交通安全法实施条例 》第 七十九条第一款（具体法条条款同上 ）
法律条文：《中华人民共和国道路交通安全法 》第九十条（具体法条条款同上）
违法记分数：0
罚款最小值：20
罚款最大值：200
罚款默认值（指导基准）：150
暂扣：
吊销：
拘留最小：0
拘留最大：0
拘留默认值（指导基准）：0
警告标记：可警告",由《自治区道路交通违法行为行政处罚裁量权基准》40064号违法行为行结构化导入，待另一管理员复核后发布。
40171摩托车在高速公路上行驶 、遇低 能见度条件时不按规定行驶,新公规〔2025〕1号,,新疆维吾尔自治区公安厅,local,traffic,REGIONAL,650000:新疆维吾尔自治区,交通违法裁量基准|低能见度条件下不按规定行驶|摩托车|高速公路|罚款|可警告,https://gat.xinjiang.gov.cn/gat/gawj/202503/3936ce139b084a9082a72c5bb554942d.shtml,2025-03-11,2025-04-15,,自2025年4月15日起施行，有效期五年；发生交通事故、吊销或拘留以及警告适用条件以文件统一说明和具体执法事实为准。,2026-08-08,30,,新疆道路交通违法行为代码40171的行政处罚裁量基准，违法描述为“低能见度条 件下不按规 定行驶”，适用于“摩托车在高速公路上行驶 、遇低 能见度条件时不按规定行驶”。本条仅提供官方信息索引，不生成个案处罚结论。,"违法内容：摩托车在高速公路上行驶 、遇低 能见度条件时不按规定行驶
违法规定：《中华人民共和国道路交通安全法实施条例 》第 八十一条第一款机动车在高速公路上行驶 ，遇有 雾、雨 、雪 、沙尘 、冰雹等低能见度气象条件 时，应当遵守下列规定：（一）能见度小于 200米 时 ，开启雾灯 、近光灯 、示廓灯和前后位灯 ，车 速不得超过每小时 60公里 ，与同车道前车保持 100 米以上的距离；（二）能见度小于 100米时 ，开启 雾灯 、近光灯 、示廓灯 、前后位灯和危险报警闪 光灯 ，车速不得超过每小时 40公里 ，与同车道前 车保持50米以上的距离；（三）能见度小于 50米 时 ，开启雾灯 、近光灯 、示廓灯 、前后位灯和危 险报警闪光灯 ，车速不得超过每小时 20公里 ，并 从最近的出口尽快驶离高速公路 。
法律条文：《中华人民共和国道路交通安全法 》第九十条机动车驾驶 人违反道路交通安全法律 、法规关于道路通行规定的 ，处 警告或者二十元以上二百元以下罚款 。本法另有规定的， 依照规定处罚 。
违法记分数：0
罚款最小值：20
罚款最大值：200
罚款默认值（指导基准）：60
暂扣：
吊销：
拘留最小：0
拘留最大：0
拘留默认值（指导基准）：0
警告标记：可警告",由《自治区道路交通违法行为行政处罚裁量权基准》40171号违法行为行结构化导入，待另一管理员复核后发布。
40172小、微型机动车在高速公路上行 驶、遇低能见度条件时不按规定 行驶,新公规〔2025〕1号,,新疆维吾尔自治区公安厅,local,traffic,REGIONAL,650000:新疆维吾尔自治区,交通违法裁量基准|低能见度条件下不按规定行驶|高速公路|罚款|可警告,https://gat.xinjiang.gov.cn/gat/gawj/202503/3936ce139b084a9082a72c5bb554942d.shtml,2025-03-11,2025-04-15,,自2025年4月15日起施行，有效期五年；发生交通事故、吊销或拘留以及警告适用条件以文件统一说明和具体执法事实为准。,2026-08-08,30,,新疆道路交通违法行为代码40172的行政处罚裁量基准，违法描述为“低能见度条 件下不按规 定行驶”，适用于“小、微型机动车在高速公路上行 驶、遇低能见度条件时不按规定 行驶”。本条仅提供官方信息索引，不生成个案处罚结论。,"违法内容：小、微型机动车在高速公路上行 驶、遇低能见度条件时不按规定 行驶
违法规定：《中华人民共和国道路交通安全法实施条例 》第 八十一条第一款（具体法条条款同上 ）
法律条文：《中华人民共和国道路交通安全法 》第九十条（具体法条条款同上）
违法记分数：0
罚款最小值：20
罚款最大值：200
罚款默认值（指导基准）：90
暂扣：
吊销：
拘留最小：0
拘留最大：0
拘留默认值（指导基准）：0
警告标记：可警告",由《自治区道路交通违法行为行政处罚裁量权基准》40172号违法行为行结构化导入，待另一管理员复核后发布。
40173中型以上载货汽车在高速公路上 行驶 、遇低能见度条件时不按规 定行驶,新公规〔2025〕1号,,新疆维吾尔自治区公安厅,local,traffic,REGIONAL,650000:新疆维吾尔自治区,交通违法裁量基准|低能见度条件下不按规定行驶|载货汽车|高速公路|罚款|可警告,https://gat.xinjiang.gov.cn/gat/gawj/202503/3936ce139b084a9082a72c5bb554942d.shtml,2025-03-11,2025-04-15,,自2025年4月15日起施行，有效期五年；发生交通事故、吊销或拘留以及警告适用条件以文件统一说明和具体执法事实为准。,2026-08-08,30,,新疆道路交通违法行为代码40173的行政处罚裁量基准，违法描述为“低能见度条 件下不按规 定行驶”，适用于“中型以上载货汽车在高速公路上 行驶 、遇低能见度条件时不按规 定行驶”。本条仅提供官方信息索引，不生成个案处罚结论。,"违法内容：中型以上载货汽车在高速公路上 行驶 、遇低能见度条件时不按规 定行驶
违法规定：《中华人民共和国道路交通安全法实施条例 》第 八十一条第一款（具体法条条款同上 ）
法律条文：《中华人民共和国道路交通安全法 》第九十条（具体法条条款同上）
违法记分数：0
罚款最小值：20
罚款最大值：200
罚款默认值（指导基准）：120
暂扣：
吊销：
拘留最小：0
拘留最大：0
拘留默认值（指导基准）：0
警告标记：可警告",由《自治区道路交通违法行为行政处罚裁量权基准》40173号违法行为行结构化导入，待另一管理员复核后发布。
40174中型以上载客汽车 、危化品运输 车辆 、校车在高速公路上行驶 、 遇低能见度条件时不按规定行驶,新公规〔2025〕1号,,新疆维吾尔自治区公安厅,local,traffic,REGIONAL,650000:新疆维吾尔自治区,交通违法裁量基准|低能见度条件下不按规定行驶|校车|中型以上客车|罚款|可警告,https://gat.xinjiang.gov.cn/gat/gawj/202503/3936ce139b084a9082a72c5bb554942d.shtml,2025-03-11,2025-04-15,,自2025年4月15日起施行，有效期五年；发生交通事故、吊销或拘留以及警告适用条件以文件统一说明和具体执法事实为准。,2026-08-08,30,,新疆道路交通违法行为代码40174的行政处罚裁量基准，违法描述为“低能见度条 件下不按规 定行驶”，适用于“中型以上载客汽车 、危化品运输 车辆 、校车在高速公路上行驶 、 遇低能见度条件时不按规定行驶”。本条仅提供官方信息索引，不生成个案处罚结论。,"违法内容：中型以上载客汽车 、危化品运输 车辆 、校车在高速公路上行驶 、 遇低能见度条件时不按规定行驶
违法规定：《中华人民共和国道路交通安全法实施条例 》第 八十一条第一款（具体法条条款同上 ）
法律条文：《中华人民共和国道路交通安全法 》第九十条（具体法条条款同上）
违法记分数：0
罚款最小值：20
罚款最大值：200
罚款默认值（指导基准）：150
暂扣：
吊销：
拘留最小：0
拘留最大：0
拘留默认值（指导基准）：0
警告标记：可警告",由《自治区道路交通违法行为行政处罚裁量权基准》40174号违法行为行结构化导入，待另一管理员复核后发布。
4018驾驶设计最高时速低于 70公里的 机动车进入高速公路的,新公规〔2025〕1号,,新疆维吾尔自治区公安厅,local,traffic,REGIONAL,650000:新疆维吾尔自治区,交通违法裁量基准|低速车辆驶入高速公路|高速公路|罚款|可警告,https://gat.xinjiang.gov.cn/gat/gawj/202503/3936ce139b084a9082a72c5bb554942d.shtml,2025-03-11,2025-04-15,,自2025年4月15日起施行，有效期五年；发生交通事故、吊销或拘留以及警告适用条件以文件统一说明和具体执法事实为准。,2026-08-08,30,,新疆道路交通违法行为代码4018的行政处罚裁量基准，违法描述为“低速车辆驶 入高速公路”，适用于“驾驶设计最高时速低于 70公里的 机动车进入高速公路的”。本条仅提供官方信息索引，不生成个案处罚结论。,"违法内容：驾驶设计最高时速低于 70公里的 机动车进入高速公路的
违法规定：《中华人民共和国道路交通安全法 》第六十七条 行人 、非机动车 、拖拉机 、轮式专用机械车 、铰 接式客车 、全挂拖斗车以及其他设计最高时速低 于七十公里的机动车 ，不得进入高速公路 。高速 公路限速标志标明的最高时速不得超过一百二十 公里。
法律条文：《中华人民共和国道路交通安全法 》第九十条机动车驾驶 人违反道路交通安全法律 、法规关于道路通行规定的 ，处 警告或者二十元以上二百元以下罚款 。本法另有规定的， 依照规定处罚 。
违法记分数：0
罚款最小值：20
罚款最大值：200
罚款默认值（指导基准）：60
暂扣：
吊销：
拘留最小：0
拘留最大：0
拘留默认值（指导基准）：0
警告标记：可警告",由《自治区道路交通违法行为行政处罚裁量权基准》4018号违法行为行结构化导入，待另一管理员复核后发布。
4901驾驶机动车在高速公路行车道上 违法停车的,新公规〔2025〕1号,,新疆维吾尔自治区公安厅,local,traffic,REGIONAL,650000:新疆维吾尔自治区,交通违法裁量基准|违法停车|高速公路|罚款|可警告,https://gat.xinjiang.gov.cn/gat/gawj/202503/3936ce139b084a9082a72c5bb554942d.shtml,2025-03-11,2025-04-15,,自2025年4月15日起施行，有效期五年；发生交通事故、吊销或拘留以及警告适用条件以文件统一说明和具体执法事实为准。,2026-08-08,30,,新疆道路交通违法行为代码4901的行政处罚裁量基准，违法描述为“驾驶机动车 在高速公路 行车道上违 法停车的”，适用于“驾驶机动车在高速公路行车道上 违法停车的”。本条仅提供官方信息索引，不生成个案处罚结论。,"违法内容：驾驶机动车在高速公路行车道上 违法停车的
违法规定：《中华人民共和国道路交通安全法实施条例 》第 八十二条 机动车在高速公路上行驶 ，不得有下列 行为：第一项倒车 、逆行 、穿越中央分隔带掉头 或者在车道内停车 。
法律条文：《中华人民共和国道路交通安全法 》第九十条机动车驾驶 人违反道路交通安全法律 、法规关于道路通行规定的 ，处 警告或者二十元以上二百元以下罚款 。本法另有规定的， 依照规定处罚 。《新疆维吾尔自治区实施 〈中华人民共和 国道路交通安全法〉 办法》第八十条 驾驶机动车在高速 公路上有下列行为之一的 ，处200元罚款：（五）倒车、 逆行 、穿越中央分隔带掉头或者在车道内停车的 ；
违法记分数：9
罚款最小值：20
罚款最大值：200
罚款默认值（指导基准）：200
暂扣：
吊销：
拘留最小：0
拘留最大：0
拘留默认值（指导基准）：0
警告标记：可警告",由《自治区道路交通违法行为行政处罚裁量权基准》4901号违法行为行结构化导入，待另一管理员复核后发布。
4902驾驶机动车非紧急情况下在高速 公路应急车道上停车的,新公规〔2025〕1号,,新疆维吾尔自治区公安厅,local,traffic,REGIONAL,650000:新疆维吾尔自治区,交通违法裁量基准|应急车道停车|高速公路|罚款|可警告,https://gat.xinjiang.gov.cn/gat/gawj/202503/3936ce139b084a9082a72c5bb554942d.shtml,2025-03-11,2025-04-15,,自2025年4月15日起施行，有效期五年；发生交通事故、吊销或拘留以及警告适用条件以文件统一说明和具体执法事实为准。,2026-08-08,30,,新疆道路交通违法行为代码4902的行政处罚裁量基准，违法描述为“驾驶机动车 非紧急情况 下在高速公 路应急车道 上停车的”，适用于“驾驶机动车非紧急情况下在高速 公路应急车道上停车的”。本条仅提供官方信息索引，不生成个案处罚结论。,"违法内容：驾驶机动车非紧急情况下在高速 公路应急车道上停车的
违法规定：《中华人民共和国道路交通安全法实施条例 》第 八十二条 机动车在高速公路上行驶 ，不得有下列 行为：第四项非紧急情况时在应急车道行驶或者 停车。
法律条文：《中华人民共和国道路交通安全法 》第九十条机动车驾驶 人违反道路交通安全法律 、法规关于道路通行规定的 ，处 警告或者二十元以上二百元以下罚款 。本法另有规定的， 依照规定处罚 。《新疆维吾尔自治区实施 〈中华人民共和 国道路交通安全法〉 办法》第八十条 驾驶机动车在高速 公路上有下列行为之一的 ，处200元罚款：（九）非紧急 情况在应急车道行驶或停车的 ；
违法记分数：9
罚款最小值：20
罚款最大值：200
罚款默认值（指导基准）：200
暂扣：
吊销：
拘留最小：0
拘留最大：0
拘留默认值（指导基准）：0
警告标记：可警告",由《自治区道路交通违法行为行政处罚裁量权基准》4902号违法行为行结构化导入，待另一管理员复核后发布。
50012伪造 、变造摩托车登记证书的,新公规〔2025〕1号,,新疆维吾尔自治区公安厅,local,traffic,REGIONAL,650000:新疆维吾尔自治区,交通违法裁量基准|伪造变造证牌|摩托车|罚款|行政拘留,https://gat.xinjiang.gov.cn/gat/gawj/202503/3936ce139b084a9082a72c5bb554942d.shtml,2025-03-11,2025-04-15,,自2025年4月15日起施行，有效期五年；发生交通事故、吊销或拘留以及警告适用条件以文件统一说明和具体执法事实为准。,2026-08-08,30,,新疆道路交通违法行为代码50012的行政处罚裁量基准，违法描述为“伪造 、变造 机动车登记 证书”，适用于“伪造 、变造摩托车登记证书的”。本条仅提供官方信息索引，不生成个案处罚结论。,"违法内容：伪造 、变造摩托车登记证书的
违法规定：《中华人民共和国道路交通安全法 》第十六条任 何单位或者个人不得有下列行为 ：第三项伪造、 变造或者使用伪造 、变造的机动车登记证书 、号 牌 、行驶证 、检验合格标志 、保险标志。
法律条文：《中华人民共和国道路交通安全法 》第九十六条第一款 伪造 、变造或者使用伪造 、变造的机动车登记证书 、号牌 、行驶证 、驾驶证的 ， 由公安机关交通管理部门予以收 缴 ，扣留该机动车 ，处十五日以下拘留 ，并处二千元以上 五千元以下罚款； 构成犯罪的 ，依法追究刑事责任 。
违法记分数：0
罚款最小值：2000
罚款最大值：5000
罚款默认值（指导基准）：2000
暂扣：
吊销：
拘留最小：1
拘留最大：15
拘留默认值（指导基准）：3
警告标记：不可 警告",由《自治区道路交通违法行为行政处罚裁量权基准》50012号违法行为行结构化导入，待另一管理员复核后发布。
50013伪造 、变造小 、微型机动车登记 证书的,新公规〔2025〕1号,,新疆维吾尔自治区公安厅,local,traffic,REGIONAL,650000:新疆维吾尔自治区,交通违法裁量基准|伪造变造证牌|罚款|行政拘留,https://gat.xinjiang.gov.cn/gat/gawj/202503/3936ce139b084a9082a72c5bb554942d.shtml,2025-03-11,2025-04-15,,自2025年4月15日起施行，有效期五年；发生交通事故、吊销或拘留以及警告适用条件以文件统一说明和具体执法事实为准。,2026-08-08,30,,新疆道路交通违法行为代码50013的行政处罚裁量基准，违法描述为“伪造 、变造 机动车登记 证书”，适用于“伪造 、变造小 、微型机动车登记 证书的”。本条仅提供官方信息索引，不生成个案处罚结论。,"违法内容：伪造 、变造小 、微型机动车登记 证书的
违法规定：《中华人民共和国道路交通安全法 》第十六条第 三项（具体法条条款同上 ）
法律条文：《中华人民共和国道路交通安全法 》第九十六条第一款 伪造 、变造或者使用伪造 、变造的机动车登记证书 、号牌 、行驶证 、驾驶证的 ， 由公安机关交通管理部门予以收 缴 ，扣留该机动车 ，处十五日以下拘留 ，并处二千元以上 五千元以下罚款； 构成犯罪的 ，依法追究刑事责任 。
违法记分数：0
罚款最小值：2000
罚款最大值：5000
罚款默认值（指导基准）：2500
暂扣：
吊销：
拘留最小：1
拘留最大：15
拘留默认值（指导基准）：5
警告标记：不可 警告",由《自治区道路交通违法行为行政处罚裁量权基准》50013号违法行为行结构化导入，待另一管理员复核后发布。
50014伪造 、变造中型以上货车登记证书的,新公规〔2025〕1号,,新疆维吾尔自治区公安厅,local,traffic,REGIONAL,650000:新疆维吾尔自治区,交通违法裁量基准|伪造变造证牌|罚款|行政拘留,https://gat.xinjiang.gov.cn/gat/gawj/202503/3936ce139b084a9082a72c5bb554942d.shtml,2025-03-11,2025-04-15,,自2025年4月15日起施行，有效期五年；发生交通事故、吊销或拘留以及警告适用条件以文件统一说明和具体执法事实为准。,2026-08-08,30,,新疆道路交通违法行为代码50014的行政处罚裁量基准，违法描述为“伪造 、变造 机动车登记 证书”，适用于“伪造 、变造中型以上货车登记证书的”。本条仅提供官方信息索引，不生成个案处罚结论。,"违法内容：伪造 、变造中型以上货车登记证书的
违法规定：《中华人民共和国道路交通安全法 》第十六条第 三项（具体法条条款同上 ）
法律条文：《中华人民共和国道路交通安全法 》第九十六条第一款 伪造 、变造或者使用伪造 、变造的机动车登记证书 、号牌 、行驶证 、驾驶证的 ， 由公安机关交通管理部门予以收 缴 ，扣留该机动车 ，处十五日以下拘留 ，并处二千元以上 五千元以下罚款； 构成犯罪的 ，依法追究刑事责任 。
违法记分数：0
罚款最小值：2000
罚款最大值：5000
罚款默认值（指导基准）：3500
暂扣：
吊销：
拘留最小：1
拘留最大：15
拘留默认值（指导基准）：7
警告标记：不可 警告",由《自治区道路交通违法行为行政处罚裁量权基准》50014号违法行为行结构化导入，待另一管理员复核后发布。
50015伪造 、变造中型以上客车 、危险 物品运输车辆 、校车登记证书的,新公规〔2025〕1号,,新疆维吾尔自治区公安厅,local,traffic,REGIONAL,650000:新疆维吾尔自治区,交通违法裁量基准|伪造变造证牌|危险品运输车|校车|罚款|行政拘留,https://gat.xinjiang.gov.cn/gat/gawj/202503/3936ce139b084a9082a72c5bb554942d.shtml,2025-03-11,2025-04-15,,自2025年4月15日起施行，有效期五年；发生交通事故、吊销或拘留以及警告适用条件以文件统一说明和具体执法事实为准。,2026-08-08,30,,新疆道路交通违法行为代码50015的行政处罚裁量基准，违法描述为“伪造 、变造 机动车登记 证书”，适用于“伪造 、变造中型以上客车 、危险 物品运输车辆 、校车登记证书的”。本条仅提供官方信息索引，不生成个案处罚结论。,"违法内容：伪造 、变造中型以上客车 、危险 物品运输车辆 、校车登记证书的
违法规定：《中华人民共和国道路交通安全法 》第十六条第 三项（具体法条条款同上 ）
法律条文：《中华人民共和国道路交通安全法 》第九十六条第一款 伪造 、变造或者使用伪造 、变造的机动车登记证书 、号牌 、行驶证 、驾驶证的 ， 由公安机关交通管理部门予以收 缴 ，扣留该机动车 ，处十五日以下拘留 ，并处二千元以上 五千元以下罚款； 构成犯罪的 ，依法追究刑事责任 。
违法记分数：0
罚款最小值：2000
罚款最大值：5000
罚款默认值（指导基准）：4500
暂扣：
吊销：
拘留最小：1
拘留最大：15
拘留默认值（指导基准）：10
警告标记：不可 警告",由《自治区道路交通违法行为行政处罚裁量权基准》50015号违法行为行结构化导入，待另一管理员复核后发布。
50022伪造 、变造摩托车号牌的,新公规〔2025〕1号,,新疆维吾尔自治区公安厅,local,traffic,REGIONAL,650000:新疆维吾尔自治区,交通违法裁量基准|伪造变造证牌|摩托车|罚款|行政拘留,https://gat.xinjiang.gov.cn/gat/gawj/202503/3936ce139b084a9082a72c5bb554942d.shtml,2025-03-11,2025-04-15,,自2025年4月15日起施行，有效期五年；发生交通事故、吊销或拘留以及警告适用条件以文件统一说明和具体执法事实为准。,2026-08-08,30,,新疆道路交通违法行为代码50022的行政处罚裁量基准，违法描述为“伪造 、变造 机动车号牌”，适用于“伪造 、变造摩托车号牌的”。本条仅提供官方信息索引，不生成个案处罚结论。,"违法内容：伪造 、变造摩托车号牌的
违法规定：《中华人民共和国道路交通安全法 》第十六条任 何单位或者个人不得有下列行为 ：第三项伪造、 变造或者使用伪造 、变造的机动车登记证书 、号 牌 、行驶证 、检验合格标志 、保险标志。
法律条文：《中华人民共和国道路交通安全法 》第九十六条第一款 伪造 、变造或者使用伪造 、变造的机动车登记证书 、号牌 、行驶证 、驾驶证的 ， 由公安机关交通管理部门予以收 缴 ，扣留该机动车 ，处十五日以下拘留 ，并处二千元以上 五千元以下罚款； 构成犯罪的 ，依法追究刑事责任 。
违法记分数：0
罚款最小值：2000
罚款最大值：5000
罚款默认值（指导基准）：2000
暂扣：
吊销：
拘留最小：1
拘留最大：15
拘留默认值（指导基准）：3
警告标记：不可 警告",由《自治区道路交通违法行为行政处罚裁量权基准》50022号违法行为行结构化导入，待另一管理员复核后发布。
50023伪造 、变造小 、微型机动车号牌 的,新公规〔2025〕1号,,新疆维吾尔自治区公安厅,local,traffic,REGIONAL,650000:新疆维吾尔自治区,交通违法裁量基准|伪造变造证牌|罚款|行政拘留,https://gat.xinjiang.gov.cn/gat/gawj/202503/3936ce139b084a9082a72c5bb554942d.shtml,2025-03-11,2025-04-15,,自2025年4月15日起施行，有效期五年；发生交通事故、吊销或拘留以及警告适用条件以文件统一说明和具体执法事实为准。,2026-08-08,30,,新疆道路交通违法行为代码50023的行政处罚裁量基准，违法描述为“伪造 、变造 机动车号牌”，适用于“伪造 、变造小 、微型机动车号牌 的”。本条仅提供官方信息索引，不生成个案处罚结论。,"违法内容：伪造 、变造小 、微型机动车号牌 的
违法规定：《中华人民共和国道路交通安全法 》第十六条第 三项（具体法条条款同上 ）
法律条文：《中华人民共和国道路交通安全法 》第九十六条第一款 伪造 、变造或者使用伪造 、变造的机动车登记证书 、号牌 、行驶证 、驾驶证的 ， 由公安机关交通管理部门予以收 缴 ，扣留该机动车 ，处十五日以下拘留 ，并处二千元以上 五千元以下罚款； 构成犯罪的 ，依法追究刑事责任 。
违法记分数：0
罚款最小值：2000
罚款最大值：5000
罚款默认值（指导基准）：2500
暂扣：
吊销：
拘留最小：1
拘留最大：15
拘留默认值（指导基准）：5
警告标记：不可 警告",由《自治区道路交通违法行为行政处罚裁量权基准》50023号违法行为行结构化导入，待另一管理员复核后发布。
50024伪造 、变造中型以上货车号牌的,新公规〔2025〕1号,,新疆维吾尔自治区公安厅,local,traffic,REGIONAL,650000:新疆维吾尔自治区,交通违法裁量基准|伪造变造证牌|罚款|行政拘留,https://gat.xinjiang.gov.cn/gat/gawj/202503/3936ce139b084a9082a72c5bb554942d.shtml,2025-03-11,2025-04-15,,自2025年4月15日起施行，有效期五年；发生交通事故、吊销或拘留以及警告适用条件以文件统一说明和具体执法事实为准。,2026-08-08,30,,新疆道路交通违法行为代码50024的行政处罚裁量基准，违法描述为“伪造 、变造 机动车号牌”，适用于“伪造 、变造中型以上货车号牌的”。本条仅提供官方信息索引，不生成个案处罚结论。,"违法内容：伪造 、变造中型以上货车号牌的
违法规定：《中华人民共和国道路交通安全法 》第十六条第 三项（具体法条条款同上 ）
法律条文：《中华人民共和国道路交通安全法 》第九十六条第一款 伪造 、变造或者使用伪造 、变造的机动车登记证书 、号牌 、行驶证 、驾驶证的 ， 由公安机关交通管理部门予以收 缴 ，扣留该机动车 ，处十五日以下拘留 ，并处二千元以上 五千元以下罚款； 构成犯罪的 ，依法追究刑事责任 。
违法记分数：0
罚款最小值：2000
罚款最大值：5000
罚款默认值（指导基准）：3500
暂扣：
吊销：
拘留最小：1
拘留最大：15
拘留默认值（指导基准）：7
警告标记：不可 警告",由《自治区道路交通违法行为行政处罚裁量权基准》50024号违法行为行结构化导入，待另一管理员复核后发布。
50025伪造 、变造中型以上客车 、危险 物品运输车辆 、校车号牌的,新公规〔2025〕1号,,新疆维吾尔自治区公安厅,local,traffic,REGIONAL,650000:新疆维吾尔自治区,交通违法裁量基准|伪造变造证牌|危险品运输车|校车|罚款|行政拘留,https://gat.xinjiang.gov.cn/gat/gawj/202503/3936ce139b084a9082a72c5bb554942d.shtml,2025-03-11,2025-04-15,,自2025年4月15日起施行，有效期五年；发生交通事故、吊销或拘留以及警告适用条件以文件统一说明和具体执法事实为准。,2026-08-08,30,,新疆道路交通违法行为代码50025的行政处罚裁量基准，违法描述为“伪造 、变造 机动车号牌”，适用于“伪造 、变造中型以上客车 、危险 物品运输车辆 、校车号牌的”。本条仅提供官方信息索引，不生成个案处罚结论。,"违法内容：伪造 、变造中型以上客车 、危险 物品运输车辆 、校车号牌的
违法规定：《中华人民共和国道路交通安全法 》第十六条第 三项（具体法条条款同上 ）
法律条文：《中华人民共和国道路交通安全法 》第九十六条第一款 伪造 、变造或者使用伪造 、变造的机动车登记证书 、号牌 、行驶证 、驾驶证的 ， 由公安机关交通管理部门予以收 缴 ，扣留该机动车 ，处十五日以下拘留 ，并处二千元以上 五千元以下罚款； 构成犯罪的 ，依法追究刑事责任 。
违法记分数：0
罚款最小值：2000
罚款最大值：5000
罚款默认值（指导基准）：4500
暂扣：
吊销：
拘留最小：1
拘留最大：15
拘留默认值（指导基准）：10
警告标记：不可 警告",由《自治区道路交通违法行为行政处罚裁量权基准》50025号违法行为行结构化导入，待另一管理员复核后发布。
50032伪造 、变造摩托车行驶证的,新公规〔2025〕1号,,新疆维吾尔自治区公安厅,local,traffic,REGIONAL,650000:新疆维吾尔自治区,交通违法裁量基准|伪造变造证牌|摩托车|罚款|行政拘留,https://gat.xinjiang.gov.cn/gat/gawj/202503/3936ce139b084a9082a72c5bb554942d.shtml,2025-03-11,2025-04-15,,自2025年4月15日起施行，有效期五年；发生交通事故、吊销或拘留以及警告适用条件以文件统一说明和具体执法事实为准。,2026-08-08,30,,新疆道路交通违法行为代码50032的行政处罚裁量基准，违法描述为“伪造 、变造 机动车行驶 证”，适用于“伪造 、变造摩托车行驶证的”。本条仅提供官方信息索引，不生成个案处罚结论。,"违法内容：伪造 、变造摩托车行驶证的
违法规定：《中华人民共和国道路交通安全法 》第十六条任 何单位或者个人不得有下列行为 ：第三项伪造、 变造或者使用伪造 、变造的机动车登记证书 、号 牌 、行驶证 、检验合格标志 、保险标志。
法律条文：《中华人民共和国道路交通安全法 》第九十六条第一款 伪造 、变造或者使用伪造 、变造的机动车登记证书 、号牌 、行驶证 、驾驶证的 ， 由公安机关交通管理部门予以收 缴 ，扣留该机动车 ，处十五日以下拘留 ，并处二千元以上 五千元以下罚款； 构成犯罪的 ，依法追究刑事责任 。
违法记分数：0
罚款最小值：2000
罚款最大值：5000
罚款默认值（指导基准）：2000
暂扣：
吊销：
拘留最小：1
拘留最大：15
拘留默认值（指导基准）：3
警告标记：不可 警告",由《自治区道路交通违法行为行政处罚裁量权基准》50032号违法行为行结构化导入，待另一管理员复核后发布。
50033伪造 、变造小 、微型机动车行驶 证的,新公规〔2025〕1号,,新疆维吾尔自治区公安厅,local,traffic,REGIONAL,650000:新疆维吾尔自治区,交通违法裁量基准|伪造变造证牌|罚款|行政拘留,https://gat.xinjiang.gov.cn/gat/gawj/202503/3936ce139b084a9082a72c5bb554942d.shtml,2025-03-11,2025-04-15,,自2025年4月15日起施行，有效期五年；发生交通事故、吊销或拘留以及警告适用条件以文件统一说明和具体执法事实为准。,2026-08-08,30,,新疆道路交通违法行为代码50033的行政处罚裁量基准，违法描述为“伪造 、变造 机动车行驶 证”，适用于“伪造 、变造小 、微型机动车行驶 证的”。本条仅提供官方信息索引，不生成个案处罚结论。,"违法内容：伪造 、变造小 、微型机动车行驶 证的
违法规定：《中华人民共和国道路交通安全法 》第十六条第 三项（具体法条条款同上 ）
法律条文：《中华人民共和国道路交通安全法 》第九十六条第一款 伪造 、变造或者使用伪造 、变造的机动车登记证书 、号牌 、行驶证 、驾驶证的 ， 由公安机关交通管理部门予以收 缴 ，扣留该机动车 ，处十五日以下拘留 ，并处二千元以上 五千元以下罚款； 构成犯罪的 ，依法追究刑事责任 。
违法记分数：0
罚款最小值：2000
罚款最大值：5000
罚款默认值（指导基准）：2500
暂扣：
吊销：
拘留最小：1
拘留最大：15
拘留默认值（指导基准）：5
警告标记：不可 警告",由《自治区道路交通违法行为行政处罚裁量权基准》50033号违法行为行结构化导入，待另一管理员复核后发布。
50034伪造 、变造中型以上货车行驶证 的,新公规〔2025〕1号,,新疆维吾尔自治区公安厅,local,traffic,REGIONAL,650000:新疆维吾尔自治区,交通违法裁量基准|伪造变造证牌|罚款|行政拘留,https://gat.xinjiang.gov.cn/gat/gawj/202503/3936ce139b084a9082a72c5bb554942d.shtml,2025-03-11,2025-04-15,,自2025年4月15日起施行，有效期五年；发生交通事故、吊销或拘留以及警告适用条件以文件统一说明和具体执法事实为准。,2026-08-08,30,,新疆道路交通违法行为代码50034的行政处罚裁量基准，违法描述为“伪造 、变造 机动车行驶 证”，适用于“伪造 、变造中型以上货车行驶证 的”。本条仅提供官方信息索引，不生成个案处罚结论。,"违法内容：伪造 、变造中型以上货车行驶证 的
违法规定：《中华人民共和国道路交通安全法 》第十六条第 三项（具体法条条款同上 ）
法律条文：《中华人民共和国道路交通安全法 》第九十六条第一款 伪造 、变造或者使用伪造 、变造的机动车登记证书 、号牌 、行驶证 、驾驶证的 ， 由公安机关交通管理部门予以收 缴 ，扣留该机动车 ，处十五日以下拘留 ，并处二千元以上 五千元以下罚款； 构成犯罪的 ，依法追究刑事责任 。
违法记分数：0
罚款最小值：2000
罚款最大值：5000
罚款默认值（指导基准）：3500
暂扣：
吊销：
拘留最小：1
拘留最大：15
拘留默认值（指导基准）：7
警告标记：不可 警告",由《自治区道路交通违法行为行政处罚裁量权基准》50034号违法行为行结构化导入，待另一管理员复核后发布。
50035伪造 、变造中型以上客车 、危险 物品运输车辆 、校车行驶证的,新公规〔2025〕1号,,新疆维吾尔自治区公安厅,local,traffic,REGIONAL,650000:新疆维吾尔自治区,交通违法裁量基准|伪造变造证牌|危险品运输车|校车|罚款|行政拘留,https://gat.xinjiang.gov.cn/gat/gawj/202503/3936ce139b084a9082a72c5bb554942d.shtml,2025-03-11,2025-04-15,,自2025年4月15日起施行，有效期五年；发生交通事故、吊销或拘留以及警告适用条件以文件统一说明和具体执法事实为准。,2026-08-08,30,,新疆道路交通违法行为代码50035的行政处罚裁量基准，违法描述为“伪造 、变造 机动车行驶 证”，适用于“伪造 、变造中型以上客车 、危险 物品运输车辆 、校车行驶证的”。本条仅提供官方信息索引，不生成个案处罚结论。,"违法内容：伪造 、变造中型以上客车 、危险 物品运输车辆 、校车行驶证的
违法规定：《中华人民共和国道路交通安全法 》第十六条第 三项（具体法条条款同上 ）
法律条文：《中华人民共和国道路交通安全法 》第九十六条第一款 伪造 、变造或者使用伪造 、变造的机动车登记证书 、号牌 、行驶证 、驾驶证的 ， 由公安机关交通管理部门予以收 缴 ，扣留该机动车 ，处十五日以下拘留 ，并处二千元以上 五千元以下罚款； 构成犯罪的 ，依法追究刑事责任 。
违法记分数：0
罚款最小值：2000
罚款最大值：5000
罚款默认值（指导基准）：4500
暂扣：
吊销：
拘留最小：1
拘留最大：15
拘留默认值（指导基准）：10
警告标记：不可 警告",由《自治区道路交通违法行为行政处罚裁量权基准》50035号违法行为行结构化导入，待另一管理员复核后发布。
50042伪造 、变造摩托车检验合格标志 的,新公规〔2025〕1号,,新疆维吾尔自治区公安厅,local,traffic,REGIONAL,650000:新疆维吾尔自治区,交通违法裁量基准|伪造变造证牌|摩托车|罚款|行政拘留,https://gat.xinjiang.gov.cn/gat/gawj/202503/3936ce139b084a9082a72c5bb554942d.shtml,2025-03-11,2025-04-15,,自2025年4月15日起施行，有效期五年；发生交通事故、吊销或拘留以及警告适用条件以文件统一说明和具体执法事实为准。,2026-08-08,30,,新疆道路交通违法行为代码50042的行政处罚裁量基准，违法描述为“伪造 、变造 机动车检验 合格标志”，适用于“伪造 、变造摩托车检验合格标志 的”。本条仅提供官方信息索引，不生成个案处罚结论。,"违法内容：伪造 、变造摩托车检验合格标志 的
违法规定：《中华人民共和国道路交通安全法 》第十六条任 何单位或者个人不得有下列行为 ：第三项伪造、 变造或者使用伪造 、变造的机动车登记证书 、号 牌 、行驶证 、检验合格标志 、保险标志。
法律条文：《中华人民共和国道路交通安全法 》第九十六条第二款 伪造 、变造或者使用伪造 、变造的检验合格标志 、保险标 志的 ， 由公安机关交通管理部门予以收缴 ，扣留该机动 车 ，处十日以下拘留 ，并处一千元以上三千元以下罚款 ； 构成犯罪的 ，依法追究刑事责任 。
违法记分数：0
罚款最小值：1000
罚款最大值：3000
罚款默认值（指导基准）：1000
暂扣：
吊销：
拘留最小：1
拘留最大：10
拘留默认值（指导基准）：3
警告标记：不可 警告",由《自治区道路交通违法行为行政处罚裁量权基准》50042号违法行为行结构化导入，待另一管理员复核后发布。
50043伪造 、变造小微型机动车检验合格标志的,新公规〔2025〕1号,,新疆维吾尔自治区公安厅,local,traffic,REGIONAL,650000:新疆维吾尔自治区,交通违法裁量基准|伪造变造证牌|小微型机动车|罚款|行政拘留,https://gat.xinjiang.gov.cn/gat/gawj/202503/3936ce139b084a9082a72c5bb554942d.shtml,2025-03-11,2025-04-15,,自2025年4月15日起施行，有效期五年；发生交通事故、吊销或拘留以及警告适用条件以文件统一说明和具体执法事实为准。,2026-08-08,30,,新疆道路交通违法行为代码50043的行政处罚裁量基准，违法描述为“伪造 、变造 机动车检验 合格标志”，适用于“伪造 、变造小微型机动车检验合格标志的”。本条仅提供官方信息索引，不生成个案处罚结论。,"违法内容：伪造 、变造小微型机动车检验合格标志的
违法规定：《中华人民共和国道路交通安全法 》第十六条第 三项（具体法条条款同上 ）
法律条文：《中华人民共和国道路交通安全法 》第九十六条第二款 伪造 、变造或者使用伪造 、变造的检验合格标志 、保险标 志的 ， 由公安机关交通管理部门予以收缴 ，扣留该机动 车 ，处十日以下拘留 ，并处一千元以上三千元以下罚款 ； 构成犯罪的 ，依法追究刑事责任 。
违法记分数：0
罚款最小值：1000
罚款最大值：3000
罚款默认值（指导基准）：1500
暂扣：
吊销：
拘留最小：1
拘留最大：10
拘留默认值（指导基准）：5
警告标记：不可 警告",由《自治区道路交通违法行为行政处罚裁量权基准》50043号违法行为行结构化导入，待另一管理员复核后发布。
50044伪造 、变造中型以上货车检验合格标志的,新公规〔2025〕1号,,新疆维吾尔自治区公安厅,local,traffic,REGIONAL,650000:新疆维吾尔自治区,交通违法裁量基准|伪造变造证牌|罚款|行政拘留,https://gat.xinjiang.gov.cn/gat/gawj/202503/3936ce139b084a9082a72c5bb554942d.shtml,2025-03-11,2025-04-15,,自2025年4月15日起施行，有效期五年；发生交通事故、吊销或拘留以及警告适用条件以文件统一说明和具体执法事实为准。,2026-08-08,30,,新疆道路交通违法行为代码50044的行政处罚裁量基准，违法描述为“伪造 、变造 机动车检验 合格标志”，适用于“伪造 、变造中型以上货车检验合格标志的”。本条仅提供官方信息索引，不生成个案处罚结论。,"违法内容：伪造 、变造中型以上货车检验合格标志的
违法规定：《中华人民共和国道路交通安全法 》第十六条第 三项（具体法条条款同上 ）
法律条文：《中华人民共和国道路交通安全法 》第九十六条第二款 伪造 、变造或者使用伪造 、变造的检验合格标志 、保险标 志的 ， 由公安机关交通管理部门予以收缴 ，扣留该机动 车 ，处十日以下拘留 ，并处一千元以上三千元以下罚款 ； 构成犯罪的 ，依法追究刑事责任 。
违法记分数：0
罚款最小值：1000
罚款最大值：3000
罚款默认值（指导基准）：2000
暂扣：
吊销：
拘留最小：1
拘留最大：10
拘留默认值（指导基准）：7
警告标记：不可 警告",由《自治区道路交通违法行为行政处罚裁量权基准》50044号违法行为行结构化导入，待另一管理员复核后发布。
50045伪造 、变造中型以上客车 、危险 物品运输车辆 、校车检验合格标 志的,新公规〔2025〕1号,,新疆维吾尔自治区公安厅,local,traffic,REGIONAL,650000:新疆维吾尔自治区,交通违法裁量基准|伪造变造证牌|危险品运输车|校车|罚款|行政拘留,https://gat.xinjiang.gov.cn/gat/gawj/202503/3936ce139b084a9082a72c5bb554942d.shtml,2025-03-11,2025-04-15,,自2025年4月15日起施行，有效期五年；发生交通事故、吊销或拘留以及警告适用条件以文件统一说明和具体执法事实为准。,2026-08-08,30,,新疆道路交通违法行为代码50045的行政处罚裁量基准，违法描述为“伪造 、变造 机动车检验 合格标志”，适用于“伪造 、变造中型以上客车 、危险 物品运输车辆 、校车检验合格标 志的”。本条仅提供官方信息索引，不生成个案处罚结论。,"违法内容：伪造 、变造中型以上客车 、危险 物品运输车辆 、校车检验合格标 志的
违法规定：《中华人民共和国道路交通安全法 》第十六条第 三项（具体法条条款同上 ）
法律条文：《中华人民共和国道路交通安全法 》第九十六条第二款 伪造 、变造或者使用伪造 、变造的检验合格标志 、保险标 志的 ， 由公安机关交通管理部门予以收缴 ，扣留该机动 车 ，处十日以下拘留 ，并处一千元以上三千元以下罚款 ； 构成犯罪的 ，依法追究刑事责任 。
违法记分数：0
罚款最小值：1000
罚款最大值：3000
罚款默认值（指导基准）：2500
暂扣：
吊销：
拘留最小：1
拘留最大：10
拘留默认值（指导基准）：10
警告标记：不可 警告",由《自治区道路交通违法行为行政处罚裁量权基准》50045号违法行为行结构化导入，待另一管理员复核后发布。
50052伪造 、变造摩托车保险标志的,新公规〔2025〕1号,,新疆维吾尔自治区公安厅,local,traffic,REGIONAL,650000:新疆维吾尔自治区,交通违法裁量基准|伪造变造证牌|摩托车|罚款|行政拘留,https://gat.xinjiang.gov.cn/gat/gawj/202503/3936ce139b084a9082a72c5bb554942d.shtml,2025-03-11,2025-04-15,,自2025年4月15日起施行，有效期五年；发生交通事故、吊销或拘留以及警告适用条件以文件统一说明和具体执法事实为准。,2026-08-08,30,,新疆道路交通违法行为代码50052的行政处罚裁量基准，违法描述为“伪造 、变造 机动车保险 标志”，适用于“伪造 、变造摩托车保险标志的”。本条仅提供官方信息索引，不生成个案处罚结论。,"违法内容：伪造 、变造摩托车保险标志的
违法规定：《中华人民共和国道路交通安全法 》第十六条任 何单位或者个人不得有下列行为 ：第三项伪造、 变造或者使用伪造 、变造的机动车登记证书 、号 牌 、行驶证 、检验合格标志 、保险标志。
法律条文：《中华人民共和国道路交通安全法 》第九十六条第二款 伪造 、变造或者使用伪造 、变造的检验合格标志 、保险标 志的 ， 由公安机关交通管理部门予以收缴 ，扣留该机动 车 ，处十日以下拘留 ，并处一千元以上三千元以下罚款 ； 构成犯罪的 ，依法追究刑事责任 。
违法记分数：0
罚款最小值：1000
罚款最大值：3000
罚款默认值（指导基准）：1000
暂扣：
吊销：
拘留最小：1
拘留最大：10
拘留默认值（指导基准）：3
警告标记：不可 警告",由《自治区道路交通违法行为行政处罚裁量权基准》50052号违法行为行结构化导入，待另一管理员复核后发布。
50053伪造 、变造小微型机动车保险标志的,新公规〔2025〕1号,,新疆维吾尔自治区公安厅,local,traffic,REGIONAL,650000:新疆维吾尔自治区,交通违法裁量基准|伪造变造证牌|小微型机动车|罚款|行政拘留,https://gat.xinjiang.gov.cn/gat/gawj/202503/3936ce139b084a9082a72c5bb554942d.shtml,2025-03-11,2025-04-15,,自2025年4月15日起施行，有效期五年；发生交通事故、吊销或拘留以及警告适用条件以文件统一说明和具体执法事实为准。,2026-08-08,30,,新疆道路交通违法行为代码50053的行政处罚裁量基准，违法描述为“伪造 、变造 机动车保险 标志”，适用于“伪造 、变造小微型机动车保险标志的”。本条仅提供官方信息索引，不生成个案处罚结论。,"违法内容：伪造 、变造小微型机动车保险标志的
违法规定：《中华人民共和国道路交通安全法 》第十六条第 三项（具体法条条款同上 ）
法律条文：《中华人民共和国道路交通安全法 》第九十六条第二款 伪造 、变造或者使用伪造 、变造的检验合格标志 、保险标 志的 ， 由公安机关交通管理部门予以收缴 ，扣留该机动 车 ，处十日以下拘留 ，并处一千元以上三千元以下罚款 ； 构成犯罪的 ，依法追究刑事责任 。
违法记分数：0
罚款最小值：1000
罚款最大值：3000
罚款默认值（指导基准）：1500
暂扣：
吊销：
拘留最小：1
拘留最大：10
拘留默认值（指导基准）：5
警告标记：不可 警告",由《自治区道路交通违法行为行政处罚裁量权基准》50053号违法行为行结构化导入，待另一管理员复核后发布。
50054伪造 、变造中型以上货车保险标志的,新公规〔2025〕1号,,新疆维吾尔自治区公安厅,local,traffic,REGIONAL,650000:新疆维吾尔自治区,交通违法裁量基准|伪造变造证牌|罚款|行政拘留,https://gat.xinjiang.gov.cn/gat/gawj/202503/3936ce139b084a9082a72c5bb554942d.shtml,2025-03-11,2025-04-15,,自2025年4月15日起施行，有效期五年；发生交通事故、吊销或拘留以及警告适用条件以文件统一说明和具体执法事实为准。,2026-08-08,30,,新疆道路交通违法行为代码50054的行政处罚裁量基准，违法描述为“伪造 、变造 机动车保险 标志”，适用于“伪造 、变造中型以上货车保险标志的”。本条仅提供官方信息索引，不生成个案处罚结论。,"违法内容：伪造 、变造中型以上货车保险标志的
违法规定：《中华人民共和国道路交通安全法 》第十六条第 三项（具体法条条款同上 ）
法律条文：《中华人民共和国道路交通安全法 》第九十六条第二款 伪造 、变造或者使用伪造 、变造的检验合格标志 、保险标 志的 ， 由公安机关交通管理部门予以收缴 ，扣留该机动 车 ，处十日以下拘留 ，并处一千元以上三千元以下罚款 ； 构成犯罪的 ，依法追究刑事责任 。
违法记分数：0
罚款最小值：1000
罚款最大值：3000
罚款默认值（指导基准）：2000
暂扣：
吊销：
拘留最小：1
拘留最大：10
拘留默认值（指导基准）：7
警告标记：不可 警告",由《自治区道路交通违法行为行政处罚裁量权基准》50054号违法行为行结构化导入，待另一管理员复核后发布。
50055伪造 、变造中型以上客车 、危险 物品运输车辆 、校车保险标志的,新公规〔2025〕1号,,新疆维吾尔自治区公安厅,local,traffic,REGIONAL,650000:新疆维吾尔自治区,交通违法裁量基准|伪造变造证牌|危险品运输车|校车|罚款|行政拘留,https://gat.xinjiang.gov.cn/gat/gawj/202503/3936ce139b084a9082a72c5bb554942d.shtml,2025-03-11,2025-04-15,,自2025年4月15日起施行，有效期五年；发生交通事故、吊销或拘留以及警告适用条件以文件统一说明和具体执法事实为准。,2026-08-08,30,,新疆道路交通违法行为代码50055的行政处罚裁量基准，违法描述为“伪造 、变造 机动车保险 标志”，适用于“伪造 、变造中型以上客车 、危险 物品运输车辆 、校车保险标志的”。本条仅提供官方信息索引，不生成个案处罚结论。,"违法内容：伪造 、变造中型以上客车 、危险 物品运输车辆 、校车保险标志的
违法规定：《中华人民共和国道路交通安全法 》第十六条第 三项（具体法条条款同上 ）
法律条文：《中华人民共和国道路交通安全法 》第九十六条第二款 伪造 、变造或者使用伪造 、变造的检验合格标志 、保险标 志的 ， 由公安机关交通管理部门予以收缴 ，扣留该机动 车 ，处十日以下拘留 ，并处一千元以上三千元以下罚款 ； 构成犯罪的 ，依法追究刑事责任 。
违法记分数：0
罚款最小值：1000
罚款最大值：3000
罚款默认值（指导基准）：2500
暂扣：
吊销：
拘留最小：1
拘留最大：10
拘留默认值（指导基准）：10
警告标记：不可 警告",由《自治区道路交通违法行为行政处罚裁量权基准》50055号违法行为行结构化导入，待另一管理员复核后发布。
50062伪造 、变造摩托车驾驶证的,新公规〔2025〕1号,,新疆维吾尔自治区公安厅,local,traffic,REGIONAL,650000:新疆维吾尔自治区,交通违法裁量基准|伪造变造证牌|摩托车|罚款|行政拘留,https://gat.xinjiang.gov.cn/gat/gawj/202503/3936ce139b084a9082a72c5bb554942d.shtml,2025-03-11,2025-04-15,,自2025年4月15日起施行，有效期五年；发生交通事故、吊销或拘留以及警告适用条件以文件统一说明和具体执法事实为准。,2026-08-08,30,,新疆道路交通违法行为代码50062的行政处罚裁量基准，违法描述为“伪造 、变造 机动车驾驶 证”，适用于“伪造 、变造摩托车驾驶证的”。本条仅提供官方信息索引，不生成个案处罚结论。,"违法内容：伪造 、变造摩托车驾驶证的
违法规定：《中华人民共和国道路交通安全法 》第九十六条 第一款伪造 、变造或者使用伪造 、变造的机动车 登记证书 、号牌 、行驶证 、驾驶证的 ， 由公安机 关交通管理部门予以收缴 ，扣留该机动车 ，处十 五日以下拘留 ，并处二千元以上五千元以下罚 款；构成犯罪的 ，依法追究刑事责任 。
法律条文：《中华人民共和国道路交通安全法 》第九十六条第一款 伪造 、变造或者使用伪造 、变造的机动车登记证书 、号牌 、行驶证 、驾驶证的 ， 由公安机关交通管理部门予以收 缴 ，扣留该机动车 ，处十五日以下拘留 ，并处二千元以上 五千元以下罚款； 构成犯罪的 ，依法追究刑事责任 。
违法记分数：0
罚款最小值：2000
罚款最大值：5000
罚款默认值（指导基准）：2000
暂扣：
吊销：
拘留最小：1
拘留最大：15
拘留默认值（指导基准）：3
警告标记：不可 警告",由《自治区道路交通违法行为行政处罚裁量权基准》50062号违法行为行结构化导入，待另一管理员复核后发布。
50063伪造 、变造小微型机动车驾驶证 的,新公规〔2025〕1号,,新疆维吾尔自治区公安厅,local,traffic,REGIONAL,650000:新疆维吾尔自治区,交通违法裁量基准|伪造变造证牌|小微型机动车|罚款|行政拘留,https://gat.xinjiang.gov.cn/gat/gawj/202503/3936ce139b084a9082a72c5bb554942d.shtml,2025-03-11,2025-04-15,,自2025年4月15日起施行，有效期五年；发生交通事故、吊销或拘留以及警告适用条件以文件统一说明和具体执法事实为准。,2026-08-08,30,,新疆道路交通违法行为代码50063的行政处罚裁量基准，违法描述为“伪造 、变造 机动车驾驶 证”，适用于“伪造 、变造小微型机动车驾驶证 的”。本条仅提供官方信息索引，不生成个案处罚结论。,"违法内容：伪造 、变造小微型机动车驾驶证 的
违法规定：《中华人民共和国道路交通安全法 》第九十六条 第一款（具体法条条款同上 ）
法律条文：《中华人民共和国道路交通安全法 》第九十六条第一款 伪造 、变造或者使用伪造 、变造的机动车登记证书 、号牌 、行驶证 、驾驶证的 ， 由公安机关交通管理部门予以收 缴 ，扣留该机动车 ，处十五日以下拘留 ，并处二千元以上 五千元以下罚款； 构成犯罪的 ，依法追究刑事责任 。
违法记分数：0
罚款最小值：2000
罚款最大值：5000
罚款默认值（指导基准）：2500
暂扣：
吊销：
拘留最小：1
拘留最大：15
拘留默认值（指导基准）：5
警告标记：不可 警告",由《自治区道路交通违法行为行政处罚裁量权基准》50063号违法行为行结构化导入，待另一管理员复核后发布。
50064伪造 、变造中型以上货车驾驶证 的,新公规〔2025〕1号,,新疆维吾尔自治区公安厅,local,traffic,REGIONAL,650000:新疆维吾尔自治区,交通违法裁量基准|伪造变造证牌|罚款|行政拘留,https://gat.xinjiang.gov.cn/gat/gawj/202503/3936ce139b084a9082a72c5bb554942d.shtml,2025-03-11,2025-04-15,,自2025年4月15日起施行，有效期五年；发生交通事故、吊销或拘留以及警告适用条件以文件统一说明和具体执法事实为准。,2026-08-08,30,,新疆道路交通违法行为代码50064的行政处罚裁量基准，违法描述为“伪造 、变造 机动车驾驶 证”，适用于“伪造 、变造中型以上货车驾驶证 的”。本条仅提供官方信息索引，不生成个案处罚结论。,"违法内容：伪造 、变造中型以上货车驾驶证 的
违法规定：《中华人民共和国道路交通安全法 》第九十六条 第一款（具体法条条款同上 ）
法律条文：《中华人民共和国道路交通安全法 》第九十六条第一款 伪造 、变造或者使用伪造 、变造的机动车登记证书 、号牌 、行驶证 、驾驶证的 ， 由公安机关交通管理部门予以收 缴 ，扣留该机动车 ，处十五日以下拘留 ，并处二千元以上 五千元以下罚款； 构成犯罪的 ，依法追究刑事责任 。
违法记分数：0
罚款最小值：2000
罚款最大值：5000
罚款默认值（指导基准）：3500
暂扣：
吊销：
拘留最小：1
拘留最大：15
拘留默认值（指导基准）：7
警告标记：不可 警告",由《自治区道路交通违法行为行政处罚裁量权基准》50064号违法行为行结构化导入，待另一管理员复核后发布。
50065伪造 、变造中型以上客车 、危险 物品运输车辆 、校车驾驶证的,新公规〔2025〕1号,,新疆维吾尔自治区公安厅,local,traffic,REGIONAL,650000:新疆维吾尔自治区,交通违法裁量基准|伪造变造证牌|危险品运输车|校车|罚款|行政拘留,https://gat.xinjiang.gov.cn/gat/gawj/202503/3936ce139b084a9082a72c5bb554942d.shtml,2025-03-11,2025-04-15,,自2025年4月15日起施行，有效期五年；发生交通事故、吊销或拘留以及警告适用条件以文件统一说明和具体执法事实为准。,2026-08-08,30,,新疆道路交通违法行为代码50065的行政处罚裁量基准，违法描述为“伪造 、变造 机动车驾驶 证”，适用于“伪造 、变造中型以上客车 、危险 物品运输车辆 、校车驾驶证的”。本条仅提供官方信息索引，不生成个案处罚结论。,"违法内容：伪造 、变造中型以上客车 、危险 物品运输车辆 、校车驾驶证的
违法规定：《中华人民共和国道路交通安全法 》第九十六条 第一款（具体法条条款同上 ）
法律条文：《中华人民共和国道路交通安全法 》第九十六条第一款 伪造 、变造或者使用伪造 、变造的机动车登记证书 、号牌 、行驶证 、驾驶证的 ， 由公安机关交通管理部门予以收 缴 ，扣留该机动车 ，处十五日以下拘留 ，并处二千元以上 五千元以下罚款； 构成犯罪的 ，依法追究刑事责任 。
违法记分数：0
罚款最小值：2000
罚款最大值：5000
罚款默认值（指导基准）：4500
暂扣：
吊销：
拘留最小：1
拘留最大：15
拘留默认值（指导基准）：10
警告标记：不可 警告",由《自治区道路交通违法行为行政处罚裁量权基准》50065号违法行为行结构化导入，待另一管理员复核后发布。
50072使用伪造 、变造的摩托车登记证书的,新公规〔2025〕1号,,新疆维吾尔自治区公安厅,local,traffic,REGIONAL,650000:新疆维吾尔自治区,交通违法裁量基准|伪造变造证牌|摩托车|罚款|行政拘留,https://gat.xinjiang.gov.cn/gat/gawj/202503/3936ce139b084a9082a72c5bb554942d.shtml,2025-03-11,2025-04-15,,自2025年4月15日起施行，有效期五年；发生交通事故、吊销或拘留以及警告适用条件以文件统一说明和具体执法事实为准。,2026-08-08,30,,新疆道路交通违法行为代码50072的行政处罚裁量基准，违法描述为“使用伪造、 变造的机动 车登记证书”，适用于“使用伪造 、变造的摩托车登记证书的”。本条仅提供官方信息索引，不生成个案处罚结论。,"违法内容：使用伪造 、变造的摩托车登记证书的
违法规定：《中华人民共和国道路交通安全法 》第十六条任 何单位或者个人不得有下列行为 ：第三项伪造、 变造或者使用伪造 、变造的机动车登记证书 、号 牌 、行驶证 、检验合格标志 、保险标志。
法律条文：《中华人民共和国道路交通安全法 》第九十六条第一款 伪造 、变造或者使用伪造 、变造的机动车登记证书 、号牌 、行驶证 、驾驶证的 ， 由公安机关交通管理部门予以收 缴 ，扣留该机动车 ，处十五日以下拘留 ，并处二千元以上 五千元以下罚款； 构成犯罪的 ，依法追究刑事责任 。
违法记分数：0
罚款最小值：2000
罚款最大值：5000
罚款默认值（指导基准）：2000
暂扣：
吊销：
拘留最小：1
拘留最大：15
拘留默认值（指导基准）：3
警告标记：不可 警告",由《自治区道路交通违法行为行政处罚裁量权基准》50072号违法行为行结构化导入，待另一管理员复核后发布。
50073使用伪造 、变造的小微型机动车 登记证书的,新公规〔2025〕1号,,新疆维吾尔自治区公安厅,local,traffic,REGIONAL,650000:新疆维吾尔自治区,交通违法裁量基准|伪造变造证牌|小微型机动车|罚款|行政拘留,https://gat.xinjiang.gov.cn/gat/gawj/202503/3936ce139b084a9082a72c5bb554942d.shtml,2025-03-11,2025-04-15,,自2025年4月15日起施行，有效期五年；发生交通事故、吊销或拘留以及警告适用条件以文件统一说明和具体执法事实为准。,2026-08-08,30,,新疆道路交通违法行为代码50073的行政处罚裁量基准，违法描述为“使用伪造、 变造的机动 车登记证书”，适用于“使用伪造 、变造的小微型机动车 登记证书的”。本条仅提供官方信息索引，不生成个案处罚结论。,"违法内容：使用伪造 、变造的小微型机动车 登记证书的
违法规定：《中华人民共和国道路交通安全法 》第十六条第 三项（具体法条条款同上 ）
法律条文：《中华人民共和国道路交通安全法 》第九十六条第一款 伪造 、变造或者使用伪造 、变造的机动车登记证书 、号牌 、行驶证 、驾驶证的 ， 由公安机关交通管理部门予以收 缴 ，扣留该机动车 ，处十五日以下拘留 ，并处二千元以上 五千元以下罚款； 构成犯罪的 ，依法追究刑事责任 。
违法记分数：0
罚款最小值：2000
罚款最大值：5000
罚款默认值（指导基准）：2500
暂扣：
吊销：
拘留最小：1
拘留最大：15
拘留默认值（指导基准）：5
警告标记：不可 警告",由《自治区道路交通违法行为行政处罚裁量权基准》50073号违法行为行结构化导入，待另一管理员复核后发布。
50074使用伪造 、变造的中型以上货车 登记证书的,新公规〔2025〕1号,,新疆维吾尔自治区公安厅,local,traffic,REGIONAL,650000:新疆维吾尔自治区,交通违法裁量基准|伪造变造证牌|罚款|行政拘留,https://gat.xinjiang.gov.cn/gat/gawj/202503/3936ce139b084a9082a72c5bb554942d.shtml,2025-03-11,2025-04-15,,自2025年4月15日起施行，有效期五年；发生交通事故、吊销或拘留以及警告适用条件以文件统一说明和具体执法事实为准。,2026-08-08,30,,新疆道路交通违法行为代码50074的行政处罚裁量基准，违法描述为“使用伪造、 变造的机动 车登记证书”，适用于“使用伪造 、变造的中型以上货车 登记证书的”。本条仅提供官方信息索引，不生成个案处罚结论。,"违法内容：使用伪造 、变造的中型以上货车 登记证书的
违法规定：《中华人民共和国道路交通安全法 》第十六条第 三项（具体法条条款同上 ）
法律条文：《中华人民共和国道路交通安全法 》第九十六条第一款 伪造 、变造或者使用伪造 、变造的机动车登记证书 、号牌 、行驶证 、驾驶证的 ， 由公安机关交通管理部门予以收 缴 ，扣留该机动车 ，处十五日以下拘留 ，并处二千元以上 五千元以下罚款； 构成犯罪的 ，依法追究刑事责任 。
违法记分数：0
罚款最小值：2000
罚款最大值：5000
罚款默认值（指导基准）：3500
暂扣：
吊销：
拘留最小：1
拘留最大：15
拘留默认值（指导基准）：7
警告标记：不可 警告",由《自治区道路交通违法行为行政处罚裁量权基准》50074号违法行为行结构化导入，待另一管理员复核后发布。
50075使用伪造 、变造的中型以上客车 、危险物品运输车辆 、校车登记 证书的,新公规〔2025〕1号,,新疆维吾尔自治区公安厅,local,traffic,REGIONAL,650000:新疆维吾尔自治区,交通违法裁量基准|伪造变造证牌|危险品运输车|校车|罚款|行政拘留,https://gat.xinjiang.gov.cn/gat/gawj/202503/3936ce139b084a9082a72c5bb554942d.shtml,2025-03-11,2025-04-15,,自2025年4月15日起施行，有效期五年；发生交通事故、吊销或拘留以及警告适用条件以文件统一说明和具体执法事实为准。,2026-08-08,30,,新疆道路交通违法行为代码50075的行政处罚裁量基准，违法描述为“使用伪造、 变造的机动 车登记证书”，适用于“使用伪造 、变造的中型以上客车 、危险物品运输车辆 、校车登记 证书的”。本条仅提供官方信息索引，不生成个案处罚结论。,"违法内容：使用伪造 、变造的中型以上客车 、危险物品运输车辆 、校车登记 证书的
违法规定：《中华人民共和国道路交通安全法 》第十六条第 三项（具体法条条款同上 ）
法律条文：《中华人民共和国道路交通安全法 》第九十六条第一款 伪造 、变造或者使用伪造 、变造的机动车登记证书 、号牌 、行驶证 、驾驶证的 ， 由公安机关交通管理部门予以收 缴 ，扣留该机动车 ，处十五日以下拘留 ，并处二千元以上 五千元以下罚款； 构成犯罪的 ，依法追究刑事责任 。
违法记分数：0
罚款最小值：2000
罚款最大值：5000
罚款默认值（指导基准）：4500
暂扣：
吊销：
拘留最小：1
拘留最大：15
拘留默认值（指导基准）：10
警告标记：不可 警告",由《自治区道路交通违法行为行政处罚裁量权基准》50075号违法行为行结构化导入，待另一管理员复核后发布。
50102使用伪造 、变造的摩托车检验合格标志的,新公规〔2025〕1号,,新疆维吾尔自治区公安厅,local,traffic,REGIONAL,650000:新疆维吾尔自治区,交通违法裁量基准|伪造变造证牌|摩托车|罚款|行政拘留,https://gat.xinjiang.gov.cn/gat/gawj/202503/3936ce139b084a9082a72c5bb554942d.shtml,2025-03-11,2025-04-15,,自2025年4月15日起施行，有效期五年；发生交通事故、吊销或拘留以及警告适用条件以文件统一说明和具体执法事实为准。,2026-08-08,30,,新疆道路交通违法行为代码50102的行政处罚裁量基准，违法描述为“使用伪造、 变造的机动 车检验合格 标志”，适用于“使用伪造 、变造的摩托车检验合格标志的”。本条仅提供官方信息索引，不生成个案处罚结论。,"违法内容：使用伪造 、变造的摩托车检验合格标志的
违法规定：《中华人民共和国道路交通安全法 》第十六条任 何单位或者个人不得有下列行为 ：第三项伪造、 变造或者使用伪造 、变造的机动车登记证书 、号 牌 、行驶证 、检验合格标志 、保险标志。
法律条文：《中华人民共和国道路交通安全法 》第九十六条第二款 伪造 、变造或者使用伪造 、变造的检验合格标志 、保险标 志的 ， 由公安机关交通管理部门予以收缴 ，扣留该机动 车 ，处十日以下拘留 ，并处一千元以上三千元以下罚款 ； 构成犯罪的 ，依法追究刑事责任 。
违法记分数：0
罚款最小值：1000
罚款最大值：3000
罚款默认值（指导基准）：1000
暂扣：
吊销：
拘留最小：1
拘留最大：10
拘留默认值（指导基准）：3
警告标记：不可 警告",由《自治区道路交通违法行为行政处罚裁量权基准》50102号违法行为行结构化导入，待另一管理员复核后发布。
50103使用伪造 、变造的小微型机动车 检验合格标志的,新公规〔2025〕1号,,新疆维吾尔自治区公安厅,local,traffic,REGIONAL,650000:新疆维吾尔自治区,交通违法裁量基准|伪造变造证牌|小微型机动车|罚款|行政拘留,https://gat.xinjiang.gov.cn/gat/gawj/202503/3936ce139b084a9082a72c5bb554942d.shtml,2025-03-11,2025-04-15,,自2025年4月15日起施行，有效期五年；发生交通事故、吊销或拘留以及警告适用条件以文件统一说明和具体执法事实为准。,2026-08-08,30,,新疆道路交通违法行为代码50103的行政处罚裁量基准，违法描述为“使用伪造、 变造的机动 车检验合格 标志”，适用于“使用伪造 、变造的小微型机动车 检验合格标志的”。本条仅提供官方信息索引，不生成个案处罚结论。,"违法内容：使用伪造 、变造的小微型机动车 检验合格标志的
违法规定：《中华人民共和国道路交通安全法 》第十六条第 三项（具体法条条款同上 ）
法律条文：《中华人民共和国道路交通安全法 》第九十六条第二款 伪造 、变造或者使用伪造 、变造的检验合格标志 、保险标 志的 ， 由公安机关交通管理部门予以收缴 ，扣留该机动 车 ，处十日以下拘留 ，并处一千元以上三千元以下罚款 ； 构成犯罪的 ，依法追究刑事责任 。
违法记分数：0
罚款最小值：1000
罚款最大值：3000
罚款默认值（指导基准）：1500
暂扣：
吊销：
拘留最小：1
拘留最大：10
拘留默认值（指导基准）：5
警告标记：不可 警告",由《自治区道路交通违法行为行政处罚裁量权基准》50103号违法行为行结构化导入，待另一管理员复核后发布。
50104使用伪造 、变造的中型以上货车 检验合格标志的,新公规〔2025〕1号,,新疆维吾尔自治区公安厅,local,traffic,REGIONAL,650000:新疆维吾尔自治区,交通违法裁量基准|伪造变造证牌|罚款|行政拘留,https://gat.xinjiang.gov.cn/gat/gawj/202503/3936ce139b084a9082a72c5bb554942d.shtml,2025-03-11,2025-04-15,,自2025年4月15日起施行，有效期五年；发生交通事故、吊销或拘留以及警告适用条件以文件统一说明和具体执法事实为准。,2026-08-08,30,,新疆道路交通违法行为代码50104的行政处罚裁量基准，违法描述为“使用伪造、 变造的机动 车检验合格 标志”，适用于“使用伪造 、变造的中型以上货车 检验合格标志的”。本条仅提供官方信息索引，不生成个案处罚结论。,"违法内容：使用伪造 、变造的中型以上货车 检验合格标志的
违法规定：《中华人民共和国道路交通安全法 》第十六条第 三项（具体法条条款同上 ）
法律条文：《中华人民共和国道路交通安全法 》第九十六条第二款 伪造 、变造或者使用伪造 、变造的检验合格标志 、保险标 志的 ， 由公安机关交通管理部门予以收缴 ，扣留该机动 车 ，处十日以下拘留 ，并处一千元以上三千元以下罚款 ； 构成犯罪的 ，依法追究刑事责任 。
违法记分数：0
罚款最小值：1000
罚款最大值：3000
罚款默认值（指导基准）：2000
暂扣：
吊销：
拘留最小：1
拘留最大：10
拘留默认值（指导基准）：7
警告标记：不可 警告",由《自治区道路交通违法行为行政处罚裁量权基准》50104号违法行为行结构化导入，待另一管理员复核后发布。
50105使用伪造 、变造的中型以上客车 、危险物品运输车辆 、校车检验 合格标志的,新公规〔2025〕1号,,新疆维吾尔自治区公安厅,local,traffic,REGIONAL,650000:新疆维吾尔自治区,交通违法裁量基准|伪造变造证牌|危险品运输车|校车|罚款|行政拘留,https://gat.xinjiang.gov.cn/gat/gawj/202503/3936ce139b084a9082a72c5bb554942d.shtml,2025-03-11,2025-04-15,,自2025年4月15日起施行，有效期五年；发生交通事故、吊销或拘留以及警告适用条件以文件统一说明和具体执法事实为准。,2026-08-08,30,,新疆道路交通违法行为代码50105的行政处罚裁量基准，违法描述为“使用伪造、 变造的机动 车检验合格 标志”，适用于“使用伪造 、变造的中型以上客车 、危险物品运输车辆 、校车检验 合格标志的”。本条仅提供官方信息索引，不生成个案处罚结论。,"违法内容：使用伪造 、变造的中型以上客车 、危险物品运输车辆 、校车检验 合格标志的
违法规定：《中华人民共和国道路交通安全法 》第十六条第 三项（具体法条条款同上 ）
法律条文：《中华人民共和国道路交通安全法 》第九十六条第二款 伪造 、变造或者使用伪造 、变造的检验合格标志 、保险标 志的 ， 由公安机关交通管理部门予以收缴 ，扣留该机动 车 ，处十日以下拘留 ，并处一千元以上三千元以下罚款 ； 构成犯罪的 ，依法追究刑事责任 。
违法记分数：0
罚款最小值：1000
罚款最大值：3000
罚款默认值（指导基准）：2500
暂扣：
吊销：
拘留最小：1
拘留最大：10
拘留默认值（指导基准）：10
警告标记：不可 警告",由《自治区道路交通违法行为行政处罚裁量权基准》50105号违法行为行结构化导入，待另一管理员复核后发布。
50112使用伪造 、变造的摩托车保险标志的,新公规〔2025〕1号,,新疆维吾尔自治区公安厅,local,traffic,REGIONAL,650000:新疆维吾尔自治区,交通违法裁量基准|伪造变造证牌|摩托车|罚款|行政拘留,https://gat.xinjiang.gov.cn/gat/gawj/202503/3936ce139b084a9082a72c5bb554942d.shtml,2025-03-11,2025-04-15,,自2025年4月15日起施行，有效期五年；发生交通事故、吊销或拘留以及警告适用条件以文件统一说明和具体执法事实为准。,2026-08-08,30,,新疆道路交通违法行为代码50112的行政处罚裁量基准，违法描述为“使用伪造、 变造的机动 车保险标志”，适用于“使用伪造 、变造的摩托车保险标志的”。本条仅提供官方信息索引，不生成个案处罚结论。,"违法内容：使用伪造 、变造的摩托车保险标志的
违法规定：《中华人民共和国道路交通安全法 》第十六条任 何单位或者个人不得有下列行为 ：第三项伪造、 变造或者使用伪造 、变造的机动车登记证书 、号 牌 、行驶证 、检验合格标志 、保险标志。
法律条文：《中华人民共和国道路交通安全法 》第九十六条第二款 伪造 、变造或者使用伪造 、变造的检验合格标志 、保险标 志的 ， 由公安机关交通管理部门予以收缴 ，扣留该机动 车 ，处十日以下拘留 ，并处一千元以上三千元以下罚款 ； 构成犯罪的 ，依法追究刑事责任 。
违法记分数：0
罚款最小值：1000
罚款最大值：3000
罚款默认值（指导基准）：1000
暂扣：
吊销：
拘留最小：1
拘留最大：10
拘留默认值（指导基准）：3
警告标记：不可 警告",由《自治区道路交通违法行为行政处罚裁量权基准》50112号违法行为行结构化导入，待另一管理员复核后发布。
50113使用伪造 、变造的小微型机动车 保险标志的,新公规〔2025〕1号,,新疆维吾尔自治区公安厅,local,traffic,REGIONAL,650000:新疆维吾尔自治区,交通违法裁量基准|伪造变造证牌|小微型机动车|罚款|行政拘留,https://gat.xinjiang.gov.cn/gat/gawj/202503/3936ce139b084a9082a72c5bb554942d.shtml,2025-03-11,2025-04-15,,自2025年4月15日起施行，有效期五年；发生交通事故、吊销或拘留以及警告适用条件以文件统一说明和具体执法事实为准。,2026-08-08,30,,新疆道路交通违法行为代码50113的行政处罚裁量基准，违法描述为“使用伪造、 变造的机动 车保险标志”，适用于“使用伪造 、变造的小微型机动车 保险标志的”。本条仅提供官方信息索引，不生成个案处罚结论。,"违法内容：使用伪造 、变造的小微型机动车 保险标志的
违法规定：《中华人民共和国道路交通安全法 》第十六条第 三项（具体法条条款同上 ）
法律条文：《中华人民共和国道路交通安全法 》第九十六条第二款 伪造 、变造或者使用伪造 、变造的检验合格标志 、保险标 志的 ， 由公安机关交通管理部门予以收缴 ，扣留该机动 车 ，处十日以下拘留 ，并处一千元以上三千元以下罚款 ； 构成犯罪的 ，依法追究刑事责任 。
违法记分数：0
罚款最小值：1000
罚款最大值：3000
罚款默认值（指导基准）：1500
暂扣：
吊销：
拘留最小：1
拘留最大：10
拘留默认值（指导基准）：5
警告标记：不可 警告",由《自治区道路交通违法行为行政处罚裁量权基准》50113号违法行为行结构化导入，待另一管理员复核后发布。
50114使用伪造 、变造的中型以上货车 保险标志的,新公规〔2025〕1号,,新疆维吾尔自治区公安厅,local,traffic,REGIONAL,650000:新疆维吾尔自治区,交通违法裁量基准|伪造变造证牌|罚款|行政拘留,https://gat.xinjiang.gov.cn/gat/gawj/202503/3936ce139b084a9082a72c5bb554942d.shtml,2025-03-11,2025-04-15,,自2025年4月15日起施行，有效期五年；发生交通事故、吊销或拘留以及警告适用条件以文件统一说明和具体执法事实为准。,2026-08-08,30,,新疆道路交通违法行为代码50114的行政处罚裁量基准，违法描述为“使用伪造、 变造的机动 车保险标志”，适用于“使用伪造 、变造的中型以上货车 保险标志的”。本条仅提供官方信息索引，不生成个案处罚结论。,"违法内容：使用伪造 、变造的中型以上货车 保险标志的
违法规定：《中华人民共和国道路交通安全法 》第十六条第 三项（具体法条条款同上 ）
法律条文：《中华人民共和国道路交通安全法 》第九十六条第二款 伪造 、变造或者使用伪造 、变造的检验合格标志 、保险标 志的 ， 由公安机关交通管理部门予以收缴 ，扣留该机动 车 ，处十日以下拘留 ，并处一千元以上三千元以下罚款 ； 构成犯罪的 ，依法追究刑事责任 。
违法记分数：0
罚款最小值：1000
罚款最大值：3000
罚款默认值（指导基准）：2000
暂扣：
吊销：
拘留最小：1
拘留最大：10
拘留默认值（指导基准）：7
警告标记：不可 警告",由《自治区道路交通违法行为行政处罚裁量权基准》50114号违法行为行结构化导入，待另一管理员复核后发布。
50115使用伪造 、变造的中型以上客车 危险物品运输车辆 、校车保险标 志的,新公规〔2025〕1号,,新疆维吾尔自治区公安厅,local,traffic,REGIONAL,650000:新疆维吾尔自治区,交通违法裁量基准|伪造变造证牌|危险品运输车|校车|罚款|行政拘留,https://gat.xinjiang.gov.cn/gat/gawj/202503/3936ce139b084a9082a72c5bb554942d.shtml,2025-03-11,2025-04-15,,自2025年4月15日起施行，有效期五年；发生交通事故、吊销或拘留以及警告适用条件以文件统一说明和具体执法事实为准。,2026-08-08,30,,新疆道路交通违法行为代码50115的行政处罚裁量基准，违法描述为“使用伪造、 变造的机动 车保险标志”，适用于“使用伪造 、变造的中型以上客车 危险物品运输车辆 、校车保险标 志的”。本条仅提供官方信息索引，不生成个案处罚结论。,"违法内容：使用伪造 、变造的中型以上客车 危险物品运输车辆 、校车保险标 志的
违法规定：《中华人民共和国道路交通安全法 》第十六条第 三项（具体法条条款同上 ）
法律条文：《中华人民共和国道路交通安全法 》第九十六条第二款 伪造 、变造或者使用伪造 、变造的检验合格标志 、保险标 志的 ， 由公安机关交通管理部门予以收缴 ，扣留该机动 车 ，处十日以下拘留 ，并处一千元以上三千元以下罚款 ； 构成犯罪的 ，依法追究刑事责任 。
违法记分数：0
罚款最小值：1000
罚款最大值：3000
罚款默认值（指导基准）：2500
暂扣：
吊销：
拘留最小：1
拘留最大：10
拘留默认值（指导基准）：10
警告标记：不可 警告",由《自治区道路交通违法行为行政处罚裁量权基准》50115号违法行为行结构化导入，待另一管理员复核后发布。
50132使用其他摩托车登记证书的,新公规〔2025〕1号,,新疆维吾尔自治区公安厅,local,traffic,REGIONAL,650000:新疆维吾尔自治区,交通违法裁量基准|使用其他车辆的机动车登记证书|摩托车|罚款,https://gat.xinjiang.gov.cn/gat/gawj/202503/3936ce139b084a9082a72c5bb554942d.shtml,2025-03-11,2025-04-15,,自2025年4月15日起施行，有效期五年；发生交通事故、吊销或拘留以及警告适用条件以文件统一说明和具体执法事实为准。,2026-08-08,30,,新疆道路交通违法行为代码50132的行政处罚裁量基准，违法描述为“使用其他车 辆的机动车 登记证书”，适用于“使用其他摩托车登记证书的”。本条仅提供官方信息索引，不生成个案处罚结论。,"违法内容：使用其他摩托车登记证书的
违法规定：《中华人民共和国道路交通安全法 》第十六条任 何单位或者个人不得有下列行为 ：第四项使用其 他机动车的登记证书 、号牌 、行驶证 、检验合格 标志 、保险标志。
法律条文：《中华人民共和国道路交通安全法 》第九十六条第三款 使用其他车辆的机动车登记证书 、号牌 、行驶证 、检验合 格标志 、保险标志的 ， 由公安机关交通管理部门予以收 缴 ，扣留该机动车 ，处二千元以上五千元以下罚款 。
违法记分数：0
罚款最小值：2000
罚款最大值：5000
罚款默认值（指导基准）：2000
暂扣：
吊销：
拘留最小：0
拘留最大：0
拘留默认值（指导基准）：0
警告标记：不可 警告",由《自治区道路交通违法行为行政处罚裁量权基准》50132号违法行为行结构化导入，待另一管理员复核后发布。
50133使用其他小微型机动车登记证书 的,新公规〔2025〕1号,,新疆维吾尔自治区公安厅,local,traffic,REGIONAL,650000:新疆维吾尔自治区,交通违法裁量基准|使用其他车辆的机动车登记证书|小微型机动车|罚款,https://gat.xinjiang.gov.cn/gat/gawj/202503/3936ce139b084a9082a72c5bb554942d.shtml,2025-03-11,2025-04-15,,自2025年4月15日起施行，有效期五年；发生交通事故、吊销或拘留以及警告适用条件以文件统一说明和具体执法事实为准。,2026-08-08,30,,新疆道路交通违法行为代码50133的行政处罚裁量基准，违法描述为“使用其他车 辆的机动车 登记证书”，适用于“使用其他小微型机动车登记证书 的”。本条仅提供官方信息索引，不生成个案处罚结论。,"违法内容：使用其他小微型机动车登记证书 的
违法规定：《中华人民共和国道路交通安全法 》第十六条第 四项（具体法条条款同上 ）
法律条文：《中华人民共和国道路交通安全法 》第九十六条第三款 使用其他车辆的机动车登记证书 、号牌 、行驶证 、检验合 格标志 、保险标志的 ， 由公安机关交通管理部门予以收 缴 ，扣留该机动车 ，处二千元以上五千元以下罚款 。
违法记分数：0
罚款最小值：2000
罚款最大值：5000
罚款默认值（指导基准）：2500
暂扣：
吊销：
拘留最小：0
拘留最大：0
拘留默认值（指导基准）：0
警告标记：不可 警告",由《自治区道路交通违法行为行政处罚裁量权基准》50133号违法行为行结构化导入，待另一管理员复核后发布。
50134使用其他中型以上货车登记证书 的,新公规〔2025〕1号,,新疆维吾尔自治区公安厅,local,traffic,REGIONAL,650000:新疆维吾尔自治区,交通违法裁量基准|使用其他车辆的机动车登记证书|罚款,https://gat.xinjiang.gov.cn/gat/gawj/202503/3936ce139b084a9082a72c5bb554942d.shtml,2025-03-11,2025-04-15,,自2025年4月15日起施行，有效期五年；发生交通事故、吊销或拘留以及警告适用条件以文件统一说明和具体执法事实为准。,2026-08-08,30,,新疆道路交通违法行为代码50134的行政处罚裁量基准，违法描述为“使用其他车 辆的机动车 登记证书”，适用于“使用其他中型以上货车登记证书 的”。本条仅提供官方信息索引，不生成个案处罚结论。,"违法内容：使用其他中型以上货车登记证书 的
违法规定：《中华人民共和国道路交通安全法 》第十六条第 四项（具体法条条款同上 ）
法律条文：《中华人民共和国道路交通安全法 》第九十六条第三款 使用其他车辆的机动车登记证书 、号牌 、行驶证 、检验合 格标志 、保险标志的 ， 由公安机关交通管理部门予以收 缴 ，扣留该机动车 ，处二千元以上五千元以下罚款 。
违法记分数：0
罚款最小值：2000
罚款最大值：5000
罚款默认值（指导基准）：3500
暂扣：
吊销：
拘留最小：0
拘留最大：0
拘留默认值（指导基准）：0
警告标记：不可 警告",由《自治区道路交通违法行为行政处罚裁量权基准》50134号违法行为行结构化导入，待另一管理员复核后发布。
50135使用其他中型以上客车 、危险物 品运输车辆 、校车登记证书的,新公规〔2025〕1号,,新疆维吾尔自治区公安厅,local,traffic,REGIONAL,650000:新疆维吾尔自治区,交通违法裁量基准|使用其他车辆的机动车登记证书|危险品运输车|校车|罚款,https://gat.xinjiang.gov.cn/gat/gawj/202503/3936ce139b084a9082a72c5bb554942d.shtml,2025-03-11,2025-04-15,,自2025年4月15日起施行，有效期五年；发生交通事故、吊销或拘留以及警告适用条件以文件统一说明和具体执法事实为准。,2026-08-08,30,,新疆道路交通违法行为代码50135的行政处罚裁量基准，违法描述为“使用其他车 辆的机动车 登记证书”，适用于“使用其他中型以上客车 、危险物 品运输车辆 、校车登记证书的”。本条仅提供官方信息索引，不生成个案处罚结论。,"违法内容：使用其他中型以上客车 、危险物 品运输车辆 、校车登记证书的
违法规定：《中华人民共和国道路交通安全法 》第十六条第 四项（具体法条条款同上 ）
法律条文：《中华人民共和国道路交通安全法 》第九十六条第三款 使用其他车辆的机动车登记证书 、号牌 、行驶证 、检验合 格标志 、保险标志的 ， 由公安机关交通管理部门予以收 缴 ，扣留该机动车 ，处二千元以上五千元以下罚款 。
违法记分数：0
罚款最小值：2000
罚款最大值：5000
罚款默认值（指导基准）：4500
暂扣：
吊销：
拘留最小：0
拘留最大：0
拘留默认值（指导基准）：0
警告标记：不可 警告",由《自治区道路交通违法行为行政处罚裁量权基准》50135号违法行为行结构化导入，待另一管理员复核后发布。
50162使用其他摩托车检验合格标志的,新公规〔2025〕1号,,新疆维吾尔自治区公安厅,local,traffic,REGIONAL,650000:新疆维吾尔自治区,交通违法裁量基准|使用其他车辆的机动车检验合格标志|摩托车|罚款,https://gat.xinjiang.gov.cn/gat/gawj/202503/3936ce139b084a9082a72c5bb554942d.shtml,2025-03-11,2025-04-15,,自2025年4月15日起施行，有效期五年；发生交通事故、吊销或拘留以及警告适用条件以文件统一说明和具体执法事实为准。,2026-08-08,30,,新疆道路交通违法行为代码50162的行政处罚裁量基准，违法描述为“使用其他车 辆的机动车 检验合格标 志”，适用于“使用其他摩托车检验合格标志的”。本条仅提供官方信息索引，不生成个案处罚结论。,"违法内容：使用其他摩托车检验合格标志的
违法规定：《中华人民共和国道路交通安全法 》第十六条任 何单位或者个人不得有下列行为 ：第四项使用其 他机动车的登记证书 、号牌 、行驶证 、检验合格 标志 、保险标志。
法律条文：《中华人民共和国道路交通安全法 》第九十六条第三款 使用其他车辆的机动车登记证书 、号牌 、行驶证 、检验合 格标志 、保险标志的 ， 由公安机关交通管理部门予以收 缴 ，扣留该机动车 ，处二千元以上五千元以下罚款 。
违法记分数：0
罚款最小值：2000
罚款最大值：5000
罚款默认值（指导基准）：2000
暂扣：
吊销：
拘留最小：0
拘留最大：0
拘留默认值（指导基准）：0
警告标记：不可 警告",由《自治区道路交通违法行为行政处罚裁量权基准》50162号违法行为行结构化导入，待另一管理员复核后发布。
50163使用其他小微型机动车检验合格 标志的,新公规〔2025〕1号,,新疆维吾尔自治区公安厅,local,traffic,REGIONAL,650000:新疆维吾尔自治区,交通违法裁量基准|使用其他车辆的机动车检验合格标志|小微型机动车|罚款,https://gat.xinjiang.gov.cn/gat/gawj/202503/3936ce139b084a9082a72c5bb554942d.shtml,2025-03-11,2025-04-15,,自2025年4月15日起施行，有效期五年；发生交通事故、吊销或拘留以及警告适用条件以文件统一说明和具体执法事实为准。,2026-08-08,30,,新疆道路交通违法行为代码50163的行政处罚裁量基准，违法描述为“使用其他车 辆的机动车 检验合格标 志”，适用于“使用其他小微型机动车检验合格 标志的”。本条仅提供官方信息索引，不生成个案处罚结论。,"违法内容：使用其他小微型机动车检验合格 标志的
违法规定：《中华人民共和国道路交通安全法 》第十六条第 四项（具体法条条款同上 ）
法律条文：《中华人民共和国道路交通安全法 》第九十六条第三款 使用其他车辆的机动车登记证书 、号牌 、行驶证 、检验合 格标志 、保险标志的 ， 由公安机关交通管理部门予以收 缴 ，扣留该机动车 ，处二千元以上五千元以下罚款 。
违法记分数：0
罚款最小值：2000
罚款最大值：5000
罚款默认值（指导基准）：2500
暂扣：
吊销：
拘留最小：0
拘留最大：0
拘留默认值（指导基准）：0
警告标记：不可 警告",由《自治区道路交通违法行为行政处罚裁量权基准》50163号违法行为行结构化导入，待另一管理员复核后发布。
50164使用其他中型以上货车检验合格 标志的,新公规〔2025〕1号,,新疆维吾尔自治区公安厅,local,traffic,REGIONAL,650000:新疆维吾尔自治区,交通违法裁量基准|使用其他车辆的机动车检验合格标志|罚款,https://gat.xinjiang.gov.cn/gat/gawj/202503/3936ce139b084a9082a72c5bb554942d.shtml,2025-03-11,2025-04-15,,自2025年4月15日起施行，有效期五年；发生交通事故、吊销或拘留以及警告适用条件以文件统一说明和具体执法事实为准。,2026-08-08,30,,新疆道路交通违法行为代码50164的行政处罚裁量基准，违法描述为“使用其他车 辆的机动车 检验合格标 志”，适用于“使用其他中型以上货车检验合格 标志的”。本条仅提供官方信息索引，不生成个案处罚结论。,"违法内容：使用其他中型以上货车检验合格 标志的
违法规定：《中华人民共和国道路交通安全法 》第十六条第 四项（具体法条条款同上 ）
法律条文：《中华人民共和国道路交通安全法 》第九十六条第三款 使用其他车辆的机动车登记证书 、号牌 、行驶证 、检验合 格标志 、保险标志的 ， 由公安机关交通管理部门予以收 缴 ，扣留该机动车 ，处二千元以上五千元以下罚款 。
违法记分数：0
罚款最小值：2000
罚款最大值：5000
罚款默认值（指导基准）：3500
暂扣：
吊销：
拘留最小：0
拘留最大：0
拘留默认值（指导基准）：0
警告标记：不可 警告",由《自治区道路交通违法行为行政处罚裁量权基准》50164号违法行为行结构化导入，待另一管理员复核后发布。
50165使用其他中型以上客车 、危险物 品运输车辆 、校车检验合格标志 的,新公规〔2025〕1号,,新疆维吾尔自治区公安厅,local,traffic,REGIONAL,650000:新疆维吾尔自治区,交通违法裁量基准|使用其他车辆的机动车检验合格标志|危险品运输车|校车|罚款,https://gat.xinjiang.gov.cn/gat/gawj/202503/3936ce139b084a9082a72c5bb554942d.shtml,2025-03-11,2025-04-15,,自2025年4月15日起施行，有效期五年；发生交通事故、吊销或拘留以及警告适用条件以文件统一说明和具体执法事实为准。,2026-08-08,30,,新疆道路交通违法行为代码50165的行政处罚裁量基准，违法描述为“使用其他车 辆的机动车 检验合格标 志”，适用于“使用其他中型以上客车 、危险物 品运输车辆 、校车检验合格标志 的”。本条仅提供官方信息索引，不生成个案处罚结论。,"违法内容：使用其他中型以上客车 、危险物 品运输车辆 、校车检验合格标志 的
违法规定：《中华人民共和国道路交通安全法 》第十六条第 四项（具体法条条款同上 ）
法律条文：《中华人民共和国道路交通安全法 》第九十六条第三款 使用其他车辆的机动车登记证书 、号牌 、行驶证 、检验合 格标志 、保险标志的 ， 由公安机关交通管理部门予以收 缴 ，扣留该机动车 ，处二千元以上五千元以下罚款 。
违法记分数：0
罚款最小值：2000
罚款最大值：5000
罚款默认值（指导基准）：4500
暂扣：
吊销：
拘留最小：0
拘留最大：0
拘留默认值（指导基准）：0
警告标记：不可 警告",由《自治区道路交通违法行为行政处罚裁量权基准》50165号违法行为行结构化导入，待另一管理员复核后发布。
50172使用其他摩托车保险标志的,新公规〔2025〕1号,,新疆维吾尔自治区公安厅,local,traffic,REGIONAL,650000:新疆维吾尔自治区,交通违法裁量基准|使用其他车辆的机动车保险标志|摩托车|罚款,https://gat.xinjiang.gov.cn/gat/gawj/202503/3936ce139b084a9082a72c5bb554942d.shtml,2025-03-11,2025-04-15,,自2025年4月15日起施行，有效期五年；发生交通事故、吊销或拘留以及警告适用条件以文件统一说明和具体执法事实为准。,2026-08-08,30,,新疆道路交通违法行为代码50172的行政处罚裁量基准，违法描述为“使用其他车 辆的机动车 保险标志”，适用于“使用其他摩托车保险标志的”。本条仅提供官方信息索引，不生成个案处罚结论。,"违法内容：使用其他摩托车保险标志的
违法规定：《中华人民共和国道路交通安全法 》第十六条任 何单位或者个人不得有下列行为 ：第四项使用其 他机动车的登记证书 、号牌 、行驶证 、检验合格 标志 、保险标志。
法律条文：《中华人民共和国道路交通安全法 》第九十六条第三款 使用其他车辆的机动车登记证书 、号牌 、行驶证 、检验合 格标志 、保险标志的 ， 由公安机关交通管理部门予以收 缴 ，扣留该机动车 ，处二千元以上五千元以下罚款 。
违法记分数：0
罚款最小值：2000
罚款最大值：5000
罚款默认值（指导基准）：2000
暂扣：
吊销：
拘留最小：0
拘留最大：0
拘留默认值（指导基准）：0
警告标记：不可 警告",由《自治区道路交通违法行为行政处罚裁量权基准》50172号违法行为行结构化导入，待另一管理员复核后发布。
50173使用其他小微型机动车保险标志 的,新公规〔2025〕1号,,新疆维吾尔自治区公安厅,local,traffic,REGIONAL,650000:新疆维吾尔自治区,交通违法裁量基准|使用其他车辆的机动车保险标志|小微型机动车|罚款,https://gat.xinjiang.gov.cn/gat/gawj/202503/3936ce139b084a9082a72c5bb554942d.shtml,2025-03-11,2025-04-15,,自2025年4月15日起施行，有效期五年；发生交通事故、吊销或拘留以及警告适用条件以文件统一说明和具体执法事实为准。,2026-08-08,30,,新疆道路交通违法行为代码50173的行政处罚裁量基准，违法描述为“使用其他车 辆的机动车 保险标志”，适用于“使用其他小微型机动车保险标志 的”。本条仅提供官方信息索引，不生成个案处罚结论。,"违法内容：使用其他小微型机动车保险标志 的
违法规定：《中华人民共和国道路交通安全法 》第十六条第 四项（具体法条条款同上 ）
法律条文：《中华人民共和国道路交通安全法 》第九十六条第三款 使用其他车辆的机动车登记证书 、号牌 、行驶证 、检验合 格标志 、保险标志的 ， 由公安机关交通管理部门予以收 缴 ，扣留该机动车 ，处二千元以上五千元以下罚款 。
违法记分数：0
罚款最小值：2000
罚款最大值：5000
罚款默认值（指导基准）：2500
暂扣：
吊销：
拘留最小：0
拘留最大：0
拘留默认值（指导基准）：0
警告标记：不可 警告",由《自治区道路交通违法行为行政处罚裁量权基准》50173号违法行为行结构化导入，待另一管理员复核后发布。
50174使用其他中型以上货车保险标志 的,新公规〔2025〕1号,,新疆维吾尔自治区公安厅,local,traffic,REGIONAL,650000:新疆维吾尔自治区,交通违法裁量基准|使用其他车辆的机动车保险标志|罚款,https://gat.xinjiang.gov.cn/gat/gawj/202503/3936ce139b084a9082a72c5bb554942d.shtml,2025-03-11,2025-04-15,,自2025年4月15日起施行，有效期五年；发生交通事故、吊销或拘留以及警告适用条件以文件统一说明和具体执法事实为准。,2026-08-08,30,,新疆道路交通违法行为代码50174的行政处罚裁量基准，违法描述为“使用其他车 辆的机动车 保险标志”，适用于“使用其他中型以上货车保险标志 的”。本条仅提供官方信息索引，不生成个案处罚结论。,"违法内容：使用其他中型以上货车保险标志 的
违法规定：《中华人民共和国道路交通安全法 》第十六条第 四项（具体法条条款同上 ）
法律条文：《中华人民共和国道路交通安全法 》第九十六条第三款 使用其他车辆的机动车登记证书 、号牌 、行驶证 、检验合 格标志 、保险标志的 ， 由公安机关交通管理部门予以收 缴 ，扣留该机动车 ，处二千元以上五千元以下罚款 。
违法记分数：0
罚款最小值：2000
罚款最大值：5000
罚款默认值（指导基准）：3500
暂扣：
吊销：
拘留最小：0
拘留最大：0
拘留默认值（指导基准）：0
警告标记：不可 警告",由《自治区道路交通违法行为行政处罚裁量权基准》50174号违法行为行结构化导入，待另一管理员复核后发布。
50181强迫驾驶人违反交通安全法律 、 法规和安全驾驶要求驾驶摩托车 、拖拉机等机动车 、造成交通事 故但尚不构成犯罪的,新公规〔2025〕1号,,新疆维吾尔自治区公安厅,local,traffic,REGIONAL,650000:新疆维吾尔自治区,交通违法裁量基准|强迫他人驾车造成交通事故|摩托车|拖拉机|罚款|行政拘留,https://gat.xinjiang.gov.cn/gat/gawj/202503/3936ce139b084a9082a72c5bb554942d.shtml,2025-03-11,2025-04-15,,自2025年4月15日起施行，有效期五年；发生交通事故、吊销或拘留以及警告适用条件以文件统一说明和具体执法事实为准。,2026-08-08,30,,新疆道路交通违法行为代码50181的行政处罚裁量基准，违法描述为“强迫他人驾 车造成交通 事故”，适用于“强迫驾驶人违反交通安全法律 、 法规和安全驾驶要求驾驶摩托车 、拖拉机等机动车 、造成交通事 故但尚不构成犯罪的”。本条仅提供官方信息索引，不生成个案处罚结论。,"违法内容：强迫驾驶人违反交通安全法律 、 法规和安全驾驶要求驾驶摩托车 、拖拉机等机动车 、造成交通事 故但尚不构成犯罪的
违法规定：《中华人民共和国道路交通安全法 》第二十二条 第三款任何人不得强迫 、指使 、纵容驾驶人违反 道路交通安全法律 、法规和机动车安全驾驶要求 驾驶机动车。
法律条文：《中华人民共和国道路交通安全法 》第九十九条第一款有 下列行为之一的 ， 由公安机关交通管理部门处二百元以上 二千元以下罚款： 第五项强迫机动车驾驶人违反道路交通 安全法律 、法规和机动车安全驾驶要求驾驶机动车 ，造成 交通事故 ， 尚不构成犯罪的 、第二款行为人有前款第二项 、第四项情形之一的 ，可以并处吊销机动车驾驶证 ；有第 一项 、第三项 、第五项至第八项情形之一的 ，可以并处十 五日以下拘留 。
违法记分数：0
罚款最小值：200
罚款最大值：2000
罚款默认值（指导基准）：2000
暂扣：
吊销：
拘留最小：0
拘留最大：15
拘留默认值（指导基准）：3
警告标记：不可 警告",由《自治区道路交通违法行为行政处罚裁量权基准》50181号违法行为行结构化导入，待另一管理员复核后发布。
50182强迫驾驶人违反交通安全法律 、 法规和安全驾驶要求驾驶小微型 机动车的 、造成交通事故但尚不 构成犯罪的,新公规〔2025〕1号,,新疆维吾尔自治区公安厅,local,traffic,REGIONAL,650000:新疆维吾尔自治区,交通违法裁量基准|强迫他人驾车造成交通事故|小微型机动车|罚款|行政拘留,https://gat.xinjiang.gov.cn/gat/gawj/202503/3936ce139b084a9082a72c5bb554942d.shtml,2025-03-11,2025-04-15,,自2025年4月15日起施行，有效期五年；发生交通事故、吊销或拘留以及警告适用条件以文件统一说明和具体执法事实为准。,2026-08-08,30,,新疆道路交通违法行为代码50182的行政处罚裁量基准，违法描述为“强迫他人驾 车造成交通 事故”，适用于“强迫驾驶人违反交通安全法律 、 法规和安全驾驶要求驾驶小微型 机动车的 、造成交通事故但尚不 构成犯罪的”。本条仅提供官方信息索引，不生成个案处罚结论。,"违法内容：强迫驾驶人违反交通安全法律 、 法规和安全驾驶要求驾驶小微型 机动车的 、造成交通事故但尚不 构成犯罪的
违法规定：《中华人民共和国道路交通安全法 》第二十二条 第三款（具体法条条款同上 ）
法律条文：《中华人民共和国道路交通安全法 》第九十九条第一款第 五项 、第二款（具体法条条款同上 ）
违法记分数：0
罚款最小值：200
罚款最大值：2000
罚款默认值（指导基准）：2000
暂扣：
吊销：
拘留最小：0
拘留最大：15
拘留默认值（指导基准）：5
警告标记：不可 警告",由《自治区道路交通违法行为行政处罚裁量权基准》50182号违法行为行结构化导入，待另一管理员复核后发布。
50183强迫驾驶人违反交通安全法律 、 法规和安全驾驶要求驾驶中型及 以上载货机动车的 、造成交通事 故但尚不构成犯罪的,新公规〔2025〕1号,,新疆维吾尔自治区公安厅,local,traffic,REGIONAL,650000:新疆维吾尔自治区,交通违法裁量基准|强迫他人驾车造成交通事故|罚款|行政拘留,https://gat.xinjiang.gov.cn/gat/gawj/202503/3936ce139b084a9082a72c5bb554942d.shtml,2025-03-11,2025-04-15,,自2025年4月15日起施行，有效期五年；发生交通事故、吊销或拘留以及警告适用条件以文件统一说明和具体执法事实为准。,2026-08-08,30,,新疆道路交通违法行为代码50183的行政处罚裁量基准，违法描述为“强迫他人驾 车造成交通 事故”，适用于“强迫驾驶人违反交通安全法律 、 法规和安全驾驶要求驾驶中型及 以上载货机动车的 、造成交通事 故但尚不构成犯罪的”。本条仅提供官方信息索引，不生成个案处罚结论。,"违法内容：强迫驾驶人违反交通安全法律 、 法规和安全驾驶要求驾驶中型及 以上载货机动车的 、造成交通事 故但尚不构成犯罪的
违法规定：《中华人民共和国道路交通安全法 》第二十二条 第三款（具体法条条款同上 ）
法律条文：《中华人民共和国道路交通安全法 》第九十九条第一款第 五项 、第二款（具体法条条款同上 ）
违法记分数：0
罚款最小值：200
罚款最大值：2000
罚款默认值（指导基准）：2000
暂扣：
吊销：
拘留最小：0
拘留最大：15
拘留默认值（指导基准）：7
警告标记：不可 警告",由《自治区道路交通违法行为行政处罚裁量权基准》50183号违法行为行结构化导入，待另一管理员复核后发布。
50184强迫驾驶人违反交通安全法律 、 法规和安全驾驶要求驾驶中型以 上客车 、危险物品运输车辆 、校 车的 、造成交通事故但尚不构成,新公规〔2025〕1号,,新疆维吾尔自治区公安厅,local,traffic,REGIONAL,650000:新疆维吾尔自治区,交通违法裁量基准|强迫他人驾车造成交通事故|危险品运输车|校车|罚款|行政拘留,https://gat.xinjiang.gov.cn/gat/gawj/202503/3936ce139b084a9082a72c5bb554942d.shtml,2025-03-11,2025-04-15,,自2025年4月15日起施行，有效期五年；发生交通事故、吊销或拘留以及警告适用条件以文件统一说明和具体执法事实为准。,2026-08-08,30,,新疆道路交通违法行为代码50184的行政处罚裁量基准，违法描述为“强迫他人驾 车造成交通 事故”，适用于“强迫驾驶人违反交通安全法律 、 法规和安全驾驶要求驾驶中型以 上客车 、危险物品运输车辆 、校 车的 、造成交通事故但尚不构成”。本条仅提供官方信息索引，不生成个案处罚结论。,"违法内容：强迫驾驶人违反交通安全法律 、 法规和安全驾驶要求驾驶中型以 上客车 、危险物品运输车辆 、校 车的 、造成交通事故但尚不构成
违法规定：《中华人民共和国道路交通安全法 》第二十二条 第三款（具体法条条款同上 ）
法律条文：《中华人民共和国道路交通安全法 》第九十九条第一款第 五项 、第二款（具体法条条款同上 ）
违法记分数：0
罚款最小值：200
罚款最大值：2000
罚款默认值（指导基准）：2000
暂扣：
吊销：
拘留最小：0
拘留最大：15
拘留默认值（指导基准）：10
警告标记：不可 警告",由《自治区道路交通违法行为行政处罚裁量权基准》50184号违法行为行结构化导入，待另一管理员复核后发布。
5019犯罪的 故意损毁交通设施 、造成危害后 果 、 尚不构成犯罪的,新公规〔2025〕1号,,新疆维吾尔自治区公安厅,local,traffic,REGIONAL,650000:新疆维吾尔自治区,交通违法裁量基准|损毁交通设施造成严重后果|罚款|行政拘留,https://gat.xinjiang.gov.cn/gat/gawj/202503/3936ce139b084a9082a72c5bb554942d.shtml,2025-03-11,2025-04-15,,自2025年4月15日起施行，有效期五年；发生交通事故、吊销或拘留以及警告适用条件以文件统一说明和具体执法事实为准。,2026-08-08,30,,新疆道路交通违法行为代码5019的行政处罚裁量基准，违法描述为“损毁交通设 施造成严重 后果”，适用于“犯罪的 故意损毁交通设施 、造成危害后 果 、 尚不构成犯罪的”。本条仅提供官方信息索引，不生成个案处罚结论。,"违法内容：犯罪的 故意损毁交通设施 、造成危害后 果 、 尚不构成犯罪的
违法规定：《中华人民共和国道路交通安全法 》第二十八条 第一款任何单位和个人不得擅自设置 、移动 、 占 用、损毁交通信号灯 、交通标志 、交通标线。
法律条文：《中华人民共和国道路交通安全法 》第九十九条有下列行 为之一的 ， 由公安机关交通管理部门处二百元以上二千元 以下罚款： 第一款第七项故意损毁 、移动 、涂改交通设 施 ，造成危害后果 ， 尚不构成犯罪的 、第二款行为人有前 款第二项 、第四项情形之一的 ，可以并处吊销机动车驾驶 证 ；有第一项 、第三项 、第五项至第八项情形之一的 ，可 以并处十五日以下拘留 。
违法记分数：0
罚款最小值：200
罚款最大值：2000
罚款默认值（指导基准）：1800
暂扣：
吊销：
拘留最小：0
拘留最大：15
拘留默认值（指导基准）：7
警告标记：不可 警告",由《自治区道路交通违法行为行政处罚裁量权基准》5019号违法行为行结构化导入，待另一管理员复核后发布。
5020故意移动交通设施 、造成危害后 果 、 尚不构成犯罪的,新公规〔2025〕1号,,新疆维吾尔自治区公安厅,local,traffic,REGIONAL,650000:新疆维吾尔自治区,交通违法裁量基准|移动交通设施造成严重后果|罚款|行政拘留,https://gat.xinjiang.gov.cn/gat/gawj/202503/3936ce139b084a9082a72c5bb554942d.shtml,2025-03-11,2025-04-15,,自2025年4月15日起施行，有效期五年；发生交通事故、吊销或拘留以及警告适用条件以文件统一说明和具体执法事实为准。,2026-08-08,30,,新疆道路交通违法行为代码5020的行政处罚裁量基准，违法描述为“移动交通设 施造成严重 后果”，适用于“故意移动交通设施 、造成危害后 果 、 尚不构成犯罪的”。本条仅提供官方信息索引，不生成个案处罚结论。,"违法内容：故意移动交通设施 、造成危害后 果 、 尚不构成犯罪的
违法规定：《中华人民共和国道路交通安全法 》第二十八条 第一款任何单位和个人不得擅自设置 、移动 、 占 用、损毁交通信号灯 、交通标志 、交通标线。
法律条文：《中华人民共和国道路交通安全法 》第九十九条有下列行 为之一的 ， 由公安机关交通管理部门处二百元以上二千元 以下罚款： 第一款第七项故意损毁 、移动 、涂改交通设 施 ，造成危害后果 ， 尚不构成犯罪的 、第二款行为人有前 款第二项 、第四项情形之一的 ，可以并处吊销机动车驾驶 证 ；有第一项 、第三项 、第五项至第八项情形之一的 ，可 以并处十五日以下拘留 。
违法记分数：0
罚款最小值：200
罚款最大值：2000
罚款默认值（指导基准）：1800
暂扣：
吊销：
拘留最小：0
拘留最大：15
拘留默认值（指导基准）：7
警告标记：不可 警告",由《自治区道路交通违法行为行政处罚裁量权基准》5020号违法行为行结构化导入，待另一管理员复核后发布。
5021故意涂改交通设施 、造成危害后 果 、 尚不构成犯罪的,新公规〔2025〕1号,,新疆维吾尔自治区公安厅,local,traffic,REGIONAL,650000:新疆维吾尔自治区,交通违法裁量基准|涂改交通设施造成严重后果|罚款|行政拘留,https://gat.xinjiang.gov.cn/gat/gawj/202503/3936ce139b084a9082a72c5bb554942d.shtml,2025-03-11,2025-04-15,,自2025年4月15日起施行，有效期五年；发生交通事故、吊销或拘留以及警告适用条件以文件统一说明和具体执法事实为准。,2026-08-08,30,,新疆道路交通违法行为代码5021的行政处罚裁量基准，违法描述为“涂改交通设 施造成严重 后果”，适用于“故意涂改交通设施 、造成危害后 果 、 尚不构成犯罪的”。本条仅提供官方信息索引，不生成个案处罚结论。,"违法内容：故意涂改交通设施 、造成危害后 果 、 尚不构成犯罪的
违法规定：《中华人民共和国道路交通安全法 》第九十九条 第一款第七项故意损毁 、移动 、涂改交通设施， 造成危害后果 ， 尚不构成犯罪的 。
法律条文：《中华人民共和国道路交通安全法 》第九十九条有下列行 为之一的 ， 由公安机关交通管理部门处二百元以上二千元 以下罚款： 第一款第七项故意损毁 、移动 、涂改交通设 施 ，造成危害后果 ， 尚不构成犯罪的 、第二款行为人有前 款第二项 、第四项情形之一的 ，可以并处吊销机动车驾驶 证 ；有第一项 、第三项 、第五项至第八项情形之一的 ，可 以并处十五日以下拘留 。
违法记分数：0
罚款最小值：200
罚款最大值：2000
罚款默认值（指导基准）：1800
暂扣：
吊销：
拘留最小：0
拘留最大：15
拘留默认值（指导基准）：7
警告标记：不可 警告",由《自治区道路交通违法行为行政处罚裁量权基准》5021号违法行为行结构化导入，待另一管理员复核后发布。
5022非法拦载机动车 、不听劝阻 、造 成交通严重阻塞 、较大财产损失 的,新公规〔2025〕1号,,新疆维吾尔自治区公安厅,local,traffic,REGIONAL,650000:新疆维吾尔自治区,交通违法裁量基准|非法拦截机动车|罚款|行政拘留,https://gat.xinjiang.gov.cn/gat/gawj/202503/3936ce139b084a9082a72c5bb554942d.shtml,2025-03-11,2025-04-15,,自2025年4月15日起施行，有效期五年；发生交通事故、吊销或拘留以及警告适用条件以文件统一说明和具体执法事实为准。,2026-08-08,30,,新疆道路交通违法行为代码5022的行政处罚裁量基准，违法描述为“非法拦截机动车”，适用于“非法拦载机动车 、不听劝阻 、造 成交通严重阻塞 、较大财产损失 的”。本条仅提供官方信息索引，不生成个案处罚结论。,"违法内容：非法拦载机动车 、不听劝阻 、造 成交通严重阻塞 、较大财产损失 的
违法规定：《中华人民共和国道路交通安全法 》第九十九条 第一款第八项非法拦截 、扣留机动车辆 ，不听劝 阻，造成交通严重阻塞或者较大财产损失的 。
法律条文：《中华人民共和国道路交通安全法 》第九十九条有下列行 为之一的 ， 由公安机关交通管理部门处二百元以上二千元 以下罚款： 第一款第八项非法拦截 、扣留机动车辆 ，不听 劝阻 ，造成交通严重阻塞或者较大财产损失的 、第二款行 为人有前款第二项 、第四项情形之一的 ，可以并处吊销机 动车驾驶证； 有第一项 、第三项 、第五项至第八项情形之 一的 ，可以并处十五日以下拘留 。
违法记分数：0
罚款最小值：200
罚款最大值：2000
罚款默认值（指导基准）：1800
暂扣：
吊销：
拘留最小：0
拘留最大：15
拘留默认值（指导基准）：7
警告标记：不可 警告",由《自治区道路交通违法行为行政处罚裁量权基准》5022号违法行为行结构化导入，待另一管理员复核后发布。
5023非法扣留机动车辆 、不听劝阻、 造成交通严重阻塞 、较大财产损 失的,新公规〔2025〕1号,,新疆维吾尔自治区公安厅,local,traffic,REGIONAL,650000:新疆维吾尔自治区,交通违法裁量基准|非法扣留机动车|罚款|行政拘留,https://gat.xinjiang.gov.cn/gat/gawj/202503/3936ce139b084a9082a72c5bb554942d.shtml,2025-03-11,2025-04-15,,自2025年4月15日起施行，有效期五年；发生交通事故、吊销或拘留以及警告适用条件以文件统一说明和具体执法事实为准。,2026-08-08,30,,新疆道路交通违法行为代码5023的行政处罚裁量基准，违法描述为“非法扣留机动车”，适用于“非法扣留机动车辆 、不听劝阻、 造成交通严重阻塞 、较大财产损 失的”。本条仅提供官方信息索引，不生成个案处罚结论。,"违法内容：非法扣留机动车辆 、不听劝阻、 造成交通严重阻塞 、较大财产损 失的
违法规定：《中华人民共和国道路交通安全法 》第九十九条 第一款第八项非法拦截 、扣留机动车辆 ，不听劝 阻，造成交通严重阻塞或者较大财产损失的 。
法律条文：《中华人民共和国道路交通安全法 》第九十九条有下列行 为之一的 ， 由公安机关交通管理部门处二百元以上二千元 以下罚款： 第八项第二种行为非法拦截 、扣留机动车辆， 不听劝阻 ，造成交通严重阻塞或者较大财产损失的 。
违法记分数：0
罚款最小值：200
罚款最大值：2000
罚款默认值（指导基准）：1800
暂扣：
吊销：
拘留最小：0
拘留最大：15
拘留默认值（指导基准）：7
警告标记：不可 警告",由《自治区道路交通违法行为行政处罚裁量权基准》5023号违法行为行结构化导入，待另一管理员复核后发布。
5024道路两侧及隔离带上种植物或设 置广告牌 、管线等 、遮挡路灯、 交通信号灯 、交通标志 、妨碍安 全视距拒不排除障碍的,新公规〔2025〕1号,,新疆维吾尔自治区公安厅,local,traffic,REGIONAL,650000:新疆维吾尔自治区,交通违法裁量基准|道路设置物妨碍安全视距不排除|罚款,https://gat.xinjiang.gov.cn/gat/gawj/202503/3936ce139b084a9082a72c5bb554942d.shtml,2025-03-11,2025-04-15,,自2025年4月15日起施行，有效期五年；发生交通事故、吊销或拘留以及警告适用条件以文件统一说明和具体执法事实为准。,2026-08-08,30,,新疆道路交通违法行为代码5024的行政处罚裁量基准，违法描述为“道路设置物 妨碍安全视 距不排除的”，适用于“道路两侧及隔离带上种植物或设 置广告牌 、管线等 、遮挡路灯、 交通信号灯 、交通标志 、妨碍安 全视距拒不排除障碍的”。本条仅提供官方信息索引，不生成个案处罚结论。,"违法内容：道路两侧及隔离带上种植物或设 置广告牌 、管线等 、遮挡路灯、 交通信号灯 、交通标志 、妨碍安 全视距拒不排除障碍的
违法规定：《中华人民共和国道路交通安全法 》第二十八条 第二款道路两侧及隔离带上种植的树木或者其他 植物 ，设置的广告牌 、管线等 ，应当与交通设施 保持必要的距离 ，不得遮挡路灯 、交通信号灯、 交通标志 ，不得妨碍安全视距 ，不得影响通行。
法律条文：《中华人民共和国道路交通安全法 》第一百零六条在道路 两侧及隔离带上种植树木 、其他植物或者设置广告牌 、管 线等 ，遮挡路灯 、交通信号灯 、交通标志 ，妨碍安全视距 的 ， 由公安机关交通管理部门责令行为人排除妨碍 ；拒不 执行的 ，处二百元以上二千元以下罚款 ，并强制排除妨 碍 ，所需费用由行为人负担 。
违法记分数：0
罚款最小值：200
罚款最大值：2000
罚款默认值（指导基准）：1800
暂扣：
吊销：
拘留最小：0
拘留最大：0
拘留默认值（指导基准）：0
警告标记：不可 警告",由《自治区道路交通违法行为行政处罚裁量权基准》5024号违法行为行结构化导入，待另一管理员复核后发布。
5030其他机动车喷涂特种车特定标志 图案的,新公规〔2025〕1号,,新疆维吾尔自治区公安厅,local,traffic,REGIONAL,650000:新疆维吾尔自治区,交通违法裁量基准|其他机动车喷涂特种车特定标志图案|罚款|可警告,https://gat.xinjiang.gov.cn/gat/gawj/202503/3936ce139b084a9082a72c5bb554942d.shtml,2025-03-11,2025-04-15,,自2025年4月15日起施行，有效期五年；发生交通事故、吊销或拘留以及警告适用条件以文件统一说明和具体执法事实为准。,2026-08-08,30,,新疆道路交通违法行为代码5030的行政处罚裁量基准，违法描述为“其他机动车 喷涂特种车 特定标志图 案”，适用于“其他机动车喷涂特种车特定标志 图案的”。本条仅提供官方信息索引，不生成个案处罚结论。,"违法内容：其他机动车喷涂特种车特定标志 图案的
违法规定：《中华人民共和国道路交通安全法 》第十五条第 一款警车 、消防车 、救护车 、工程救险车应当按 照规定喷涂标志图案 ，安装警报器 、标志灯具。 其他机动车不得喷涂 、安装 、使用上述车辆专用 的或者与其相类似的标志图案 、警报器或者标志 灯具
法律条文：《中华人民共和国道路交通安全法 》第九十条机动车驾驶 人违反道路交通安全法律 、法规关于道路通行规定的 ，处 警告或者二十元以上二百元以下罚款 。本法另有规定的， 依照规定处罚 。
违法记分数：0
罚款最小值：20
罚款最大值：200
罚款默认值（指导基准）：180
暂扣：
吊销：
拘留最小：0
拘留最大：0
拘留默认值（指导基准）：0
警告标记：可警告",由《自治区道路交通违法行为行政处罚裁量权基准》5030号违法行为行结构化导入，待另一管理员复核后发布。
5035服用国家管制的精神药品或麻醉 药品仍继续驾驶的,新公规〔2025〕1号,,新疆维吾尔自治区公安厅,local,traffic,REGIONAL,650000:新疆维吾尔自治区,交通违法裁量基准|服用管制药品驾车|罚款|可警告,https://gat.xinjiang.gov.cn/gat/gawj/202503/3936ce139b084a9082a72c5bb554942d.shtml,2025-03-11,2025-04-15,,自2025年4月15日起施行，有效期五年；发生交通事故、吊销或拘留以及警告适用条件以文件统一说明和具体执法事实为准。,2026-08-08,30,,新疆道路交通违法行为代码5035的行政处罚裁量基准，违法描述为“服用管制药 品驾车”，适用于“服用国家管制的精神药品或麻醉 药品仍继续驾驶的”。本条仅提供官方信息索引，不生成个案处罚结论。,"违法内容：服用国家管制的精神药品或麻醉 药品仍继续驾驶的
违法规定：《中华人民共和国道路交通安全法 》第二十二条 第二款饮酒 、服用国家管制的精神药品或者麻醉 药品 ，或者患有妨碍安全驾驶机动车的疾病 ，或 者过度疲劳影响安全驾驶的 ，不得驾驶机动车 。
法律条文：《中华人民共和国道路交通安全法 》第九十条机动车驾驶 人违反道路交通安全法律 、法规关于道路通行规定的 ，处 警告或者二十元以上二百元以下罚款 。本法另有规定的， 依照规定处罚 、《中华人民共和国道路交通安全法 》第二 十二条第二款第一种行为饮酒 、服用国家管制的精神药品 或者麻醉药品 ，或者患有妨碍安全驾驶机动车的疾病 ，或 者过度疲劳影响安全驾驶的 ，不得驾驶机动车 、《中华人 民共和国道路交通安全法实施条例 》第一百零四条机动车 驾驶人有下列行为之一 ，又无其他机动车驾驶人即时替代 驾驶的 ，公安机关交通管理部门除依法给予处罚外 ，可以 将其驾驶的机动车移至不妨碍交通的地点或者有关部门指 定的地点停放第三项饮酒 、服用国家管制的精神药品或者 麻醉药品 、患有妨碍安全驾驶的疾病 ，或者过度疲劳仍继 续驾驶的。
违法记分数：0
罚款最小值：20
罚款最大值：200
罚款默认值（指导基准）：180
暂扣：
吊销：
拘留最小：0
拘留最大：0
拘留默认值（指导基准）：0
警告标记：可警告",由《自治区道路交通违法行为行政处罚裁量权基准》5035号违法行为行结构化导入，待另一管理员复核后发布。
5036患有妨碍安全驾驶机动车的疾病 仍继续驾驶的,新公规〔2025〕1号,,新疆维吾尔自治区公安厅,local,traffic,REGIONAL,650000:新疆维吾尔自治区,交通违法裁量基准|患有妨碍安全驾驶疾病仍驾车|罚款|可警告,https://gat.xinjiang.gov.cn/gat/gawj/202503/3936ce139b084a9082a72c5bb554942d.shtml,2025-03-11,2025-04-15,,自2025年4月15日起施行，有效期五年；发生交通事故、吊销或拘留以及警告适用条件以文件统一说明和具体执法事实为准。,2026-08-08,30,,新疆道路交通违法行为代码5036的行政处罚裁量基准，违法描述为“患有妨碍安 全驾驶疾病 仍驾车”，适用于“患有妨碍安全驾驶机动车的疾病 仍继续驾驶的”。本条仅提供官方信息索引，不生成个案处罚结论。,"违法内容：患有妨碍安全驾驶机动车的疾病 仍继续驾驶的
违法规定：《中华人民共和国道路交通安全法 》第二十二条 第二款饮酒 、服用国家管制的精神药品或者麻醉 药品 ，或者患有妨碍安全驾驶机动车的疾病 ，或 者过度疲劳影响安全驾驶的 ，不得驾驶机动车 。
法律条文：《中华人民共和国道路交通安全法 》第九十条机动车驾驶 人违反道路交通安全法律 、法规关于道路通行规定的 ，处 警告或者二十元以上二百元以下罚款 。本法另有规定的， 依照规定处罚 、《中华人民共和国道路交通安全法 》第二 十二条第二款第二种行为饮酒 、服用国家管制的精神药品 或者麻醉药品 ，或者患有妨碍安全驾驶机动车的疾病 ，或 者过度疲劳影响安全驾驶的 ，不得驾驶机动车 、《中华人 民共和国道路交通安全法实施条例 》第一百零四条机动车 驾驶人有下列行为之一 ，又无其他机动车驾驶人即时替代 驾驶的 ，公安机关交通管理部门除依法给予处罚外 ，可以 将其驾驶的机动车移至不妨碍交通的地点或者有关部门指 定的地点停放第三项饮酒 、服用国家管制的精神药品或者 麻醉药品 、患有妨碍安全驾驶的疾病 ，或者过度疲劳仍继 续驾驶的。
违法记分数：0
罚款最小值：20
罚款最大值：200
罚款默认值（指导基准）：180
暂扣：
吊销：
拘留最小：0
拘留最大：0
拘留默认值（指导基准）：0
警告标记：可警告",由《自治区道路交通违法行为行政处罚裁量权基准》5036号违法行为行结构化导入，待另一管理员复核后发布。
5037过度疲劳仍继续驾驶的,新公规〔2025〕1号,,新疆维吾尔自治区公安厅,local,traffic,REGIONAL,650000:新疆维吾尔自治区,交通违法裁量基准|过度疲劳仍继续驾驶|罚款|可警告,https://gat.xinjiang.gov.cn/gat/gawj/202503/3936ce139b084a9082a72c5bb554942d.shtml,2025-03-11,2025-04-15,,自2025年4月15日起施行，有效期五年；发生交通事故、吊销或拘留以及警告适用条件以文件统一说明和具体执法事实为准。,2026-08-08,30,,新疆道路交通违法行为代码5037的行政处罚裁量基准，违法描述为“过度疲劳仍 继续驾驶”，适用于“过度疲劳仍继续驾驶的”。本条仅提供官方信息索引，不生成个案处罚结论。,"违法内容：过度疲劳仍继续驾驶的
违法规定：《中华人民共和国道路交通安全法 》第二十二条 第二款饮酒 、服用国家管制的精神药品或者麻醉 药品 ，或者患有妨碍安全驾驶机动车的疾病 ，或 者过度疲劳影响安全驾驶的 ，不得驾驶机动车 。
法律条文：《中华人民共和国道路交通安全法 》第九十条机动车驾驶 人违反道路交通安全法律 、法规关于道路通行规定的 ，处 警告或者二十元以上二百元以下罚款 。本法另有规定的， 依照规定处罚 、《中华人民共和国道路交通安全法 》第二 十二条第二款第三种行为饮酒 、服用国家管制的精神药品 或者麻醉药品 ，或者患有妨碍安全驾驶机动车的疾病 ，或 者过度疲劳影响安全驾驶的 ，不得驾驶机动车 、《中华人 民共和国道路交通安全法实施条例 》第一百零四条机动车 驾驶人有下列行为之一 ，又无其他机动车驾驶人即时替代 驾驶的 ，公安机关交通管理部门除依法给予处罚外 ，可以 将其驾驶的机动车移至不妨碍交通的地点或者有关部门指 定的地点停放第三项饮酒 、服用国家管制的精神药品或者 麻醉药品 、患有妨碍安全驾驶的疾病 ，或者过度疲劳仍继 续驾驶的。
违法记分数：0
罚款最小值：20
罚款最大值：200
罚款默认值（指导基准）：180
暂扣：
吊销：
拘留最小：0
拘留最大：0
拘留默认值（指导基准）：0
警告标记：可警告",由《自治区道路交通违法行为行政处罚裁量权基准》5037号违法行为行结构化导入，待另一管理员复核后发布。
50411以欺骗 、贿赂等不正当手段取得 机动车驾驶证的,新公规〔2025〕1号,,新疆维吾尔自治区公安厅,local,traffic,REGIONAL,650000:新疆维吾尔自治区,交通违法裁量基准|骗领驾驶证|罚款,https://gat.xinjiang.gov.cn/gat/gawj/202503/3936ce139b084a9082a72c5bb554942d.shtml,2025-03-11,2025-04-15,,自2025年4月15日起施行，有效期五年；发生交通事故、吊销或拘留以及警告适用条件以文件统一说明和具体执法事实为准。,2026-08-08,30,,新疆道路交通违法行为代码50411的行政处罚裁量基准，违法描述为“以欺骗 、贿 赂等不正当 手段取得机 动车驾驶证 的”，适用于“以欺骗 、贿赂等不正当手段取得 机动车驾驶证的”。本条仅提供官方信息索引，不生成个案处罚结论。,"违法内容：以欺骗 、贿赂等不正当手段取得 机动车驾驶证的
违法规定：《中华人民共和国道路交通安全法实施条例 》第 一百零三条以欺骗 、贿赂等不正当手段取得机动 车登记或者驾驶许可的 ，收缴机动车登记证书 、 号牌 、行驶证或者机动车驾驶证 ，撤销机动车登 记或者机动车驾驶许可 ； 申请人在3年内不得申请 机动车登记或者机动车驾驶许可 。
法律条文：《中华人民共和国道路交通安全法实施条例 》第一百零三 条以欺骗 、贿赂等不正当手段取得机动车登记或者驾驶许 可的 ，收缴机动车登记证书 、号牌 、行驶证或者机动车驾 驶证 ，撤销机动车登记或者机动车驾驶许可 ； 申请人在3 年内不得申请机动车登记或者机动车驾驶许可 ；《机动车 驾驶证申领和使用规定 》第九十三条第三款申请人以欺骗 、贿赂等不正当手段取得机动车驾驶证的 ，公安机关交通 管理部门收缴机动车驾驶证 ，撤销机动车驾驶许可 ，处二 千元以下罚款； 申请人在三年内不得再次申领机动车驾驶 证。
违法记分数：0
罚款最小值：0
罚款最大值：2000
罚款默认值（指导基准）：1800
暂扣：
吊销：
拘留最小：0
拘留最大：0
拘留默认值（指导基准）：0
警告标记：不可 警告",由《自治区道路交通违法行为行政处罚裁量权基准》50411号违法行为行结构化导入，待另一管理员复核后发布。
50461运输单位的小微型客运车辆载客 或小微型货运车辆超载 、经处罚 不改的(对直接负责的主管人员),新公规〔2025〕1号,,新疆维吾尔自治区公安厅,local,traffic,REGIONAL,650000:新疆维吾尔自治区,交通违法裁量基准|载货超载|罚款,https://gat.xinjiang.gov.cn/gat/gawj/202503/3936ce139b084a9082a72c5bb554942d.shtml,2025-03-11,2025-04-15,,自2025年4月15日起施行，有效期五年；发生交通事故、吊销或拘留以及警告适用条件以文件统一说明和具体执法事实为准。,2026-08-08,30,,新疆道路交通违法行为代码50461的行政处罚裁量基准，违法描述为“运输单位处 罚后不改”，适用于“运输单位的小微型客运车辆载客 或小微型货运车辆超载 、经处罚 不改的(对直接负责的主管人员)”。本条仅提供官方信息索引，不生成个案处罚结论。,"违法内容：运输单位的小微型客运车辆载客 或小微型货运车辆超载 、经处罚 不改的(对直接负责的主管人员)
违法规定：《中华人民共和国道路交通安全法 》第九十二条 公路客运车辆载客超过额定乘员的 ，处二百元以 上五百元以下罚款 ；超过额定乘员百分之二十或 者违反规定载货的 ，处五百元以上二千元以下罚 款。 货运机动车超过核定载质量的 ，处二百元以上五 百元以下罚款； 超过核定载质量百分之三十或者 违反规定载客的 ，处五百元以上二千元以下罚款 。 有前两款行为的 ， 由公安机关交通管理部门扣留 机动车至违法状态消除 。 运输单位的车辆有本条第一款 、第二款规定的情 形 ，经处罚不改的 ，对直接负责的主管人员处二 千元以上五千元以下罚款 。
法律条文：《中华人民共和国道路交通安全法 》第九十二条第四款运 输单位的车辆有本条第一款 、第二款规定的情形 ，经处罚 不改的 ，对直接负责的主管人员处二千元以上五千元以下 罚款。
违法记分数：0
罚款最小值：2000
罚款最大值：5000
罚款默认值（指导基准）：2500
暂扣：
吊销：
拘留最小：0
拘留最大：0
拘留默认值（指导基准）：0
警告标记：不可 警告",由《自治区道路交通违法行为行政处罚裁量权基准》50461号违法行为行结构化导入，待另一管理员复核后发布。
50462运输单位的中型客运车辆载客或 中型货运车辆超载 、经处罚不改 的 (对直接负责的主管人员),新公规〔2025〕1号,,新疆维吾尔自治区公安厅,local,traffic,REGIONAL,650000:新疆维吾尔自治区,交通违法裁量基准|载货超载|罚款,https://gat.xinjiang.gov.cn/gat/gawj/202503/3936ce139b084a9082a72c5bb554942d.shtml,2025-03-11,2025-04-15,,自2025年4月15日起施行，有效期五年；发生交通事故、吊销或拘留以及警告适用条件以文件统一说明和具体执法事实为准。,2026-08-08,30,,新疆道路交通违法行为代码50462的行政处罚裁量基准，违法描述为“运输单位处 罚后不改”，适用于“运输单位的中型客运车辆载客或 中型货运车辆超载 、经处罚不改 的 (对直接负责的主管人员)”。本条仅提供官方信息索引，不生成个案处罚结论。,"违法内容：运输单位的中型客运车辆载客或 中型货运车辆超载 、经处罚不改 的 (对直接负责的主管人员)
违法规定：《中华人民共和国道路交通安全法 》第九十二条 第四款（具体法条条款同上 ）
法律条文：《中华人民共和国道路交通安全法 》第九十二条第四款 （具体法条条款同上 ）
违法记分数：0
罚款最小值：2000
罚款最大值：5000
罚款默认值（指导基准）：3500
暂扣：
吊销：
拘留最小：0
拘留最大：0
拘留默认值（指导基准）：0
警告标记：不可 警告",由《自治区道路交通违法行为行政处罚裁量权基准》50462号违法行为行结构化导入，待另一管理员复核后发布。
50463运输单位的大型客运车辆载客或 重型货运车辆超载 、经处罚不改 的 (对直接负责的主管人员),新公规〔2025〕1号,,新疆维吾尔自治区公安厅,local,traffic,REGIONAL,650000:新疆维吾尔自治区,交通违法裁量基准|载货超载|罚款,https://gat.xinjiang.gov.cn/gat/gawj/202503/3936ce139b084a9082a72c5bb554942d.shtml,2025-03-11,2025-04-15,,自2025年4月15日起施行，有效期五年；发生交通事故、吊销或拘留以及警告适用条件以文件统一说明和具体执法事实为准。,2026-08-08,30,,新疆道路交通违法行为代码50463的行政处罚裁量基准，违法描述为“运输单位处 罚后不改”，适用于“运输单位的大型客运车辆载客或 重型货运车辆超载 、经处罚不改 的 (对直接负责的主管人员)”。本条仅提供官方信息索引，不生成个案处罚结论。,"违法内容：运输单位的大型客运车辆载客或 重型货运车辆超载 、经处罚不改 的 (对直接负责的主管人员)
违法规定：《中华人民共和国道路交通安全法 》第九十二条 第四款（具体法条条款同上 ）
法律条文：《中华人民共和国道路交通安全法 》第九十二条第四款 （具体法条条款同上 ）
违法记分数：0
罚款最小值：2000
罚款最大值：5000
罚款默认值（指导基准）：4500
暂扣：
吊销：
拘留最小：0
拘留最大：0
拘留默认值（指导基准）：0
警告标记：不可 警告",由《自治区道路交通违法行为行政处罚裁量权基准》50463号违法行为行结构化导入，待另一管理员复核后发布。
50471改变机动车型号 、发动机号 、车 架号或者车辆识别代号的,新公规〔2025〕1号,,新疆维吾尔自治区公安厅,local,traffic,REGIONAL,650000:新疆维吾尔自治区,交通违法裁量基准|擅自改号|罚款|可警告,https://gat.xinjiang.gov.cn/gat/gawj/202503/3936ce139b084a9082a72c5bb554942d.shtml,2025-03-11,2025-04-15,,自2025年4月15日起施行，有效期五年；发生交通事故、吊销或拘留以及警告适用条件以文件统一说明和具体执法事实为准。,2026-08-08,30,,新疆道路交通违法行为代码50471的行政处罚裁量基准，违法描述为“擅自改号”，适用于“改变机动车型号 、发动机号 、车 架号或者车辆识别代号的”。本条仅提供官方信息索引，不生成个案处罚结论。,"违法内容：改变机动车型号 、发动机号 、车 架号或者车辆识别代号的
违法规定：《中华人民共和国道路交通安全法 》第十六条任 何单位或者个人不得有下列行为 ：第二项改变机 动车型号 、发动机号 、车架号或者车辆识别代号 。
法律条文：《机动车登记规定 》第七十九条除第十六条 、第二十二条 、第二十三条规定的情形外 ，擅自改变机动车外形和已登 记的有关技术参数的 ， 由公安机关交通管理部门责令恢复 原状 ，并处警告或者五百元以下罚款 。
违法记分数：0
罚款最小值：0
罚款最大值：500
罚款默认值（指导基准）：480
暂扣：
吊销：
拘留最小：0
拘留最大：0
拘留默认值（指导基准）：0
警告标记：可警告",由《自治区道路交通违法行为行政处罚裁量权基准》50471号违法行为行结构化导入，待另一管理员复核后发布。
57012使用伪造 、变造摩托车 、拖拉机 等其他机动车号牌的,新公规〔2025〕1号,,新疆维吾尔自治区公安厅,local,traffic,REGIONAL,650000:新疆维吾尔自治区,交通违法裁量基准|伪造变造证牌|摩托车|拖拉机|罚款|行政拘留,https://gat.xinjiang.gov.cn/gat/gawj/202503/3936ce139b084a9082a72c5bb554942d.shtml,2025-03-11,2025-04-15,,自2025年4月15日起施行，有效期五年；发生交通事故、吊销或拘留以及警告适用条件以文件统一说明和具体执法事实为准。,2026-08-08,30,,新疆道路交通违法行为代码57012的行政处罚裁量基准，违法描述为“使用伪造、 变造的机动 车号牌的”，适用于“使用伪造 、变造摩托车 、拖拉机 等其他机动车号牌的”。本条仅提供官方信息索引，不生成个案处罚结论。,"违法内容：使用伪造 、变造摩托车 、拖拉机 等其他机动车号牌的
违法规定：《中华人民共和国道路交通安全法 》第十六条任 何单位或者个人不得有下列行为 ：第三项伪造、 变造或者使用伪造 、变造的机动车登记证书 、号 牌 、行驶证 、检验合格标志 、保险标志。
法律条文：《中华人民共和国道路交通安全法 》第九十六条第一款伪 造 、变造或者使用伪造 、变造的机动车登记证书 、号牌、 行驶证 、驾驶证的 ， 由公安机关交通管理部门予以收缴 ， 扣留该机动车 ，处十五日以下拘留 ，并处二千元以上五千 元以下罚款； 构成犯罪的 ，依法追究刑事责任 。
违法记分数：12
罚款最小值：2000
罚款最大值：5000
罚款默认值（指导基准）：4800
暂扣：
吊销：
拘留最小：1
拘留最大：15
拘留默认值（指导基准）：3
警告标记：不可 警告",由《自治区道路交通违法行为行政处罚裁量权基准》57012号违法行为行结构化导入，待另一管理员复核后发布。
57013使用伪造 、变造小型 、微型非营 运载客汽车号牌的,新公规〔2025〕1号,,新疆维吾尔自治区公安厅,local,traffic,REGIONAL,650000:新疆维吾尔自治区,交通违法裁量基准|伪造变造证牌|罚款|行政拘留,https://gat.xinjiang.gov.cn/gat/gawj/202503/3936ce139b084a9082a72c5bb554942d.shtml,2025-03-11,2025-04-15,,自2025年4月15日起施行，有效期五年；发生交通事故、吊销或拘留以及警告适用条件以文件统一说明和具体执法事实为准。,2026-08-08,30,,新疆道路交通违法行为代码57013的行政处罚裁量基准，违法描述为“使用伪造、 变造的机动 车号牌的”，适用于“使用伪造 、变造小型 、微型非营 运载客汽车号牌的”。本条仅提供官方信息索引，不生成个案处罚结论。,"违法内容：使用伪造 、变造小型 、微型非营 运载客汽车号牌的
违法规定：《中华人民共和国道路交通安全法 》第十六条第 三项（具体法条条款同上 ）
法律条文：《中华人民共和国道路交通安全法 》第九十六条第一款 （具体法条条款同上 ）
违法记分数：12
罚款最小值：2000
罚款最大值：5000
罚款默认值（指导基准）：4800
暂扣：
吊销：
拘留最小：1
拘留最大：15
拘留默认值（指导基准）：5
警告标记：不可 警告",由《自治区道路交通违法行为行政处罚裁量权基准》57013号违法行为行结构化导入，待另一管理员复核后发布。
57014使用伪造 、变造中型及以上载货 汽车号牌的,新公规〔2025〕1号,,新疆维吾尔自治区公安厅,local,traffic,REGIONAL,650000:新疆维吾尔自治区,交通违法裁量基准|伪造变造证牌|载货汽车|罚款|行政拘留,https://gat.xinjiang.gov.cn/gat/gawj/202503/3936ce139b084a9082a72c5bb554942d.shtml,2025-03-11,2025-04-15,,自2025年4月15日起施行，有效期五年；发生交通事故、吊销或拘留以及警告适用条件以文件统一说明和具体执法事实为准。,2026-08-08,30,,新疆道路交通违法行为代码57014的行政处罚裁量基准，违法描述为“使用伪造、 变造的机动 车号牌的”，适用于“使用伪造 、变造中型及以上载货 汽车号牌的”。本条仅提供官方信息索引，不生成个案处罚结论。,"违法内容：使用伪造 、变造中型及以上载货 汽车号牌的
违法规定：《中华人民共和国道路交通安全法 》第十六条第 三项（具体法条条款同上 ）
法律条文：《中华人民共和国道路交通安全法 》第九十六条第一款 （具体法条条款同上 ）
违法记分数：12
罚款最小值：2000
罚款最大值：5000
罚款默认值（指导基准）：4800
暂扣：
吊销：
拘留最小：1
拘留最大：15
拘留默认值（指导基准）：7
警告标记：不可 警告",由《自治区道路交通违法行为行政处罚裁量权基准》57014号违法行为行结构化导入，待另一管理员复核后发布。
57015使用伪造 、变造的中型及以上载 客汽车 、危险物品运输车辆 、校 车号牌的,新公规〔2025〕1号,,新疆维吾尔自治区公安厅,local,traffic,REGIONAL,650000:新疆维吾尔自治区,交通违法裁量基准|伪造变造证牌|危险品运输车|校车|罚款|行政拘留,https://gat.xinjiang.gov.cn/gat/gawj/202503/3936ce139b084a9082a72c5bb554942d.shtml,2025-03-11,2025-04-15,,自2025年4月15日起施行，有效期五年；发生交通事故、吊销或拘留以及警告适用条件以文件统一说明和具体执法事实为准。,2026-08-08,30,,新疆道路交通违法行为代码57015的行政处罚裁量基准，违法描述为“使用伪造、 变造的机动 车号牌的”，适用于“使用伪造 、变造的中型及以上载 客汽车 、危险物品运输车辆 、校 车号牌的”。本条仅提供官方信息索引，不生成个案处罚结论。,"违法内容：使用伪造 、变造的中型及以上载 客汽车 、危险物品运输车辆 、校 车号牌的
违法规定：《中华人民共和国道路交通安全法 》第十六条第 三项（具体法条条款同上 ）
法律条文：《中华人民共和国道路交通安全法 》第九十六条第一款 （具体法条条款同上 ）
违法记分数：12
罚款最小值：2000
罚款最大值：5000
罚款默认值（指导基准）：4800
暂扣：
吊销：
拘留最小：1
拘留最大：15
拘留默认值（指导基准）：10
警告标记：不可 警告",由《自治区道路交通违法行为行政处罚裁量权基准》57015号违法行为行结构化导入，待另一管理员复核后发布。
57022使用伪造 、变造摩托车 、拖拉机 等其他机动车行驶证的,新公规〔2025〕1号,,新疆维吾尔自治区公安厅,local,traffic,REGIONAL,650000:新疆维吾尔自治区,交通违法裁量基准|伪造变造证牌|摩托车|拖拉机|罚款|行政拘留,https://gat.xinjiang.gov.cn/gat/gawj/202503/3936ce139b084a9082a72c5bb554942d.shtml,2025-03-11,2025-04-15,,自2025年4月15日起施行，有效期五年；发生交通事故、吊销或拘留以及警告适用条件以文件统一说明和具体执法事实为准。,2026-08-08,30,,新疆道路交通违法行为代码57022的行政处罚裁量基准，违法描述为“使用伪造、 变造的机动 车行驶证”，适用于“使用伪造 、变造摩托车 、拖拉机 等其他机动车行驶证的”。本条仅提供官方信息索引，不生成个案处罚结论。,"违法内容：使用伪造 、变造摩托车 、拖拉机 等其他机动车行驶证的
违法规定：《中华人民共和国道路交通安全法 》第十六条任 何单位或者个人不得有下列行为 ：第三项伪造、 变造或者使用伪造 、变造的机动车登记证书 、号 牌 、行驶证 、检验合格标志 、保险标志。
法律条文：《中华人民共和国道路交通安全法 》第九十六条第一款伪 造 、变造或者使用伪造 、变造的机动车登记证书 、号牌、 行驶证 、驾驶证的 ， 由公安机关交通管理部门予以收缴 ， 扣留该机动车 ，处十五日以下拘留 ，并处二千元以上五千 元以下罚款； 构成犯罪的 ，依法追究刑事责任 。
违法记分数：12
罚款最小值：2000
罚款最大值：5000
罚款默认值（指导基准）：4800
暂扣：
吊销：
拘留最小：1
拘留最大：15
拘留默认值（指导基准）：3
警告标记：不可 警告",由《自治区道路交通违法行为行政处罚裁量权基准》57022号违法行为行结构化导入，待另一管理员复核后发布。
57023使用伪造 、变造小型 、微型非营 运载客汽车行驶证的,新公规〔2025〕1号,,新疆维吾尔自治区公安厅,local,traffic,REGIONAL,650000:新疆维吾尔自治区,交通违法裁量基准|伪造变造证牌|罚款|行政拘留,https://gat.xinjiang.gov.cn/gat/gawj/202503/3936ce139b084a9082a72c5bb554942d.shtml,2025-03-11,2025-04-15,,自2025年4月15日起施行，有效期五年；发生交通事故、吊销或拘留以及警告适用条件以文件统一说明和具体执法事实为准。,2026-08-08,30,,新疆道路交通违法行为代码57023的行政处罚裁量基准，违法描述为“使用伪造、 变造的机动 车行驶证”，适用于“使用伪造 、变造小型 、微型非营 运载客汽车行驶证的”。本条仅提供官方信息索引，不生成个案处罚结论。,"违法内容：使用伪造 、变造小型 、微型非营 运载客汽车行驶证的
违法规定：《中华人民共和国道路交通安全法 》第十六条第 三项（具体法条条款同上 ）
法律条文：《中华人民共和国道路交通安全法 》第九十六条第一款 （具体法条条款同上 ）
违法记分数：12
罚款最小值：2000
罚款最大值：5000
罚款默认值（指导基准）：4800
暂扣：
吊销：
拘留最小：1
拘留最大：15
拘留默认值（指导基准）：5
警告标记：不可 警告",由《自治区道路交通违法行为行政处罚裁量权基准》57023号违法行为行结构化导入，待另一管理员复核后发布。
57024使用伪造 、变造中型及以上载货 汽车行驶证的,新公规〔2025〕1号,,新疆维吾尔自治区公安厅,local,traffic,REGIONAL,650000:新疆维吾尔自治区,交通违法裁量基准|伪造变造证牌|载货汽车|罚款|行政拘留,https://gat.xinjiang.gov.cn/gat/gawj/202503/3936ce139b084a9082a72c5bb554942d.shtml,2025-03-11,2025-04-15,,自2025年4月15日起施行，有效期五年；发生交通事故、吊销或拘留以及警告适用条件以文件统一说明和具体执法事实为准。,2026-08-08,30,,新疆道路交通违法行为代码57024的行政处罚裁量基准，违法描述为“使用伪造、 变造的机动 车行驶证”，适用于“使用伪造 、变造中型及以上载货 汽车行驶证的”。本条仅提供官方信息索引，不生成个案处罚结论。,"违法内容：使用伪造 、变造中型及以上载货 汽车行驶证的
违法规定：《中华人民共和国道路交通安全法 》第十六条第 三项（具体法条条款同上 ）
法律条文：《中华人民共和国道路交通安全法 》第九十六条第一款 （具体法条条款同上 ）
违法记分数：12
罚款最小值：2000
罚款最大值：5000
罚款默认值（指导基准）：4800
暂扣：
吊销：
拘留最小：1
拘留最大：15
拘留默认值（指导基准）：7
警告标记：不可 警告",由《自治区道路交通违法行为行政处罚裁量权基准》57024号违法行为行结构化导入，待另一管理员复核后发布。
57025使用伪造 、变造中型及以上载客 汽车 、危险物品运输车辆 、校车 行驶证的,新公规〔2025〕1号,,新疆维吾尔自治区公安厅,local,traffic,REGIONAL,650000:新疆维吾尔自治区,交通违法裁量基准|伪造变造证牌|危险品运输车|校车|罚款|行政拘留,https://gat.xinjiang.gov.cn/gat/gawj/202503/3936ce139b084a9082a72c5bb554942d.shtml,2025-03-11,2025-04-15,,自2025年4月15日起施行，有效期五年；发生交通事故、吊销或拘留以及警告适用条件以文件统一说明和具体执法事实为准。,2026-08-08,30,,新疆道路交通违法行为代码57025的行政处罚裁量基准，违法描述为“使用伪造、 变造的机动 车行驶证”，适用于“使用伪造 、变造中型及以上载客 汽车 、危险物品运输车辆 、校车 行驶证的”。本条仅提供官方信息索引，不生成个案处罚结论。,"违法内容：使用伪造 、变造中型及以上载客 汽车 、危险物品运输车辆 、校车 行驶证的
违法规定：《中华人民共和国道路交通安全法 》第十六条第 三项（具体法条条款同上 ）
法律条文：《中华人民共和国道路交通安全法 》第九十六条第一款 （具体法条条款同上 ）
违法记分数：12
罚款最小值：2000
罚款最大值：5000
罚款默认值（指导基准）：4800
暂扣：
吊销：
拘留最小：1
拘留最大：15
拘留默认值（指导基准）：10
警告标记：不可 警告",由《自治区道路交通违法行为行政处罚裁量权基准》57025号违法行为行结构化导入，待另一管理员复核后发布。
57032使用伪造 、变造摩托车 、拖拉机 等其他机动车驾驶证的,新公规〔2025〕1号,,新疆维吾尔自治区公安厅,local,traffic,REGIONAL,650000:新疆维吾尔自治区,交通违法裁量基准|伪造变造证牌|摩托车|拖拉机|罚款|行政拘留,https://gat.xinjiang.gov.cn/gat/gawj/202503/3936ce139b084a9082a72c5bb554942d.shtml,2025-03-11,2025-04-15,,自2025年4月15日起施行，有效期五年；发生交通事故、吊销或拘留以及警告适用条件以文件统一说明和具体执法事实为准。,2026-08-08,30,,新疆道路交通违法行为代码57032的行政处罚裁量基准，违法描述为“使用伪造、 变造的机动 车驾驶证”，适用于“使用伪造 、变造摩托车 、拖拉机 等其他机动车驾驶证的”。本条仅提供官方信息索引，不生成个案处罚结论。,"违法内容：使用伪造 、变造摩托车 、拖拉机 等其他机动车驾驶证的
违法规定：《中华人民共和国道路交通安全法 》第十六条任 何单位或者个人不得有下列行为 ：第三项伪造、 变造或者使用伪造 、变造的机动车登记证书 、号 牌 、行驶证 、检验合格标志 、保险标志。
法律条文：《中华人民共和国道路交通安全法 》第九十六条第一款伪 造 、变造或者使用伪造 、变造的机动车登记证书 、号牌、 行驶证 、驾驶证的 ， 由公安机关交通管理部门予以收缴 ， 扣留该机动车 ，处十五日以下拘留 ，并处二千元以上五千 元以下罚款； 构成犯罪的 ，依法追究刑事责任 。
违法记分数：12
罚款最小值：2000
罚款最大值：5000
罚款默认值（指导基准）：4800
暂扣：
吊销：
拘留最小：1
拘留最大：15
拘留默认值（指导基准）：3
警告标记：不可 警告",由《自治区道路交通违法行为行政处罚裁量权基准》57032号违法行为行结构化导入，待另一管理员复核后发布。
57033使用伪造 、变造小型 、微型非营 运载客汽车驾驶证的,新公规〔2025〕1号,,新疆维吾尔自治区公安厅,local,traffic,REGIONAL,650000:新疆维吾尔自治区,交通违法裁量基准|伪造变造证牌|罚款|行政拘留,https://gat.xinjiang.gov.cn/gat/gawj/202503/3936ce139b084a9082a72c5bb554942d.shtml,2025-03-11,2025-04-15,,自2025年4月15日起施行，有效期五年；发生交通事故、吊销或拘留以及警告适用条件以文件统一说明和具体执法事实为准。,2026-08-08,30,,新疆道路交通违法行为代码57033的行政处罚裁量基准，违法描述为“使用伪造、 变造的机动 车驾驶证”，适用于“使用伪造 、变造小型 、微型非营 运载客汽车驾驶证的”。本条仅提供官方信息索引，不生成个案处罚结论。,"违法内容：使用伪造 、变造小型 、微型非营 运载客汽车驾驶证的
违法规定：《中华人民共和国道路交通安全法 》第十六条第 三项（具体法条条款同上 ）
法律条文：《中华人民共和国道路交通安全法 》第九十六条第一款 （具体法条条款同上 ）
违法记分数：12
罚款最小值：2000
罚款最大值：5000
罚款默认值（指导基准）：4800
暂扣：
吊销：
拘留最小：1
拘留最大：15
拘留默认值（指导基准）：5
警告标记：不可 警告",由《自治区道路交通违法行为行政处罚裁量权基准》57033号违法行为行结构化导入，待另一管理员复核后发布。
57034使用伪造 、变造中型及以上载货 汽车驾驶证的,新公规〔2025〕1号,,新疆维吾尔自治区公安厅,local,traffic,REGIONAL,650000:新疆维吾尔自治区,交通违法裁量基准|伪造变造证牌|载货汽车|罚款|行政拘留,https://gat.xinjiang.gov.cn/gat/gawj/202503/3936ce139b084a9082a72c5bb554942d.shtml,2025-03-11,2025-04-15,,自2025年4月15日起施行，有效期五年；发生交通事故、吊销或拘留以及警告适用条件以文件统一说明和具体执法事实为准。,2026-08-08,30,,新疆道路交通违法行为代码57034的行政处罚裁量基准，违法描述为“使用伪造、 变造的机动 车驾驶证”，适用于“使用伪造 、变造中型及以上载货 汽车驾驶证的”。本条仅提供官方信息索引，不生成个案处罚结论。,"违法内容：使用伪造 、变造中型及以上载货 汽车驾驶证的
违法规定：《中华人民共和国道路交通安全法 》第十六条第 三项（具体法条条款同上 ）
法律条文：《中华人民共和国道路交通安全法 》第九十六条第一款 （具体法条条款同上 ）
违法记分数：12
罚款最小值：2000
罚款最大值：5000
罚款默认值（指导基准）：4800
暂扣：
吊销：
拘留最小：1
拘留最大：15
拘留默认值（指导基准）：7
警告标记：不可 警告",由《自治区道路交通违法行为行政处罚裁量权基准》57034号违法行为行结构化导入，待另一管理员复核后发布。
57035使用伪造 、变造中型及以上载客 汽车 、危险物品运输车辆 、校车 驾驶证的,新公规〔2025〕1号,,新疆维吾尔自治区公安厅,local,traffic,REGIONAL,650000:新疆维吾尔自治区,交通违法裁量基准|伪造变造证牌|危险品运输车|校车|罚款|行政拘留,https://gat.xinjiang.gov.cn/gat/gawj/202503/3936ce139b084a9082a72c5bb554942d.shtml,2025-03-11,2025-04-15,,自2025年4月15日起施行，有效期五年；发生交通事故、吊销或拘留以及警告适用条件以文件统一说明和具体执法事实为准。,2026-08-08,30,,新疆道路交通违法行为代码57035的行政处罚裁量基准，违法描述为“使用伪造、 变造的机动 车驾驶证”，适用于“使用伪造 、变造中型及以上载客 汽车 、危险物品运输车辆 、校车 驾驶证的”。本条仅提供官方信息索引，不生成个案处罚结论。,"违法内容：使用伪造 、变造中型及以上载客 汽车 、危险物品运输车辆 、校车 驾驶证的
违法规定：《中华人民共和国道路交通安全法 》第十六条第 三项（具体法条条款同上 ）
法律条文：《中华人民共和国道路交通安全法 》第九十六条第一款 （具体法条条款同上 ）
违法记分数：12
罚款最小值：2000
罚款最大值：5000
罚款默认值（指导基准）：4800
暂扣：
吊销：
拘留最小：1
拘留最大：15
拘留默认值（指导基准）：10
警告标记：不可 警告",由《自治区道路交通违法行为行政处罚裁量权基准》57035号违法行为行结构化导入，待另一管理员复核后发布。
60171驾驶载客汽车 、货运机动车以外 的其他机动车载人超过核定人数 的,新公规〔2025〕1号,,新疆维吾尔自治区公安厅,local,traffic,REGIONAL,650000:新疆维吾尔自治区,交通违法裁量基准|载客超员|罚款|可警告,https://gat.xinjiang.gov.cn/gat/gawj/202503/3936ce139b084a9082a72c5bb554942d.shtml,2025-03-11,2025-04-15,,自2025年4月15日起施行，有效期五年；发生交通事故、吊销或拘留以及警告适用条件以文件统一说明和具体执法事实为准。,2026-08-08,30,,新疆道路交通违法行为代码60171的行政处罚裁量基准，违法描述为“其他机动车 载人超过核 定人数的”，适用于“驾驶载客汽车 、货运机动车以外 的其他机动车载人超过核定人数 的”。本条仅提供官方信息索引，不生成个案处罚结论。,"违法内容：驾驶载客汽车 、货运机动车以外 的其他机动车载人超过核定人数 的
违法规定：《中华人民共和国道路交通安全法 》第四十九条 机动车载人不得超过核定的人数 ，客运机动车不 得违反规定载货 。
法律条文：《中华人民共和国道路交通安全法 》第九十条机动车驾驶 人违反道路交通安全法律 、法规关于道路通行规定的 ，处 警告或者二十元以上二百元以下罚款 。本法另有规定的， 依照规定处罚 。
违法记分数：0
罚款最小值：20
罚款最大值：200
罚款默认值（指导基准）：60
暂扣：
吊销：
拘留最小：0
拘留最大：0
拘留默认值（指导基准）：0
警告标记：可警告",由《自治区道路交通违法行为行政处罚裁量权基准》60171号违法行为行结构化导入，待另一管理员复核后发布。
60292持有大型客车 、重型牵引挂车、 城市公交车 、 中型客车 、大型货 车驾驶证的驾驶人 、未按照规定 申报变更信息的,新公规〔2025〕1号,,新疆维吾尔自治区公安厅,local,traffic,REGIONAL,650000:新疆维吾尔自治区,交通违法裁量基准|持有大型客车、重型牵引挂车、城市公交车、中型客车|罚款|可警告,https://gat.xinjiang.gov.cn/gat/gawj/202503/3936ce139b084a9082a72c5bb554942d.shtml,2025-03-11,2025-04-15,,自2025年4月15日起施行，有效期五年；发生交通事故、吊销或拘留以及警告适用条件以文件统一说明和具体执法事实为准。,2026-08-08,30,,新疆道路交通违法行为代码60292的行政处罚裁量基准，违法描述为“持有大型客 车 、重型牵 引挂车 、城 市公交车、 中型客车、 大型货车驾 驶证的驾驶 人 、未按照 规定申报变 更信息的”，适用于“持有大型客车 、重型牵引挂车、 城市公交车 、 中型客车 、大型货 车驾驶证的驾驶人 、未按照规定 申报变更信息的”。本条仅提供官方信息索引，不生成个案处罚结论。,"违法内容：持有大型客车 、重型牵引挂车、 城市公交车 、 中型客车 、大型货 车驾驶证的驾驶人 、未按照规定 申报变更信息的
违法规定：《机动车驾驶证申领和使用规定 》第八十一条机 动车驾驶人联系电话 、联系地址等信息发生变化 的 ，应当在信息变更后三十日内 ， 向驾驶证核发 地车辆管理所备案 。 持有大型客车 、重型牵引挂车 、城市公交车 、 中 型客车 、大型货车驾驶证的驾驶人从业单位等信 息发生变化的 ，应当在信息变更后三十日内 ， 向 从业单位所在地车辆管理所备案 。
法律条文：《机动车驾驶证申领和使用规定 》第九十八条第一款机动 车驾驶人有下列行为之一的 ， 由公安机关交通管理部门处 二十元以上二百元以下罚款第三项持有大型客车 、重型牵 引挂车 、城市公交车 、 中型客车 、大型货车驾驶证的驾驶 人 ，未按照第八十一条规定申报变更信息的 。
违法记分数：0
罚款最小值：20
罚款最大值：200
罚款默认值（指导基准）：150
暂扣：
吊销：
拘留最小：0
拘留最大：0
拘留默认值（指导基准）：0
警告标记：可警告",由《自治区道路交通违法行为行政处罚裁量权基准》60292号违法行为行结构化导入，待另一管理员复核后发布。
60352因饮酒后驾驶机动车被处罚 、再 次饮酒后驾驶摩托车 、拖拉机等 其他机动车的,新公规〔2025〕1号,,新疆维吾尔自治区公安厅,local,traffic,REGIONAL,650000:新疆维吾尔自治区,交通违法裁量基准|饮酒驾驶|摩托车|拖拉机|罚款|吊销驾驶证|行政拘留,https://gat.xinjiang.gov.cn/gat/gawj/202503/3936ce139b084a9082a72c5bb554942d.shtml,2025-03-11,2025-04-15,,自2025年4月15日起施行，有效期五年；发生交通事故、吊销或拘留以及警告适用条件以文件统一说明和具体执法事实为准。,2026-08-08,30,,新疆道路交通违法行为代码60352的行政处罚裁量基准，违法描述为“再次酒后驾车的”，适用于“因饮酒后驾驶机动车被处罚 、再 次饮酒后驾驶摩托车 、拖拉机等 其他机动车的”。本条仅提供官方信息索引，不生成个案处罚结论。,"违法内容：因饮酒后驾驶机动车被处罚 、再 次饮酒后驾驶摩托车 、拖拉机等 其他机动车的
违法规定：《中华人民共和国道路交通安全法 》第二十二条 第二款饮酒 、服用国家管制的精神药品或者麻醉 药品 ，或者患有妨碍安全驾驶机动车的疾病 ，或 者过度疲劳影响安全驾驶的 ，不得驾驶机动车 。
法律条文：《中华人民共和国道路交通安全法 》第九十一条第一款饮 酒后驾驶机动车的 ，处暂扣六个月机动车驾驶证 ，并处一 千元以上二千元以下罚款 。 因饮酒后驾驶机动车被处罚 ， 再次饮酒后驾驶机动车的 ，处十日以下拘留 ，并处一千元 以上二千元以下罚款 ， 吊销机动车驾驶证 。
违法记分数：0
罚款最小值：1000
罚款最大值：2000
罚款默认值（指导基准）：1200
暂扣：
吊销：吊销
拘留最小：1
拘留最大：10
拘留默认值（指导基准）：3
警告标记：不可 警告",由《自治区道路交通违法行为行政处罚裁量权基准》60352号违法行为行结构化导入，待另一管理员复核后发布。
60353因饮酒后驾驶机动车被处罚 、再 次饮酒后驾驶小型 、微型非营运 载客汽车的,新公规〔2025〕1号,,新疆维吾尔自治区公安厅,local,traffic,REGIONAL,650000:新疆维吾尔自治区,交通违法裁量基准|饮酒驾驶|罚款|吊销驾驶证|行政拘留,https://gat.xinjiang.gov.cn/gat/gawj/202503/3936ce139b084a9082a72c5bb554942d.shtml,2025-03-11,2025-04-15,,自2025年4月15日起施行，有效期五年；发生交通事故、吊销或拘留以及警告适用条件以文件统一说明和具体执法事实为准。,2026-08-08,30,,新疆道路交通违法行为代码60353的行政处罚裁量基准，违法描述为“再次酒后驾车的”，适用于“因饮酒后驾驶机动车被处罚 、再 次饮酒后驾驶小型 、微型非营运 载客汽车的”。本条仅提供官方信息索引，不生成个案处罚结论。,"违法内容：因饮酒后驾驶机动车被处罚 、再 次饮酒后驾驶小型 、微型非营运 载客汽车的
违法规定：《中华人民共和国道路交通安全法 》第二十二条 第二款（具体法条条款同上 ）
法律条文：《中华人民共和国道路交通安全法 》第九十一条第一款 （具体法条条款同上 ）
违法记分数：0
罚款最小值：1000
罚款最大值：2000
罚款默认值（指导基准）：1400
暂扣：
吊销：吊销
拘留最小：1
拘留最大：10
拘留默认值（指导基准）：5
警告标记：不可 警告",由《自治区道路交通违法行为行政处罚裁量权基准》60353号违法行为行结构化导入，待另一管理员复核后发布。
6036挂车的灯光信号 、制动 、连接、 安全防护等装置不符合国家标准 的,新公规〔2025〕1号,,新疆维吾尔自治区公安厅,local,traffic,REGIONAL,650000:新疆维吾尔自治区,交通违法裁量基准|挂车机件不全|罚款|可警告,https://gat.xinjiang.gov.cn/gat/gawj/202503/3936ce139b084a9082a72c5bb554942d.shtml,2025-03-11,2025-04-15,,自2025年4月15日起施行，有效期五年；发生交通事故、吊销或拘留以及警告适用条件以文件统一说明和具体执法事实为准。,2026-08-08,30,,新疆道路交通违法行为代码6036的行政处罚裁量基准，违法描述为“挂车机件不全的”，适用于“挂车的灯光信号 、制动 、连接、 安全防护等装置不符合国家标准 的”。本条仅提供官方信息索引，不生成个案处罚结论。,"违法内容：挂车的灯光信号 、制动 、连接、 安全防护等装置不符合国家标准 的
违法规定：《中华人民共和国道路交通安全法实施条例 》第 五十六条 机动车牵引挂车应当符合下列规定 ：第 一款第一项（一）载货汽车 、半挂牵引车 、拖拉 机只允许牵引1辆挂车 。挂车的灯光信号 、制动、 连接 、安全防护等装置应当符合国家标准 。
法律条文：《中华人民共和国道路交通安全法 》第九十条机动车驾驶 人违反道路交通安全法律 、法规关于道路通行规定的 ，处 警告或者二十元以上二百元以下罚款 。本法另有规定的， 依照规定处罚 。
违法记分数：0
罚款最小值：20
罚款最大值：200
罚款默认值（指导基准）：150
暂扣：
吊销：
拘留最小：0
拘留最大：0
拘留默认值（指导基准）：0
警告标记：可警告",由《自治区道路交通违法行为行政处罚裁量权基准》6036号违法行为行结构化导入，待另一管理员复核后发布。
6037挂车载人的,新公规〔2025〕1号,,新疆维吾尔自治区公安厅,local,traffic,REGIONAL,650000:新疆维吾尔自治区,交通违法裁量基准|挂车载人|罚款|可警告,https://gat.xinjiang.gov.cn/gat/gawj/202503/3936ce139b084a9082a72c5bb554942d.shtml,2025-03-11,2025-04-15,,自2025年4月15日起施行，有效期五年；发生交通事故、吊销或拘留以及警告适用条件以文件统一说明和具体执法事实为准。,2026-08-08,30,,新疆道路交通违法行为代码6037的行政处罚裁量基准，违法描述为“挂车载人的”，适用于“挂车载人的”。本条仅提供官方信息索引，不生成个案处罚结论。,"违法内容：挂车载人的
违法规定：《中华人民共和国道路交通安全法实施条例 》第 五十六条机动车牵引挂车应当符合下列规定 ：第 一款第二项（二）小型载客汽车只允许牵引旅居 挂车或者总质量 700千克以下的挂车 。挂车不得载 人。
法律条文：《中华人民共和国道路交通安全法 》第九十条机动车驾驶 人违反道路交通安全法律 、法规关于道路通行规定的 ，处 警告或者二十元以上二百元以下罚款 。本法另有规定的， 依照规定处罚 。
违法记分数：0
罚款最小值：20
罚款最大值：200
罚款默认值（指导基准）：150
暂扣：
吊销：
拘留最小：0
拘留最大：0
拘留默认值（指导基准）：0
警告标记：可警告",由《自治区道路交通违法行为行政处罚裁量权基准》6037号违法行为行结构化导入，待另一管理员复核后发布。
6038货运机动车驾驶室载人超过核定 人数的,新公规〔2025〕1号,,新疆维吾尔自治区公安厅,local,traffic,REGIONAL,650000:新疆维吾尔自治区,交通违法裁量基准|载客超员|罚款|可警告,https://gat.xinjiang.gov.cn/gat/gawj/202503/3936ce139b084a9082a72c5bb554942d.shtml,2025-03-11,2025-04-15,,自2025年4月15日起施行，有效期五年；发生交通事故、吊销或拘留以及警告适用条件以文件统一说明和具体执法事实为准。,2026-08-08,30,,新疆道路交通违法行为代码6038的行政处罚裁量基准，违法描述为“货运机动车 驾驶室载人 超过核定人 数的”，适用于“货运机动车驾驶室载人超过核定 人数的”。本条仅提供官方信息索引，不生成个案处罚结论。,"违法内容：货运机动车驾驶室载人超过核定 人数的
违法规定：《中华人民共和国道路交通安全法 》第四十九条 机动车载人不得超过核定的人数 ，客运机动车不 得违反规定载货 。
法律条文：《中华人民共和国道路交通安全法 》第九十条机动车驾驶 人违反道路交通安全法律 、法规关于道路通行规定的 ，处 警告或者二十元以上二百元以下罚款 。本法另有规定的， 依照规定处罚 。
违法记分数：0
罚款最小值：20
罚款最大值：200
罚款默认值（指导基准）：150
暂扣：
吊销：
拘留最小：0
拘留最大：0
拘留默认值（指导基准）：0
警告标记：可警告",由《自治区道路交通违法行为行政处罚裁量权基准》6038号违法行为行结构化导入，待另一管理员复核后发布。
603A1醉酒驾驶摩托车 、 尚不够刑事处罚的,新公规〔2025〕1号,,新疆维吾尔自治区公安厅,local,traffic,REGIONAL,650000:新疆维吾尔自治区,交通违法裁量基准|醉酒驾驶|摩托车|罚款|吊销驾驶证,https://gat.xinjiang.gov.cn/gat/gawj/202503/3936ce139b084a9082a72c5bb554942d.shtml,2025-03-11,2025-04-15,,自2025年4月15日起施行，有效期五年；发生交通事故、吊销或拘留以及警告适用条件以文件统一说明和具体执法事实为准。,2026-08-08,30,,新疆道路交通违法行为代码603A1的行政处罚裁量基准，违法描述为“醉酒驾驶机 动车 、 尚不 够刑事处罚 的”，适用于“醉酒驾驶摩托车 、 尚不够刑事处罚的”。本条仅提供官方信息索引，不生成个案处罚结论。,"违法内容：醉酒驾驶摩托车 、 尚不够刑事处罚的
违法规定：《中华人民共和国道路交通安全法 》第二十二条 第二款饮酒 、服用国家管制的精神药品或者麻醉 药品 ，或者患有妨碍安全驾驶机动车的疾病 ，或 者过度疲劳影响安全驾驶的 ，不得驾驶机动车 。
法律条文：《中华人民共和国道路交通安全法 》第九十一条第一款饮 酒后驾驶机动车的 ，处暂扣六个月机动车驾驶证 ，并处一 千元以上二千元以下罚款 。 因饮酒后驾驶机动车被处罚 ， 再次饮酒后驾驶机动车的 ，处十日以下拘留 ，并处一千元 以上二千元以下罚款 ， 吊销机动车驾驶证 、第二款醉酒驾 驶机动车的 ， 由公安机关交通管理部门约束至酒醒 ， 吊销 机动车驾驶证 ，依法追究刑事责任 ；五年内不得重新取得 机动车驾驶证 。
违法记分数：0
罚款最小值：1000
罚款最大值：2000
罚款默认值（指导基准）：1200
暂扣：
吊销：吊销
拘留最小：0
拘留最大：0
拘留默认值（指导基准）：0
警告标记：不可 警告",由《自治区道路交通违法行为行政处罚裁量权基准》603A1号违法行为行结构化导入，待另一管理员复核后发布。
603A2醉酒驾驶小 、微型机动车 、 尚不够刑事处罚的,新公规〔2025〕1号,,新疆维吾尔自治区公安厅,local,traffic,REGIONAL,650000:新疆维吾尔自治区,交通违法裁量基准|醉酒驾驶|罚款|吊销驾驶证,https://gat.xinjiang.gov.cn/gat/gawj/202503/3936ce139b084a9082a72c5bb554942d.shtml,2025-03-11,2025-04-15,,自2025年4月15日起施行，有效期五年；发生交通事故、吊销或拘留以及警告适用条件以文件统一说明和具体执法事实为准。,2026-08-08,30,,新疆道路交通违法行为代码603A2的行政处罚裁量基准，违法描述为“醉酒驾驶机 动车 、 尚不 够刑事处罚”，适用于“醉酒驾驶小 、微型机动车 、 尚不够刑事处罚的”。本条仅提供官方信息索引，不生成个案处罚结论。,"违法内容：醉酒驾驶小 、微型机动车 、 尚不够刑事处罚的
违法规定：《中华人民共和国道路交通安全法 》第二十二条 第二款（具体法条条款同上 ）
法律条文：《中华人民共和国道路交通安全法 》第九十一条第一款 、 第二款（具体法条条款同上 ）
违法记分数：0
罚款最小值：1000
罚款最大值：2000
罚款默认值（指导基准）：1400
暂扣：
吊销：吊销
拘留最小：0
拘留最大：0
拘留默认值（指导基准）：0
警告标记：不可 警告",由《自治区道路交通违法行为行政处罚裁量权基准》603A2号违法行为行结构化导入，待另一管理员复核后发布。
603A3醉酒驾驶中型以上载货汽车 、 尚 不够刑事处罚的,新公规〔2025〕1号,,新疆维吾尔自治区公安厅,local,traffic,REGIONAL,650000:新疆维吾尔自治区,交通违法裁量基准|醉酒驾驶|载货汽车|罚款|吊销驾驶证,https://gat.xinjiang.gov.cn/gat/gawj/202503/3936ce139b084a9082a72c5bb554942d.shtml,2025-03-11,2025-04-15,,自2025年4月15日起施行，有效期五年；发生交通事故、吊销或拘留以及警告适用条件以文件统一说明和具体执法事实为准。,2026-08-08,30,,新疆道路交通违法行为代码603A3的行政处罚裁量基准，违法描述为“醉酒 驶机 动车 、 尚不 够刑事处罚 的”，适用于“醉酒驾驶中型以上载货汽车 、 尚 不够刑事处罚的”。本条仅提供官方信息索引，不生成个案处罚结论。,"违法内容：醉酒驾驶中型以上载货汽车 、 尚 不够刑事处罚的
违法规定：《中华人民共和国道路交通安全法 》第二十二条 第二款（具体法条条款同上 ）
法律条文：《中华人民共和国道路交通安全法 》第九十一条第一款 、 第二款（具体法条条款同上 ）
违法记分数：0
罚款最小值：1000
罚款最大值：2000
罚款默认值（指导基准）：1600
暂扣：
吊销：吊销
拘留最小：0
拘留最大：0
拘留默认值（指导基准）：0
警告标记：不可 警告",由《自治区道路交通违法行为行政处罚裁量权基准》603A3号违法行为行结构化导入，待另一管理员复核后发布。
603A4醉酒驾驶中型以上载客汽车 、危 化品运输车辆 、校车 、 尚不够刑 事处罚的,新公规〔2025〕1号,,新疆维吾尔自治区公安厅,local,traffic,REGIONAL,650000:新疆维吾尔自治区,交通违法裁量基准|醉酒驾驶|校车|中型以上客车|罚款|吊销驾驶证,https://gat.xinjiang.gov.cn/gat/gawj/202503/3936ce139b084a9082a72c5bb554942d.shtml,2025-03-11,2025-04-15,,自2025年4月15日起施行，有效期五年；发生交通事故、吊销或拘留以及警告适用条件以文件统一说明和具体执法事实为准。,2026-08-08,30,,新疆道路交通违法行为代码603A4的行政处罚裁量基准，违法描述为“醉酒驾驶机 动车 、 尚不 够刑事处罚”，适用于“醉酒驾驶中型以上载客汽车 、危 化品运输车辆 、校车 、 尚不够刑 事处罚的”。本条仅提供官方信息索引，不生成个案处罚结论。,"违法内容：醉酒驾驶中型以上载客汽车 、危 化品运输车辆 、校车 、 尚不够刑 事处罚的
违法规定：《中华人民共和国道路交通安全法 》第二十二条 第二款（具体法条条款同上 ）
法律条文：《中华人民共和国道路交通安全法 》第九十一条第一款 、 第二款（具体法条条款同上 ）
违法记分数：0
罚款最小值：1000
罚款最大值：2000
罚款默认值（指导基准）：1800
暂扣：
吊销：吊销
拘留最小：0
拘留最大：0
拘留默认值（指导基准）：0
警告标记：不可 警告",由《自治区道路交通违法行为行政处罚裁量权基准》603A4号违法行为行结构化导入，待另一管理员复核后发布。
603C1醉酒驾驶摩托车 、 尚不够刑事处 罚且驾驶人曾因饮酒后或者醉酒 驾驶被处罚的,新公规〔2025〕1号,,新疆维吾尔自治区公安厅,local,traffic,REGIONAL,650000:新疆维吾尔自治区,交通违法裁量基准|醉酒驾驶|摩托车|罚款|吊销驾驶证|行政拘留,https://gat.xinjiang.gov.cn/gat/gawj/202503/3936ce139b084a9082a72c5bb554942d.shtml,2025-03-11,2025-04-15,,自2025年4月15日起施行，有效期五年；发生交通事故、吊销或拘留以及警告适用条件以文件统一说明和具体执法事实为准。,2026-08-08,30,,新疆道路交通违法行为代码603C1的行政处罚裁量基准，违法描述为“醉酒 驶机 动车 、 尚不 够刑事处罚 且驾驶人曾 因饮酒后或 者醉酒驾驶 被处罚的”，适用于“醉酒驾驶摩托车 、 尚不够刑事处 罚且驾驶人曾因饮酒后或者醉酒 驾驶被处罚的”。本条仅提供官方信息索引，不生成个案处罚结论。,"违法内容：醉酒驾驶摩托车 、 尚不够刑事处 罚且驾驶人曾因饮酒后或者醉酒 驾驶被处罚的
违法规定：《中华人民共和国道路交通安全法 》第二十二条 第二款（具体法条条款同上 ）
法律条文：《中华人民共和国道路交通安全法 》第九十一条第一款 、 第二款（具体法条条款同上 ）
违法记分数：0
罚款最小值：1000
罚款最大值：2000
罚款默认值（指导基准）：1200
暂扣：
吊销：吊销
拘留最小：1
拘留最大：10
拘留默认值（指导基准）：3
警告标记：不可 警告",由《自治区道路交通违法行为行政处罚裁量权基准》603C1号违法行为行结构化导入，待另一管理员复核后发布。
603C2醉酒驾驶小 、微型机动车 、 尚不 够刑事处罚且驾驶人曾因饮酒后 或者醉酒驾驶被处罚的,新公规〔2025〕1号,,新疆维吾尔自治区公安厅,local,traffic,REGIONAL,650000:新疆维吾尔自治区,交通违法裁量基准|醉酒驾驶|罚款|吊销驾驶证|行政拘留,https://gat.xinjiang.gov.cn/gat/gawj/202503/3936ce139b084a9082a72c5bb554942d.shtml,2025-03-11,2025-04-15,,自2025年4月15日起施行，有效期五年；发生交通事故、吊销或拘留以及警告适用条件以文件统一说明和具体执法事实为准。,2026-08-08,30,,新疆道路交通违法行为代码603C2的行政处罚裁量基准，违法描述为“醉酒驾驶机 动车 、 尚不 够刑事处罚 且驾驶人曾 因饮酒后或 者醉酒驾驶 被处罚的”，适用于“醉酒驾驶小 、微型机动车 、 尚不 够刑事处罚且驾驶人曾因饮酒后 或者醉酒驾驶被处罚的”。本条仅提供官方信息索引，不生成个案处罚结论。,"违法内容：醉酒驾驶小 、微型机动车 、 尚不 够刑事处罚且驾驶人曾因饮酒后 或者醉酒驾驶被处罚的
违法规定：《中华人民共和国道路交通安全法 》第二十二条 第二款（具体法条条款同上 ）
法律条文：《中华人民共和国道路交通安全法 》第九十一条第一款 、 第二款（具体法条条款同上 ）
违法记分数：0
罚款最小值：1000
罚款最大值：2000
罚款默认值（指导基准）：1400
暂扣：
吊销：吊销
拘留最小：1
拘留最大：10
拘留默认值（指导基准）：5
警告标记：不可 警告",由《自治区道路交通违法行为行政处罚裁量权基准》603C2号违法行为行结构化导入，待另一管理员复核后发布。
603C3醉酒驾驶中型以上载货汽车 、 尚 不够刑事处罚且驾驶人曾因饮酒 后或者醉酒驾驶被处罚的,新公规〔2025〕1号,,新疆维吾尔自治区公安厅,local,traffic,REGIONAL,650000:新疆维吾尔自治区,交通违法裁量基准|醉酒驾驶|载货汽车|罚款|吊销驾驶证|行政拘留,https://gat.xinjiang.gov.cn/gat/gawj/202503/3936ce139b084a9082a72c5bb554942d.shtml,2025-03-11,2025-04-15,,自2025年4月15日起施行，有效期五年；发生交通事故、吊销或拘留以及警告适用条件以文件统一说明和具体执法事实为准。,2026-08-08,30,,新疆道路交通违法行为代码603C3的行政处罚裁量基准，违法描述为“醉酒驾驶机 动车 、 尚不 够刑事处罚 且驾驶人曾 因饮酒后或 者醉酒驾驶 被处罚的”，适用于“醉酒驾驶中型以上载货汽车 、 尚 不够刑事处罚且驾驶人曾因饮酒 后或者醉酒驾驶被处罚的”。本条仅提供官方信息索引，不生成个案处罚结论。,"违法内容：醉酒驾驶中型以上载货汽车 、 尚 不够刑事处罚且驾驶人曾因饮酒 后或者醉酒驾驶被处罚的
违法规定：《中华人民共和国道路交通安全法 》第二十二条 第二款（具体法条条款同上 ）
法律条文：《中华人民共和国道路交通安全法 》第九十一条第一款 、 第二款（具体法条条款同上 ）
违法记分数：0
罚款最小值：1000
罚款最大值：2000
罚款默认值（指导基准）：1600
暂扣：
吊销：吊销
拘留最小：1
拘留最大：10
拘留默认值（指导基准）：7
警告标记：不可 警告",由《自治区道路交通违法行为行政处罚裁量权基准》603C3号违法行为行结构化导入，待另一管理员复核后发布。
603C4醉酒驾驶中型以上载客汽车 、危 化品运输车辆 、校车 、 尚不够刑 事处罚且驾驶人曾因饮酒后或者 醉酒驾驶被处罚的,新公规〔2025〕1号,,新疆维吾尔自治区公安厅,local,traffic,REGIONAL,650000:新疆维吾尔自治区,交通违法裁量基准|醉酒驾驶|校车|中型以上客车|罚款|吊销驾驶证|行政拘留,https://gat.xinjiang.gov.cn/gat/gawj/202503/3936ce139b084a9082a72c5bb554942d.shtml,2025-03-11,2025-04-15,,自2025年4月15日起施行，有效期五年；发生交通事故、吊销或拘留以及警告适用条件以文件统一说明和具体执法事实为准。,2026-08-08,30,,新疆道路交通违法行为代码603C4的行政处罚裁量基准，违法描述为“醉酒驾驶机 动车 、 尚不 够刑事处罚 且驾驶人曾 因饮酒后或 者醉酒驾驶 被处罚的”，适用于“醉酒驾驶中型以上载客汽车 、危 化品运输车辆 、校车 、 尚不够刑 事处罚且驾驶人曾因饮酒后或者 醉酒驾驶被处罚的”。本条仅提供官方信息索引，不生成个案处罚结论。,"违法内容：醉酒驾驶中型以上载客汽车 、危 化品运输车辆 、校车 、 尚不够刑 事处罚且驾驶人曾因饮酒后或者 醉酒驾驶被处罚的
违法规定：《中华人民共和国道路交通安全法 》第二十二条 第二款（具体法条条款同上 ）
法律条文：《中华人民共和国道路交通安全法 》第九十一条第一款 、 第二款（具体法条条款同上 ）
违法记分数：0
罚款最小值：1000
罚款最大值：2000
罚款默认值（指导基准）：1800
暂扣：
吊销：吊销
拘留最小：1
拘留最大：10
拘留默认值（指导基准）：10
警告标记：不可 警告",由《自治区道路交通违法行为行政处罚裁量权基准》603C4号违法行为行结构化导入，待另一管理员复核后发布。
603D1饮酒驾驶摩托车 、且曾因醉酒驾驶被处罚的,新公规〔2025〕1号,,新疆维吾尔自治区公安厅,local,traffic,REGIONAL,650000:新疆维吾尔自治区,交通违法裁量基准|醉酒驾驶|摩托车|罚款|吊销驾驶证|行政拘留,https://gat.xinjiang.gov.cn/gat/gawj/202503/3936ce139b084a9082a72c5bb554942d.shtml,2025-03-11,2025-04-15,,自2025年4月15日起施行，有效期五年；发生交通事故、吊销或拘留以及警告适用条件以文件统一说明和具体执法事实为准。,2026-08-08,30,,新疆道路交通违法行为代码603D1的行政处罚裁量基准，违法描述为“饮酒驾驶机 动车且曾因 醉酒驾驶被”，适用于“饮酒驾驶摩托车 、且曾因醉酒驾驶被处罚的”。本条仅提供官方信息索引，不生成个案处罚结论。,"违法内容：饮酒驾驶摩托车 、且曾因醉酒驾驶被处罚的
违法规定：《中华人民共和国道路交通安全法 》第二十二条 第二款（具体法条条款同上 ）
法律条文：《中华人民共和国道路交通安全法 》第九十一条第一款 、 第二款（具体法条条款同上 ）
违法记分数：0
罚款最小值：1000
罚款最大值：2000
罚款默认值（指导基准）：1200
暂扣：
吊销：吊销
拘留最小：1
拘留最大：10
拘留默认值（指导基准）：3
警告标记：不可 警告",由《自治区道路交通违法行为行政处罚裁量权基准》603D1号违法行为行结构化导入，待另一管理员复核后发布。
603D2饮酒驾驶小 、微型机动车 、且曾 因醉酒驾驶被处罚的,新公规〔2025〕1号,,新疆维吾尔自治区公安厅,local,traffic,REGIONAL,650000:新疆维吾尔自治区,交通违法裁量基准|醉酒驾驶|罚款|吊销驾驶证|行政拘留,https://gat.xinjiang.gov.cn/gat/gawj/202503/3936ce139b084a9082a72c5bb554942d.shtml,2025-03-11,2025-04-15,,自2025年4月15日起施行，有效期五年；发生交通事故、吊销或拘留以及警告适用条件以文件统一说明和具体执法事实为准。,2026-08-08,30,,新疆道路交通违法行为代码603D2的行政处罚裁量基准，违法描述为“饮 机 动车且曾因 醉酒驾驶被”，适用于“饮酒驾驶小 、微型机动车 、且曾 因醉酒驾驶被处罚的”。本条仅提供官方信息索引，不生成个案处罚结论。,"违法内容：饮酒驾驶小 、微型机动车 、且曾 因醉酒驾驶被处罚的
违法规定：《中华人民共和国道路交通安全法 》第二十二条 第二款（具体法条条款同上 ）
法律条文：《中华人民共和国道路交通安全法 》第九十一条第一款 、 第二款（具体法条条款同上 ）
违法记分数：0
罚款最小值：1000
罚款最大值：2000
罚款默认值（指导基准）：1400
暂扣：
吊销：吊销
拘留最小：1
拘留最大：10
拘留默认值（指导基准）：5
警告标记：不可 警告",由《自治区道路交通违法行为行政处罚裁量权基准》603D2号违法行为行结构化导入，待另一管理员复核后发布。
603D3饮酒驾驶中型以上载货汽车 、且 曾因醉酒驾驶被处罚的,新公规〔2025〕1号,,新疆维吾尔自治区公安厅,local,traffic,REGIONAL,650000:新疆维吾尔自治区,交通违法裁量基准|醉酒驾驶|载货汽车|罚款|吊销驾驶证|行政拘留,https://gat.xinjiang.gov.cn/gat/gawj/202503/3936ce139b084a9082a72c5bb554942d.shtml,2025-03-11,2025-04-15,,自2025年4月15日起施行，有效期五年；发生交通事故、吊销或拘留以及警告适用条件以文件统一说明和具体执法事实为准。,2026-08-08,30,,新疆道路交通违法行为代码603D3的行政处罚裁量基准，违法描述为“饮 机 动车且曾因 醉酒驾驶被”，适用于“饮酒驾驶中型以上载货汽车 、且 曾因醉酒驾驶被处罚的”。本条仅提供官方信息索引，不生成个案处罚结论。,"违法内容：饮酒驾驶中型以上载货汽车 、且 曾因醉酒驾驶被处罚的
违法规定：《中华人民共和国道路交通安全法 》第二十二条 第二款（具体法条条款同上 ）
法律条文：《中华人民共和国道路交通安全法 》第九十一条第一款 、 第二款（具体法条条款同上 ）
违法记分数：0
罚款最小值：1000
罚款最大值：2000
罚款默认值（指导基准）：1600
暂扣：
吊销：吊销
拘留最小：1
拘留最大：10
拘留默认值（指导基准）：7
警告标记：不可 警告",由《自治区道路交通违法行为行政处罚裁量权基准》603D3号违法行为行结构化导入，待另一管理员复核后发布。
603D4饮酒驾驶中型以上载客汽车 、危 化品运输车辆 、校车 、且曾因醉 酒驾驶被处罚的,新公规〔2025〕1号,,新疆维吾尔自治区公安厅,local,traffic,REGIONAL,650000:新疆维吾尔自治区,交通违法裁量基准|醉酒驾驶|校车|中型以上客车|罚款|吊销驾驶证|行政拘留,https://gat.xinjiang.gov.cn/gat/gawj/202503/3936ce139b084a9082a72c5bb554942d.shtml,2025-03-11,2025-04-15,,自2025年4月15日起施行，有效期五年；发生交通事故、吊销或拘留以及警告适用条件以文件统一说明和具体执法事实为准。,2026-08-08,30,,新疆道路交通违法行为代码603D4的行政处罚裁量基准，违法描述为“饮 机 动车且曾因 醉酒驾驶被”，适用于“饮酒驾驶中型以上载客汽车 、危 化品运输车辆 、校车 、且曾因醉 酒驾驶被处罚的”。本条仅提供官方信息索引，不生成个案处罚结论。,"违法内容：饮酒驾驶中型以上载客汽车 、危 化品运输车辆 、校车 、且曾因醉 酒驾驶被处罚的
违法规定：《中华人民共和国道路交通安全法 》第二十二条 第二款（具体法条条款同上 ）
法律条文：《中华人民共和国道路交通安全法 》第九十一条第一款 、 第二款（具体法条条款同上 ）
违法记分数：0
罚款最小值：1000
罚款最大值：2000
罚款默认值（指导基准）：1800
暂扣：
吊销：吊销
拘留最小：1
拘留最大：10
拘留默认值（指导基准）：10
警告标记：不可 警告",由《自治区道路交通违法行为行政处罚裁量权基准》603D4号违法行为行结构化导入，待另一管理员复核后发布。
60451摩托车号牌不清晰 、不完整的,新公规〔2025〕1号,,新疆维吾尔自治区公安厅,local,traffic,REGIONAL,650000:新疆维吾尔自治区,交通违法裁量基准|处罚的机动车号牌不清晰、不完整|摩托车|罚款|可警告,https://gat.xinjiang.gov.cn/gat/gawj/202503/3936ce139b084a9082a72c5bb554942d.shtml,2025-03-11,2025-04-15,,自2025年4月15日起施行，有效期五年；发生交通事故、吊销或拘留以及警告适用条件以文件统一说明和具体执法事实为准。,2026-08-08,30,,新疆道路交通违法行为代码60451的行政处罚裁量基准，违法描述为“处罚的 机动车号牌 不清晰 、不 完整的”，适用于“摩托车号牌不清晰 、不完整的”。本条仅提供官方信息索引，不生成个案处罚结论。,"违法内容：摩托车号牌不清晰 、不完整的
违法规定：《中华人民共和国道路交通安全法 》第十一条第 二款机动车号牌应当按照规定悬挂并保持清晰 、 完整 ，不得故意遮挡 、污损
法律条文：《中华人民共和国道路交通安全法 》第九十条机动车驾驶 人违反道路交通安全法律 、法规关于道路通行规定的 ，处 警告或者二十元以上二百元以下罚款 。本法另有规定的， 依照规定处罚
违法记分数：0
罚款最小值：20
罚款最大值：200
罚款默认值（指导基准）：60
暂扣：
吊销：
拘留最小：0
拘留最大：0
拘留默认值（指导基准）：0
警告标记：可警告",由《自治区道路交通违法行为行政处罚裁量权基准》60451号违法行为行结构化导入，待另一管理员复核后发布。
60452小、微型机动车号牌不清晰 、不完整的,新公规〔2025〕1号,,新疆维吾尔自治区公安厅,local,traffic,REGIONAL,650000:新疆维吾尔自治区,交通违法裁量基准|机动车号牌不清晰、不完整|罚款|可警告,https://gat.xinjiang.gov.cn/gat/gawj/202503/3936ce139b084a9082a72c5bb554942d.shtml,2025-03-11,2025-04-15,,自2025年4月15日起施行，有效期五年；发生交通事故、吊销或拘留以及警告适用条件以文件统一说明和具体执法事实为准。,2026-08-08,30,,新疆道路交通违法行为代码60452的行政处罚裁量基准，违法描述为“机动车号牌 不清晰 、不 完整的”，适用于“小、微型机动车号牌不清晰 、不完整的”。本条仅提供官方信息索引，不生成个案处罚结论。,"违法内容：小、微型机动车号牌不清晰 、不完整的
违法规定：《中华人民共和国道路交通安全法 》第十一条第 二款（具体法条条款同上 ）
法律条文：《中华人民共和国道路交通安全法 》第九十条（具体法条条款同上）
违法记分数：0
罚款最小值：20
罚款最大值：200
罚款默认值（指导基准）：90
暂扣：
吊销：
拘留最小：0
拘留最大：0
拘留默认值（指导基准）：0
警告标记：可警告",由《自治区道路交通违法行为行政处罚裁量权基准》60452号违法行为行结构化导入，待另一管理员复核后发布。
60453中型以上载货汽车号牌不清晰 、 不完整的,新公规〔2025〕1号,,新疆维吾尔自治区公安厅,local,traffic,REGIONAL,650000:新疆维吾尔自治区,交通违法裁量基准|机动车号牌不清晰、不完整|载货汽车|罚款|可警告,https://gat.xinjiang.gov.cn/gat/gawj/202503/3936ce139b084a9082a72c5bb554942d.shtml,2025-03-11,2025-04-15,,自2025年4月15日起施行，有效期五年；发生交通事故、吊销或拘留以及警告适用条件以文件统一说明和具体执法事实为准。,2026-08-08,30,,新疆道路交通违法行为代码60453的行政处罚裁量基准，违法描述为“机动车号牌 不清晰 、不 完整的”，适用于“中型以上载货汽车号牌不清晰 、 不完整的”。本条仅提供官方信息索引，不生成个案处罚结论。,"违法内容：中型以上载货汽车号牌不清晰 、 不完整的
违法规定：《中华人民共和国道路交通安全法 》第十一条第 二款（具体法条条款同上 ）
法律条文：《中华人民共和国道路交通安全法 》第九十条（具体法条条款同上）
违法记分数：0
罚款最小值：20
罚款最大值：200
罚款默认值（指导基准）：120
暂扣：
吊销：
拘留最小：0
拘留最大：0
拘留默认值（指导基准）：0
警告标记：可警告",由《自治区道路交通违法行为行政处罚裁量权基准》60453号违法行为行结构化导入，待另一管理员复核后发布。
60454中型以上载客汽车 、危化品运输 车辆 、校车号牌不清晰 、不完整 的,新公规〔2025〕1号,,新疆维吾尔自治区公安厅,local,traffic,REGIONAL,650000:新疆维吾尔自治区,交通违法裁量基准|机动车号牌不清晰、不完整|校车|中型以上客车|罚款|可警告,https://gat.xinjiang.gov.cn/gat/gawj/202503/3936ce139b084a9082a72c5bb554942d.shtml,2025-03-11,2025-04-15,,自2025年4月15日起施行，有效期五年；发生交通事故、吊销或拘留以及警告适用条件以文件统一说明和具体执法事实为准。,2026-08-08,30,,新疆道路交通违法行为代码60454的行政处罚裁量基准，违法描述为“机动车号牌 不清晰 、不 完整的”，适用于“中型以上载客汽车 、危化品运输 车辆 、校车号牌不清晰 、不完整 的”。本条仅提供官方信息索引，不生成个案处罚结论。,"违法内容：中型以上载客汽车 、危化品运输 车辆 、校车号牌不清晰 、不完整 的
违法规定：《中华人民共和国道路交通安全法 》第十一条第 二款（具体法条条款同上 ）
法律条文：《中华人民共和国道路交通安全法 》第九十条（具体法条条款同上）
违法记分数：0
罚款最小值：20
罚款最大值：200
罚款默认值（指导基准）：150
暂扣：
吊销：
拘留最小：0
拘留最大：0
拘留默认值（指导基准）：0
警告标记：可警告",由《自治区道路交通违法行为行政处罚裁量权基准》60454号违法行为行结构化导入，待另一管理员复核后发布。
60542摩托车驾驶证申请人在道路上学 习驾驶时 、未取得学习驾驶证明 的,新公规〔2025〕1号,,新疆维吾尔自治区公安厅,local,traffic,REGIONAL,650000:新疆维吾尔自治区,交通违法裁量基准|无证驾驶|摩托车|罚款|行政拘留,https://gat.xinjiang.gov.cn/gat/gawj/202503/3936ce139b084a9082a72c5bb554942d.shtml,2025-03-11,2025-04-15,,自2025年4月15日起施行，有效期五年；发生交通事故、吊销或拘留以及警告适用条件以文件统一说明和具体执法事实为准。,2026-08-08,30,,新疆道路交通违法行为代码60542的行政处罚裁量基准，违法描述为“学习驾驶时 未取得学习 驾驶证明的”，适用于“摩托车驾驶证申请人在道路上学 习驾驶时 、未取得学习驾驶证明 的”。本条仅提供官方信息索引，不生成个案处罚结论。,"违法内容：摩托车驾驶证申请人在道路上学 习驾驶时 、未取得学习驾驶证明 的
违法规定：《机动车驾驶证申领和使用规定 》第四十一条 申 请人在场地和道路上学习驾驶 ，应当按规定取得 学习驾驶证明 。学习驾驶证明的有效期为三年 ， 但有效期截止日期不得超过申请年龄条件上限 。 申请人应当在有效期内完成科目二和科目三考试 。未在有效期内完成考试的 ， 已考试合格的科目 成绩作废。 学习驾驶证明可以采用纸质或者电子形式 ，纸质 学习驾驶证明和电子学习驾驶证明具有同等效力 。 申请人可以通过互联网交通安全综合服务管理 平台打印或者下载学习驾驶证明 。
法律条文：《中华人民共和国道路交通安全法 》第九十九条第一款有 下列行为之一的 ， 由公安机关交通管理部门处二百元以上 二千元以下罚款：（一）未取得机动车驾驶证 、机动车驾 驶证被吊销或者机动车驾驶证被暂扣期间驾驶机动车的 、 第二款行为人有前款第二项 、第四项情形之一的 ，可以并 处吊销机动车驾驶证 ；有第一项 、第三项 、第五项至第八 项情形之一的 ，可以并处十五日以下拘留 、《机动车驾驶 证申领和使用规定》 第九十七条第一款申请人在道路上学 习驾驶时 ，有下列情形之一的 ， 由公安机关交通管理部门 按照《道路交通安全法 》第九十九条第一款第一项规定予 以处罚：第一项未取得学习驾驶证明的 。
违法记分数：0
罚款最小值：200
罚款最大值：2000
罚款默认值（指导基准）：600
暂扣：
吊销：
拘留最小：0
拘留最大：15
拘留默认值（指导基准）：5
警告标记：不可 警告",由《自治区道路交通违法行为行政处罚裁量权基准》60542号违法行为行结构化导入，待另一管理员复核后发布。
60543小、微型机动车驾驶证申请人在 道路上学习驾驶时 、未取得学习 驾驶证明的,新公规〔2025〕1号,,新疆维吾尔自治区公安厅,local,traffic,REGIONAL,650000:新疆维吾尔自治区,交通违法裁量基准|无证驾驶|罚款|行政拘留,https://gat.xinjiang.gov.cn/gat/gawj/202503/3936ce139b084a9082a72c5bb554942d.shtml,2025-03-11,2025-04-15,,自2025年4月15日起施行，有效期五年；发生交通事故、吊销或拘留以及警告适用条件以文件统一说明和具体执法事实为准。,2026-08-08,30,,新疆道路交通违法行为代码60543的行政处罚裁量基准，违法描述为“学习驾驶时 未取得学习 驾驶证明的”，适用于“小、微型机动车驾驶证申请人在 道路上学习驾驶时 、未取得学习 驾驶证明的”。本条仅提供官方信息索引，不生成个案处罚结论。,"违法内容：小、微型机动车驾驶证申请人在 道路上学习驾驶时 、未取得学习 驾驶证明的
违法规定：《机动车驾驶证申领和使用规定 》第四十一条 （具体法条条款同上 ）
法律条文：《中华人民共和国道路交通安全法 》第九十九条第一款第 一项 、第二款 、《机动车驾驶证申领和使用规定 》第九十 七条第一款（具体法条条款同上 ）
违法记分数：0
罚款最小值：200
罚款最大值：2000
罚款默认值（指导基准）：900
暂扣：
吊销：
拘留最小：0
拘留最大：15
拘留默认值（指导基准）：5
警告标记：不可 警告",由《自治区道路交通违法行为行政处罚裁量权基准》60543号违法行为行结构化导入，待另一管理员复核后发布。
60544中型以上客 、货运汽车驾驶证申 请人在道路上学习驾驶时 、未取 得学习驾驶证明的,新公规〔2025〕1号,,新疆维吾尔自治区公安厅,local,traffic,REGIONAL,650000:新疆维吾尔自治区,交通违法裁量基准|无证驾驶|罚款|行政拘留,https://gat.xinjiang.gov.cn/gat/gawj/202503/3936ce139b084a9082a72c5bb554942d.shtml,2025-03-11,2025-04-15,,自2025年4月15日起施行，有效期五年；发生交通事故、吊销或拘留以及警告适用条件以文件统一说明和具体执法事实为准。,2026-08-08,30,,新疆道路交通违法行为代码60544的行政处罚裁量基准，违法描述为“学习驾驶时 未取得学习 驾驶证明的”，适用于“中型以上客 、货运汽车驾驶证申 请人在道路上学习驾驶时 、未取 得学习驾驶证明的”。本条仅提供官方信息索引，不生成个案处罚结论。,"违法内容：中型以上客 、货运汽车驾驶证申 请人在道路上学习驾驶时 、未取 得学习驾驶证明的
违法规定：《机动车驾驶证申领和使用规定 》第四十一条 （具体法条条款同上 ）
法律条文：《中华人民共和国道路交通安全法 》第九十九条第一款第 一项 、第二款 、《机动车驾驶证申领和使用规定 》第九十 七条第一款（具体法条条款同上 ）
违法记分数：0
罚款最小值：200
罚款最大值：2000
罚款默认值（指导基准）：1200
暂扣：
吊销：
拘留最小：0
拘留最大：15
拘留默认值（指导基准）：7
警告标记：不可 警告",由《自治区道路交通违法行为行政处罚裁量权基准》60544号违法行为行结构化导入，待另一管理员复核后发布。
60545大型客车驾驶证申请人在道路上 学习驾驶时 、未取得学习驾驶证 明的,新公规〔2025〕1号,,新疆维吾尔自治区公安厅,local,traffic,REGIONAL,650000:新疆维吾尔自治区,交通违法裁量基准|无证驾驶|罚款|行政拘留,https://gat.xinjiang.gov.cn/gat/gawj/202503/3936ce139b084a9082a72c5bb554942d.shtml,2025-03-11,2025-04-15,,自2025年4月15日起施行，有效期五年；发生交通事故、吊销或拘留以及警告适用条件以文件统一说明和具体执法事实为准。,2026-08-08,30,,新疆道路交通违法行为代码60545的行政处罚裁量基准，违法描述为“学习驾驶时 未取得学习 驾驶证明的”，适用于“大型客车驾驶证申请人在道路上 学习驾驶时 、未取得学习驾驶证 明的”。本条仅提供官方信息索引，不生成个案处罚结论。,"违法内容：大型客车驾驶证申请人在道路上 学习驾驶时 、未取得学习驾驶证 明的
违法规定：《机动车驾驶证申领和使用规定 》第四十一条 （具体法条条款同上 ）
法律条文：《中华人民共和国道路交通安全法 》第九十九条第一款第 一项 、第二款 、《机动车驾驶证申领和使用规定 》第九十 七条第一款（具体法条条款同上 ）
违法记分数：0
罚款最小值：200
罚款最大值：2000
罚款默认值（指导基准）：1500
暂扣：
吊销：
拘留最小：0
拘留最大：15
拘留默认值（指导基准）：10
警告标记：不可 警告",由《自治区道路交通违法行为行政处罚裁量权基准》60545号违法行为行结构化导入，待另一管理员复核后发布。
60562摩托车驾驶证申请人在道路上学 习驾驶时 、 由不符合规定的人员 随车指导的,新公规〔2025〕1号,,新疆维吾尔自治区公安厅,local,traffic,REGIONAL,650000:新疆维吾尔自治区,交通违法裁量基准|违规学习驾驶|摩托车|罚款|行政拘留,https://gat.xinjiang.gov.cn/gat/gawj/202503/3936ce139b084a9082a72c5bb554942d.shtml,2025-03-11,2025-04-15,,自2025年4月15日起施行，有效期五年；发生交通事故、吊销或拘留以及警告适用条件以文件统一说明和具体执法事实为准。,2026-08-08,30,,新疆道路交通违法行为代码60562的行政处罚裁量基准，违法描述为“学习驾驶时 由不符合规 定的人员随 车指导的”，适用于“摩托车驾驶证申请人在道路上学 习驾驶时 、 由不符合规定的人员 随车指导的”。本条仅提供官方信息索引，不生成个案处罚结论。,"违法内容：摩托车驾驶证申请人在道路上学 习驾驶时 、 由不符合规定的人员 随车指导的
违法规定：《机动车驾驶证申领和使用规定 》第四十二条 申 请人在道路上学习驾驶 ，应当随身携带学习驾驶 证明 ，使用教练车或者学车专用标识签注的自学 用车 ，在教练员或者学车专用标识签注的指导人 员随车指导下 ，按照公安机关交通管理部门指定 的路线 、时间进行。 申请人为自学直考人员的 ，在道路上学习驾驶 时 ，应当在自学用车上按规定放置 、粘贴学车专 用标识 ， 自学用车不得搭载随车指导人员以外的 其他人员。
法律条文：《中华人民共和国道路交通安全法 》第九十九条第一款有 下列行为之一的 ， 由公安机关交通管理部门处二百元以上 二千元以下罚款：（一）未取得机动车驾驶证 、机动车驾 驶证被吊销或者机动车驾驶证被暂扣期间驾驶机动车的 、 第二款行为人有前款第二项 、第四项情形之一的 ，可以并 处吊销机动车驾驶证 ；有第一项 、第三项 、第五项至第八 项情形之一的 ，可以并处十五日以下拘留 、《机动车驾驶 证申领和使用规定》 第九十七条第一款申请人在道路上学 习驾驶时 ，有下列情形之一的 ， 由公安机关交通管理部门 按照《道路交通安全法 》第九十九条第一款第一项规定予 以处罚：第三项由不符合规定的人员随车指导的 。
违法记分数：0
罚款最小值：200
罚款最大值：2000
罚款默认值（指导基准）：600
暂扣：
吊销：
拘留最小：0
拘留最大：15
拘留默认值（指导基准）：5
警告标记：不可 警告",由《自治区道路交通违法行为行政处罚裁量权基准》60562号违法行为行结构化导入，待另一管理员复核后发布。
60563小、微型机动车驾驶证申请人在 道路上学习驾驶时 、 由不符合规 定的人员随车指导的,新公规〔2025〕1号,,新疆维吾尔自治区公安厅,local,traffic,REGIONAL,650000:新疆维吾尔自治区,交通违法裁量基准|违规学习驾驶|罚款|行政拘留,https://gat.xinjiang.gov.cn/gat/gawj/202503/3936ce139b084a9082a72c5bb554942d.shtml,2025-03-11,2025-04-15,,自2025年4月15日起施行，有效期五年；发生交通事故、吊销或拘留以及警告适用条件以文件统一说明和具体执法事实为准。,2026-08-08,30,,新疆道路交通违法行为代码60563的行政处罚裁量基准，违法描述为“学习驾驶时 由不符合规 定的人员随 车指导的”，适用于“小、微型机动车驾驶证申请人在 道路上学习驾驶时 、 由不符合规 定的人员随车指导的”。本条仅提供官方信息索引，不生成个案处罚结论。,"违法内容：小、微型机动车驾驶证申请人在 道路上学习驾驶时 、 由不符合规 定的人员随车指导的
违法规定：《机动车驾驶证申领和使用规定 》第四十二条 （具体法条条款同上 ）
法律条文：《中华人民共和国道路交通安全法 》第九十九条第一款第 一项 、第二款 ，《机动车驾驶证申领和使用规定 》第九十 七条第一款 、第三项（具体法条条款同上 ）
违法记分数：0
罚款最小值：200
罚款最大值：2000
罚款默认值（指导基准）：900
暂扣：
吊销：
拘留最小：0
拘留最大：15
拘留默认值（指导基准）：5
警告标记：不可 警告",由《自治区道路交通违法行为行政处罚裁量权基准》60563号违法行为行结构化导入，待另一管理员复核后发布。
60564中型以上客 、货运汽车驾驶证申 请人在道路上学习驾驶时 、 由不 符合规定的人员随车指导的,新公规〔2025〕1号,,新疆维吾尔自治区公安厅,local,traffic,REGIONAL,650000:新疆维吾尔自治区,交通违法裁量基准|违规学习驾驶|罚款|行政拘留,https://gat.xinjiang.gov.cn/gat/gawj/202503/3936ce139b084a9082a72c5bb554942d.shtml,2025-03-11,2025-04-15,,自2025年4月15日起施行，有效期五年；发生交通事故、吊销或拘留以及警告适用条件以文件统一说明和具体执法事实为准。,2026-08-08,30,,新疆道路交通违法行为代码60564的行政处罚裁量基准，违法描述为“学习驾驶时 由不符合规 定的人员随 车指导的”，适用于“中型以上客 、货运汽车驾驶证申 请人在道路上学习驾驶时 、 由不 符合规定的人员随车指导的”。本条仅提供官方信息索引，不生成个案处罚结论。,"违法内容：中型以上客 、货运汽车驾驶证申 请人在道路上学习驾驶时 、 由不 符合规定的人员随车指导的
违法规定：《机动车驾驶证申领和使用规定 》第四十二条 （具体法条条款同上 ）
法律条文：《中华人民共和国道路交通安全法 》第九十九条第一款第 一项 、第二款 ，《机动车驾驶证申领和使用规定 》第九十 七条第一款 、第三项（具体法条条款同上 ）
违法记分数：0
罚款最小值：200
罚款最大值：2000
罚款默认值（指导基准）：1200
暂扣：
吊销：
拘留最小：0
拘留最大：15
拘留默认值（指导基准）：7
警告标记：不可 警告",由《自治区道路交通违法行为行政处罚裁量权基准》60564号违法行为行结构化导入，待另一管理员复核后发布。
60565大型客车驾驶证申请人在道路上 学习驾驶时 、 由不符合规定的人 员随车指导的,新公规〔2025〕1号,,新疆维吾尔自治区公安厅,local,traffic,REGIONAL,650000:新疆维吾尔自治区,交通违法裁量基准|违规学习驾驶|罚款|行政拘留,https://gat.xinjiang.gov.cn/gat/gawj/202503/3936ce139b084a9082a72c5bb554942d.shtml,2025-03-11,2025-04-15,,自2025年4月15日起施行，有效期五年；发生交通事故、吊销或拘留以及警告适用条件以文件统一说明和具体执法事实为准。,2026-08-08,30,,新疆道路交通违法行为代码60565的行政处罚裁量基准，违法描述为“学习驾驶时 由不符合规 定的人员随 车指导的”，适用于“大型客车驾驶证申请人在道路上 学习驾驶时 、 由不符合规定的人 员随车指导的”。本条仅提供官方信息索引，不生成个案处罚结论。,"违法内容：大型客车驾驶证申请人在道路上 学习驾驶时 、 由不符合规定的人 员随车指导的
违法规定：《机动车驾驶证申领和使用规定 》第四十二条 （具体法条条款同上 ）
法律条文：《中华人民共和国道路交通安全法 》第九十九条第一款第 一项 、第二款 ，《机动车驾驶证申领和使用规定 》第九十 七条第一款 、第三项（具体法条条款同上 ）
违法记分数：0
罚款最小值：200
罚款最大值：2000
罚款默认值（指导基准）：1500
暂扣：
吊销：
拘留最小：0
拘留最大：15
拘留默认值（指导基准）：10
警告标记：不可 警告",由《自治区道路交通违法行为行政处罚裁量权基准》60565号违法行为行结构化导入，待另一管理员复核后发布。
60572将摩托车交由申请人驾驶 、 申请 人未取得学习驾驶证明的,新公规〔2025〕1号,,新疆维吾尔自治区公安厅,local,traffic,REGIONAL,650000:新疆维吾尔自治区,交通违法裁量基准|无证驾驶|摩托车|罚款|吊销驾驶证,https://gat.xinjiang.gov.cn/gat/gawj/202503/3936ce139b084a9082a72c5bb554942d.shtml,2025-03-11,2025-04-15,,自2025年4月15日起施行，有效期五年；发生交通事故、吊销或拘留以及警告适用条件以文件统一说明和具体执法事实为准。,2026-08-08,30,,新疆道路交通违法行为代码60572的行政处罚裁量基准，违法描述为“将机动车交 由未取得学 习驾驶证明 的申请人驾 驶的”，适用于“将摩托车交由申请人驾驶 、 申请 人未取得学习驾驶证明的”。本条仅提供官方信息索引，不生成个案处罚结论。,"违法内容：将摩托车交由申请人驾驶 、 申请 人未取得学习驾驶证明的
违法规定：《机动车驾驶证申领和使用规定 》第四十一条 申 请人在场地和道路上学习驾驶 ，应当按规定取得 学习驾驶证明 。学习驾驶证明的有效期为三年 ， 但有效期截止日期不得超过申请年龄条件上限 。 申请人应当在有效期内完成科目二和科目三考试 。未在有效期内完成考试的 ， 已考试合格的科目 成绩作废。 学习驾驶证明可以采用纸质或者电子形式 ，纸质 学习驾驶证明和电子学习驾驶证明具有同等效力 。 申请人可以通过互联网交通安全综合服务管理 平台打印或者下载学习驾驶证明 。
法律条文：《中华人民共和国道路交通安全法 》《中华人民共和国道 路交通安全法 》第九十九条第一款有下列行为之一的 ， 由 公安机关交通管理部门处二百元以上二千元以下罚款 ： （二）将机动车交由未取得机动车驾驶证或者机动车驾驶 证被吊销 、暂扣的人驾驶的； 第二款行为人有前款第二项 、第四项情形之一的 ，可以并处吊销机动车驾驶证 ；有第 一项 、第三项 、第五项至第八项情形之一的 ，可以并处十 五日以下拘留 ，《机动车驾驶证申领和使用规定 》第九十 七条第二款将机动车交由有前款规定情形之一的申请人驾 驶的 ， 由公安机关交通管理部门按照 《道路交通安全法 》 第九十九条第一款第二项规定予以处罚 。
违法记分数：0
罚款最小值：200
罚款最大值：2000
罚款默认值（指导基准）：600
暂扣：
吊销：可以 并处 吊销
拘留最小：0
拘留最大：0
拘留默认值（指导基准）：0
警告标记：不可 警告",由《自治区道路交通违法行为行政处罚裁量权基准》60572号违法行为行结构化导入，待另一管理员复核后发布。
60573将小 、微型机动车交由申请人驾 驶、 申请人未取得学习驾驶证明 的,新公规〔2025〕1号,,新疆维吾尔自治区公安厅,local,traffic,REGIONAL,650000:新疆维吾尔自治区,交通违法裁量基准|无证驾驶|罚款|吊销驾驶证,https://gat.xinjiang.gov.cn/gat/gawj/202503/3936ce139b084a9082a72c5bb554942d.shtml,2025-03-11,2025-04-15,,自2025年4月15日起施行，有效期五年；发生交通事故、吊销或拘留以及警告适用条件以文件统一说明和具体执法事实为准。,2026-08-08,30,,新疆道路交通违法行为代码60573的行政处罚裁量基准，违法描述为“将机动车交 由未取得学 习驾驶证明 的申请人驾”，适用于“将小 、微型机动车交由申请人驾 驶、 申请人未取得学习驾驶证明 的”。本条仅提供官方信息索引，不生成个案处罚结论。,"违法内容：将小 、微型机动车交由申请人驾 驶、 申请人未取得学习驾驶证明 的
违法规定：《机动车驾驶证申领和使用规定 》第四十一条 （具体法条条款同上 ）
法律条文：《中华人民共和国道路交通安全法 》第九十九条第一款第 二项 、第二款 、《机动车驾驶证申领和使用规定 》第九十 七条第二款（具体法条条款同上 ）
违法记分数：0
罚款最小值：200
罚款最大值：2000
罚款默认值（指导基准）：900
暂扣：
吊销：可以 并处 吊销
拘留最小：0
拘留最大：0
拘留默认值（指导基准）：0
警告标记：不可 警告",由《自治区道路交通违法行为行政处罚裁量权基准》60573号违法行为行结构化导入，待另一管理员复核后发布。
60574将中型以上客 、货运汽车交由申 请人驾驶 、 申请人未取得学习驾 驶证明的,新公规〔2025〕1号,,新疆维吾尔自治区公安厅,local,traffic,REGIONAL,650000:新疆维吾尔自治区,交通违法裁量基准|无证驾驶|罚款|吊销驾驶证,https://gat.xinjiang.gov.cn/gat/gawj/202503/3936ce139b084a9082a72c5bb554942d.shtml,2025-03-11,2025-04-15,,自2025年4月15日起施行，有效期五年；发生交通事故、吊销或拘留以及警告适用条件以文件统一说明和具体执法事实为准。,2026-08-08,30,,新疆道路交通违法行为代码60574的行政处罚裁量基准，违法描述为“驶的 由未取得学 习驾驶证明 的申请人驾”，适用于“将中型以上客 、货运汽车交由申 请人驾驶 、 申请人未取得学习驾 驶证明的”。本条仅提供官方信息索引，不生成个案处罚结论。,"违法内容：将中型以上客 、货运汽车交由申 请人驾驶 、 申请人未取得学习驾 驶证明的
违法规定：《机动车驾驶证申领和使用规定 》第四十一条 （具体法条条款同上 ）
法律条文：《中华人民共和国道路交通安全法 》第九十九条第一款第 二项 、第二款 、《机动车驾驶证申领和使用规定 》第九十 七条第二款（具体法条条款同上 ）
违法记分数：0
罚款最小值：200
罚款最大值：2000
罚款默认值（指导基准）：1200
暂扣：
吊销：可以 并处 吊销
拘留最小：0
拘留最大：0
拘留默认值（指导基准）：0
警告标记：不可 警告",由《自治区道路交通违法行为行政处罚裁量权基准》60574号违法行为行结构化导入，待另一管理员复核后发布。
60575将大型客车交由申请人驾驶 、 申 请人未取得学习驾驶证明的,新公规〔2025〕1号,,新疆维吾尔自治区公安厅,local,traffic,REGIONAL,650000:新疆维吾尔自治区,交通违法裁量基准|无证驾驶|罚款|吊销驾驶证,https://gat.xinjiang.gov.cn/gat/gawj/202503/3936ce139b084a9082a72c5bb554942d.shtml,2025-03-11,2025-04-15,,自2025年4月15日起施行，有效期五年；发生交通事故、吊销或拘留以及警告适用条件以文件统一说明和具体执法事实为准。,2026-08-08,30,,新疆道路交通违法行为代码60575的行政处罚裁量基准，违法描述为“驶的 由未取得学 习驾驶证明 的申请人驾”，适用于“将大型客车交由申请人驾驶 、 申 请人未取得学习驾驶证明的”。本条仅提供官方信息索引，不生成个案处罚结论。,"违法内容：将大型客车交由申请人驾驶 、 申 请人未取得学习驾驶证明的
违法规定：《机动车驾驶证申领和使用规定 》第四十一条 （具体法条条款同上 ）
法律条文：《中华人民共和国道路交通安全法 》第九十九条第一款第 二项 、第二款 、《机动车驾驶证申领和使用规定 》第九十 七条第二款（具体法条条款同上 ）
违法记分数：0
罚款最小值：200
罚款最大值：2000
罚款默认值（指导基准）：1500
暂扣：
吊销：可以 并处 吊销
拘留最小：0
拘留最大：0
拘留默认值（指导基准）：0
警告标记：不可 警告",由《自治区道路交通违法行为行政处罚裁量权基准》60575号违法行为行结构化导入，待另一管理员复核后发布。
60592将摩托车交由申请人驾驶 、没有 教练员或随车指导人员的,新公规〔2025〕1号,,新疆维吾尔自治区公安厅,local,traffic,REGIONAL,650000:新疆维吾尔自治区,交通违法裁量基准|违规学习驾驶|摩托车|罚款|吊销驾驶证,https://gat.xinjiang.gov.cn/gat/gawj/202503/3936ce139b084a9082a72c5bb554942d.shtml,2025-03-11,2025-04-15,,自2025年4月15日起施行，有效期五年；发生交通事故、吊销或拘留以及警告适用条件以文件统一说明和具体执法事实为准。,2026-08-08,30,,新疆道路交通违法行为代码60592的行政处罚裁量基准，违法描述为“驶的 将机动车交 由没有教练 员或随车指 导人员的申 请人驾驶的”，适用于“将摩托车交由申请人驾驶 、没有 教练员或随车指导人员的”。本条仅提供官方信息索引，不生成个案处罚结论。,"违法内容：将摩托车交由申请人驾驶 、没有 教练员或随车指导人员的
违法规定：《机动车驾驶证申领和使用规定 》第四十二条 申 请人在道路上学习驾驶 ，应当随身携带学习驾驶 证明 ，使用教练车或者学车专用标识签注的自学 用车 ，在教练员或者学车专用标识签注的指导人 员随车指导下 ，按照公安机关交通管理部门指定 的路线 、时间进行。 申请人为自学直考人员的 ，在道路上学习驾驶 时 ，应当在自学用车上按规定放置 、粘贴学车专 用标识 ， 自学用车不得搭载随车指导人员以外的 其他人员。
法律条文：《中华人民共和国道路交通安全法 》《中华人民共和国道 路交通安全法 》第九十九条第一款有下列行为之一的 ， 由 公安机关交通管理部门处二百元以上二千元以下罚款 ：第 一项未取得机动车驾驶证 、机动车驾驶证被吊销或者机动 车驾驶证被暂扣期间驾驶机动车的 、第二款行为人有前款 第二项 、第四项情形之一的 ，可以并处吊销机动车驾驶 证 ；有第一项 、第三项 、第五项至第八项情形之一的 ，可 以并处十五日以下拘留 ，《机动车驾驶证申领和使用规定 》第九十七条第二款将机动车交由有前款规定情形之一的 申请人驾驶的 ， 由公安机关交通管理部门按照 《道路交通 安全法》第九十九条第一款第二项规定予以处罚 。
违法记分数：0
罚款最小值：200
罚款最大值：2000
罚款默认值（指导基准）：600
暂扣：
吊销：可以 并处 吊销
拘留最小：0
拘留最大：0
拘留默认值（指导基准）：0
警告标记：不可 警告",由《自治区道路交通违法行为行政处罚裁量权基准》60592号违法行为行结构化导入，待另一管理员复核后发布。
60593将小 、微型机动车交由申请人驾 驶、没有教练员或随车指导人员 的,新公规〔2025〕1号,,新疆维吾尔自治区公安厅,local,traffic,REGIONAL,650000:新疆维吾尔自治区,交通违法裁量基准|违规学习驾驶|罚款|吊销驾驶证,https://gat.xinjiang.gov.cn/gat/gawj/202503/3936ce139b084a9082a72c5bb554942d.shtml,2025-03-11,2025-04-15,,自2025年4月15日起施行，有效期五年；发生交通事故、吊销或拘留以及警告适用条件以文件统一说明和具体执法事实为准。,2026-08-08,30,,新疆道路交通违法行为代码60593的行政处罚裁量基准，违法描述为“将机动车交 由没有教练 员或随车指 导人员的申 请人驾驶的”，适用于“将小 、微型机动车交由申请人驾 驶、没有教练员或随车指导人员 的”。本条仅提供官方信息索引，不生成个案处罚结论。,"违法内容：将小 、微型机动车交由申请人驾 驶、没有教练员或随车指导人员 的
违法规定：《机动车驾驶证申领和使用规定 》第四十二条 （具体法条条款同上 ）
法律条文：《中华人民共和国道路交通安全法 》第九十九条第一款第 二项 、第二款 、《机动车驾驶证申领和使用规定 》第九十 七条第二款（具体法条条款同上 ）
违法记分数：0
罚款最小值：200
罚款最大值：2000
罚款默认值（指导基准）：900
暂扣：
吊销：可以 并处 吊销
拘留最小：0
拘留最大：0
拘留默认值（指导基准）：0
警告标记：不可 警告",由《自治区道路交通违法行为行政处罚裁量权基准》60593号违法行为行结构化导入，待另一管理员复核后发布。
60594将中型以上客 、货运汽车交由申 请人驾驶 、没有教练员或随车指 导人员的,新公规〔2025〕1号,,新疆维吾尔自治区公安厅,local,traffic,REGIONAL,650000:新疆维吾尔自治区,交通违法裁量基准|违规学习驾驶|罚款|吊销驾驶证,https://gat.xinjiang.gov.cn/gat/gawj/202503/3936ce139b084a9082a72c5bb554942d.shtml,2025-03-11,2025-04-15,,自2025年4月15日起施行，有效期五年；发生交通事故、吊销或拘留以及警告适用条件以文件统一说明和具体执法事实为准。,2026-08-08,30,,新疆道路交通违法行为代码60594的行政处罚裁量基准，违法描述为“将机动车交 由没有教练 员或随车指 导人员的申 请人驾驶的”，适用于“将中型以上客 、货运汽车交由申 请人驾驶 、没有教练员或随车指 导人员的”。本条仅提供官方信息索引，不生成个案处罚结论。,"违法内容：将中型以上客 、货运汽车交由申 请人驾驶 、没有教练员或随车指 导人员的
违法规定：《机动车驾驶证申领和使用规定 》第四十二条 （具体法条条款同上 ）
法律条文：《中华人民共和国道路交通安全法 》第九十九条第一款第 二项 、第二款 、《机动车驾驶证申领和使用规定 》第九十 七条第二款（具体法条条款同上 ）
违法记分数：0
罚款最小值：200
罚款最大值：2000
罚款默认值（指导基准）：1200
暂扣：
吊销：可以 并处 吊销
拘留最小：0
拘留最大：0
拘留默认值（指导基准）：0
警告标记：不可 警告",由《自治区道路交通违法行为行政处罚裁量权基准》60594号违法行为行结构化导入，待另一管理员复核后发布。
60595将大型客车交由申请人驾驶 、没 有教练员或随车指导人员的,新公规〔2025〕1号,,新疆维吾尔自治区公安厅,local,traffic,REGIONAL,650000:新疆维吾尔自治区,交通违法裁量基准|违规学习驾驶|罚款|吊销驾驶证,https://gat.xinjiang.gov.cn/gat/gawj/202503/3936ce139b084a9082a72c5bb554942d.shtml,2025-03-11,2025-04-15,,自2025年4月15日起施行，有效期五年；发生交通事故、吊销或拘留以及警告适用条件以文件统一说明和具体执法事实为准。,2026-08-08,30,,新疆道路交通违法行为代码60595的行政处罚裁量基准，违法描述为“将机动车交 由没有教练 员或随车指 导人员的申 请人驾驶的”，适用于“将大型客车交由申请人驾驶 、没 有教练员或随车指导人员的”。本条仅提供官方信息索引，不生成个案处罚结论。,"违法内容：将大型客车交由申请人驾驶 、没 有教练员或随车指导人员的
违法规定：《机动车驾驶证申领和使用规定 》第四十二条 （具体法条条款同上 ）
法律条文：《中华人民共和国道路交通安全法 》第九十九条第一款第 二项 、第二款 、《机动车驾驶证申领和使用规定 》第九十 七条第二款（具体法条条款同上 ）
违法记分数：0
罚款最小值：200
罚款最大值：2000
罚款默认值（指导基准）：1500
暂扣：
吊销：可以 并处 吊销
拘留最小：0
拘留最大：0
拘留默认值（指导基准）：0
警告标记：不可 警告",由《自治区道路交通违法行为行政处罚裁量权基准》60595号违法行为行结构化导入，待另一管理员复核后发布。
60602将机动车交由摩托车申请人驾驶 、 由不符合规定的人员随车指导 的,新公规〔2025〕1号,,新疆维吾尔自治区公安厅,local,traffic,REGIONAL,650000:新疆维吾尔自治区,交通违法裁量基准|违规学习驾驶|摩托车|罚款|吊销驾驶证,https://gat.xinjiang.gov.cn/gat/gawj/202503/3936ce139b084a9082a72c5bb554942d.shtml,2025-03-11,2025-04-15,,自2025年4月15日起施行，有效期五年；发生交通事故、吊销或拘留以及警告适用条件以文件统一说明和具体执法事实为准。,2026-08-08,30,,新疆道路交通违法行为代码60602的行政处罚裁量基准，违法描述为“将机动车交 由不符合规 定人员随车 指导的申请 人驾驶的”，适用于“将机动车交由摩托车申请人驾驶 、 由不符合规定的人员随车指导 的”。本条仅提供官方信息索引，不生成个案处罚结论。,"违法内容：将机动车交由摩托车申请人驾驶 、 由不符合规定的人员随车指导 的
违法规定：《机动车驾驶证申领和使用规定 》第四十二条 申 请人在道路上学习驾驶 ，应当随身携带学习驾驶 证明 ，使用教练车或者学车专用标识签注的自学 用车 ，在教练员或者学车专用标识签注的指导人 员随车指导下 ，按照公安机关交通管理部门指定 的路线 、时间进行。 申请人为自学直考人员的 ，在道路上学习驾驶 时 ，应当在自学用车上按规定放置 、粘贴学车专 用标识 ， 自学用车不得搭载随车指导人员以外的 其他人员。
法律条文：《中华人民共和国道路交通安全法 》《中华人民共和国道 路交通安全法 》第九十九条第一款有下列行为之一的 ， 由 公安机关交通管理部门处二百元以上二千元以下罚款 ：第 一项未取得机动车驾驶证 、机动车驾驶证被吊销或者机动 车驾驶证被暂扣期间驾驶机动车的 、第二款行为人有前款 第二项 、第四项情形之一的 ，可以并处吊销机动车驾驶 证 ；有第一项 、第三项 、第五项至第八项情形之一的 ，可 以并处十五日以下拘留 ，《机动车驾驶证申领和使用规定 》第九十七条第二款将机动车交由有前款规定情形之一的 申请人驾驶的 ， 由公安机关交通管理部门按照 《道路交通 安全法》第九十九条第一款第二项规定予以处罚 。
违法记分数：0
罚款最小值：200
罚款最大值：2000
罚款默认值（指导基准）：600
暂扣：
吊销：可以 并处 吊销
拘留最小：0
拘留最大：0
拘留默认值（指导基准）：0
警告标记：不可 警告",由《自治区道路交通违法行为行政处罚裁量权基准》60602号违法行为行结构化导入，待另一管理员复核后发布。
60603将机动车交由小 、微型机动车申 请人驾驶 、 由不符合规定的人员 随车指导的,新公规〔2025〕1号,,新疆维吾尔自治区公安厅,local,traffic,REGIONAL,650000:新疆维吾尔自治区,交通违法裁量基准|违规学习驾驶|罚款|吊销驾驶证,https://gat.xinjiang.gov.cn/gat/gawj/202503/3936ce139b084a9082a72c5bb554942d.shtml,2025-03-11,2025-04-15,,自2025年4月15日起施行，有效期五年；发生交通事故、吊销或拘留以及警告适用条件以文件统一说明和具体执法事实为准。,2026-08-08,30,,新疆道路交通违法行为代码60603的行政处罚裁量基准，违法描述为“将机动车交 由不符合规 定人员随车 指导的申请”，适用于“将机动车交由小 、微型机动车申 请人驾驶 、 由不符合规定的人员 随车指导的”。本条仅提供官方信息索引，不生成个案处罚结论。,"违法内容：将机动车交由小 、微型机动车申 请人驾驶 、 由不符合规定的人员 随车指导的
违法规定：《机动车驾驶证申领和使用规定 》第四十二条 （具体法条条款同上 ）
法律条文：《中华人民共和国道路交通安全法 》第九十九条第一款第 二项 、第二款 、《机动车驾驶证申领和使用规定 》第九十 七条第二款（具体法条条款同上 ）
违法记分数：0
罚款最小值：200
罚款最大值：2000
罚款默认值（指导基准）：900
暂扣：
吊销：可以 并处 吊销
拘留最小：0
拘留最大：0
拘留默认值（指导基准）：0
警告标记：不可 警告",由《自治区道路交通违法行为行政处罚裁量权基准》60603号违法行为行结构化导入，待另一管理员复核后发布。
60604将机动车交由中型以上客 、货运 汽车申请人驾驶 、 由不符合规定 的人员随车指导的,新公规〔2025〕1号,,新疆维吾尔自治区公安厅,local,traffic,REGIONAL,650000:新疆维吾尔自治区,交通违法裁量基准|违规学习驾驶|罚款|吊销驾驶证,https://gat.xinjiang.gov.cn/gat/gawj/202503/3936ce139b084a9082a72c5bb554942d.shtml,2025-03-11,2025-04-15,,自2025年4月15日起施行，有效期五年；发生交通事故、吊销或拘留以及警告适用条件以文件统一说明和具体执法事实为准。,2026-08-08,30,,新疆道路交通违法行为代码60604的行政处罚裁量基准，违法描述为“人驾驶的 由不符合规 定人员随车 指导的申请”，适用于“将机动车交由中型以上客 、货运 汽车申请人驾驶 、 由不符合规定 的人员随车指导的”。本条仅提供官方信息索引，不生成个案处罚结论。,"违法内容：将机动车交由中型以上客 、货运 汽车申请人驾驶 、 由不符合规定 的人员随车指导的
违法规定：《机动车驾驶证申领和使用规定 》第四十二条 （具体法条条款同上 ）
法律条文：《中华人民共和国道路交通安全法 》第九十九条第一款第 二项 、第二款 、《机动车驾驶证申领和使用规定 》第九十 七条第二款（具体法条条款同上 ）
违法记分数：0
罚款最小值：200
罚款最大值：2000
罚款默认值（指导基准）：1200
暂扣：
吊销：可以 并处 吊销
拘留最小：0
拘留最大：0
拘留默认值（指导基准）：0
警告标记：不可 警告",由《自治区道路交通违法行为行政处罚裁量权基准》60604号违法行为行结构化导入，待另一管理员复核后发布。
60605将机动车交由大型客车申请人驾 驶、 由不符合规定的人员随车指 导的,新公规〔2025〕1号,,新疆维吾尔自治区公安厅,local,traffic,REGIONAL,650000:新疆维吾尔自治区,交通违法裁量基准|违规学习驾驶|罚款|吊销驾驶证,https://gat.xinjiang.gov.cn/gat/gawj/202503/3936ce139b084a9082a72c5bb554942d.shtml,2025-03-11,2025-04-15,,自2025年4月15日起施行，有效期五年；发生交通事故、吊销或拘留以及警告适用条件以文件统一说明和具体执法事实为准。,2026-08-08,30,,新疆道路交通违法行为代码60605的行政处罚裁量基准，违法描述为“人驾驶的 由不符合规 定人员随车 指导的申请”，适用于“将机动车交由大型客车申请人驾 驶、 由不符合规定的人员随车指 导的”。本条仅提供官方信息索引，不生成个案处罚结论。,"违法内容：将机动车交由大型客车申请人驾 驶、 由不符合规定的人员随车指 导的
违法规定：《机动车驾驶证申领和使用规定 》第四十二条 （具体法条条款同上 ）
法律条文：《中华人民共和国道路交通安全法 》第九十九条第一款第 二项 、第二款 、《机动车驾驶证申领和使用规定 》第九十 七条第二款（具体法条条款同上 ）
违法记分数：0
罚款最小值：200
罚款最大值：2000
罚款默认值（指导基准）：1500
暂扣：
吊销：可以 并处 吊销
拘留最小：0
拘留最大：0
拘留默认值（指导基准）：0
警告标记：不可 警告",由《自治区道路交通违法行为行政处罚裁量权基准》60605号违法行为行结构化导入，待另一管理员复核后发布。
60631驾驶排放检验不合格的摩托车上 道路行驶的,新公规〔2025〕1号,,新疆维吾尔自治区公安厅,local,traffic,REGIONAL,650000:新疆维吾尔自治区,交通违法裁量基准|排放检验不合格|摩托车|罚款|可警告,https://gat.xinjiang.gov.cn/gat/gawj/202503/3936ce139b084a9082a72c5bb554942d.shtml,2025-03-11,2025-04-15,,自2025年4月15日起施行，有效期五年；发生交通事故、吊销或拘留以及警告适用条件以文件统一说明和具体执法事实为准。,2026-08-08,30,,新疆道路交通违法行为代码60631的行政处罚裁量基准，违法描述为“人驾驶的 驾驶排放检 验不合格的 机动车上道 路行驶的”，适用于“驾驶排放检验不合格的摩托车上 道路行驶的”。本条仅提供官方信息索引，不生成个案处罚结论。,"违法内容：驾驶排放检验不合格的摩托车上 道路行驶的
违法规定：《中华人民共和国大气污染防治法 》第一百一十 三条违反本法规定 ，机动车驾驶人驾驶排放检验 不合格的机动车上道路行驶的 ， 由公安机关交通 管理部门依法予以处罚 。
法律条文：《中华人民共和国道路交通安全法 》第九十条机动车驾驶 人违反道路交通安全法律 、法规关于道路通行规定的 ，处 警告或者二十元以上二百元以下罚款 。本法另有规定的， 依照规定处。
违法记分数：0
罚款最小值：20
罚款最大值：200
罚款默认值（指导基准）：60
暂扣：
吊销：
拘留最小：0
拘留最大：0
拘留默认值（指导基准）：0
警告标记：可警告",由《自治区道路交通违法行为行政处罚裁量权基准》60631号违法行为行结构化导入，待另一管理员复核后发布。
60632驾驶排放检验不合格的小 、微型 机动车上道路行驶的,新公规〔2025〕1号,,新疆维吾尔自治区公安厅,local,traffic,REGIONAL,650000:新疆维吾尔自治区,交通违法裁量基准|排放检验不合格|罚款|可警告,https://gat.xinjiang.gov.cn/gat/gawj/202503/3936ce139b084a9082a72c5bb554942d.shtml,2025-03-11,2025-04-15,,自2025年4月15日起施行，有效期五年；发生交通事故、吊销或拘留以及警告适用条件以文件统一说明和具体执法事实为准。,2026-08-08,30,,新疆道路交通违法行为代码60632的行政处罚裁量基准，违法描述为“驾驶排放检 验不合格的 机动车上道 路行驶的”，适用于“驾驶排放检验不合格的小 、微型 机动车上道路行驶的”。本条仅提供官方信息索引，不生成个案处罚结论。,"违法内容：驾驶排放检验不合格的小 、微型 机动车上道路行驶的
违法规定：《中华人民共和国大气污染防治法 》第一百一十 三条（具体法条条款同上 ）
法律条文：《中华人民共和国道路交通安全法 》第九十条（具体法条条款同上）
违法记分数：0
罚款最小值：20
罚款最大值：200
罚款默认值（指导基准）：90
暂扣：
吊销：
拘留最小：0
拘留最大：0
拘留默认值（指导基准）：0
警告标记：可警告",由《自治区道路交通违法行为行政处罚裁量权基准》60632号违法行为行结构化导入，待另一管理员复核后发布。
60633驾驶排放检验不合格的中型以上 载货汽车上道路行驶的,新公规〔2025〕1号,,新疆维吾尔自治区公安厅,local,traffic,REGIONAL,650000:新疆维吾尔自治区,交通违法裁量基准|排放检验不合格|载货汽车|罚款|可警告,https://gat.xinjiang.gov.cn/gat/gawj/202503/3936ce139b084a9082a72c5bb554942d.shtml,2025-03-11,2025-04-15,,自2025年4月15日起施行，有效期五年；发生交通事故、吊销或拘留以及警告适用条件以文件统一说明和具体执法事实为准。,2026-08-08,30,,新疆道路交通违法行为代码60633的行政处罚裁量基准，违法描述为“驾驶排放检 验不合格的 机动车上道 路行驶的”，适用于“驾驶排放检验不合格的中型以上 载货汽车上道路行驶的”。本条仅提供官方信息索引，不生成个案处罚结论。,"违法内容：驾驶排放检验不合格的中型以上 载货汽车上道路行驶的
违法规定：《中华人民共和国大气污染防治法 》第一百一十 三条（具体法条条款同上 ）
法律条文：《中华人民共和国道路交通安全法 》第九十条（具体法条条款同上）
违法记分数：0
罚款最小值：20
罚款最大值：200
罚款默认值（指导基准）：120
暂扣：
吊销：
拘留最小：0
拘留最大：0
拘留默认值（指导基准）：0
警告标记：可警告",由《自治区道路交通违法行为行政处罚裁量权基准》60633号违法行为行结构化导入，待另一管理员复核后发布。
60634驾驶排放检验不合格的中型以上 载客汽车 、危化品运输车辆 、校 车上道路行驶的,新公规〔2025〕1号,,新疆维吾尔自治区公安厅,local,traffic,REGIONAL,650000:新疆维吾尔自治区,交通违法裁量基准|排放检验不合格|校车|中型以上客车|罚款|可警告,https://gat.xinjiang.gov.cn/gat/gawj/202503/3936ce139b084a9082a72c5bb554942d.shtml,2025-03-11,2025-04-15,,自2025年4月15日起施行，有效期五年；发生交通事故、吊销或拘留以及警告适用条件以文件统一说明和具体执法事实为准。,2026-08-08,30,,新疆道路交通违法行为代码60634的行政处罚裁量基准，违法描述为“驾驶排放检 验不合格的 机动车上道 路行驶的”，适用于“驾驶排放检验不合格的中型以上 载客汽车 、危化品运输车辆 、校 车上道路行驶的”。本条仅提供官方信息索引，不生成个案处罚结论。,"违法内容：驾驶排放检验不合格的中型以上 载客汽车 、危化品运输车辆 、校 车上道路行驶的
违法规定：《中华人民共和国大气污染防治法 》第一百一十 三条（具体法条条款同上 ）
法律条文：《中华人民共和国道路交通安全法 》第九十条（具体法条条款同上）
违法记分数：0
罚款最小值：20
罚款最大值：200
罚款默认值（指导基准）：150
暂扣：
吊销：
拘留最小：0
拘留最大：0
拘留默认值（指导基准）：0
警告标记：可警告",由《自治区道路交通违法行为行政处罚裁量权基准》60634号违法行为行结构化导入，待另一管理员复核后发布。
6064连续驾驶载货汽车 、 中型以上载 客汽车以外的机动车超过 4小时 未停车休息或者停车休息时间少 于20分钟的,新公规〔2025〕1号,,新疆维吾尔自治区公安厅,local,traffic,REGIONAL,650000:新疆维吾尔自治区,交通违法裁量基准|疲劳驾驶|中型以上客车|载货汽车|罚款|可警告,https://gat.xinjiang.gov.cn/gat/gawj/202503/3936ce139b084a9082a72c5bb554942d.shtml,2025-03-11,2025-04-15,,自2025年4月15日起施行，有效期五年；发生交通事故、吊销或拘留以及警告适用条件以文件统一说明和具体执法事实为准。,2026-08-08,30,,新疆道路交通违法行为代码6064的行政处罚裁量基准，违法描述为“连续驾驶载 货汽车 、 中 型以上载客 汽车以外的 机动车超过 4 小时未停车 休息或者停 车休息时间 少于20分钟”，适用于“连续驾驶载货汽车 、 中型以上载 客汽车以外的机动车超过 4小时 未停车休息或者停车休息时间少 于20分钟的”。本条仅提供官方信息索引，不生成个案处罚结论。,"违法内容：连续驾驶载货汽车 、 中型以上载 客汽车以外的机动车超过 4小时 未停车休息或者停车休息时间少 于20分钟的
违法规定：《中华人民共和国道路交通安全法 》第二十二条 第二款饮酒 、服用国家管制的精神药品或者麻醉 药品 ，或者患有妨碍安全驾驶机动车的疾病 ，或 者过度疲劳影响安全驾驶的 ，不得驾驶机动车、 《中华人民共和国道路交通安全法实施条例 》第 六十二条驾驶机动车不得有下列行为 ：第七项连 续驾驶机动车超过 4小时未停车休息或者停车休息 时间少于20分钟。
法律条文：《中华人民共和国道路交通安全法 》第九十条机动车驾驶 人违反道路交通安全法律 、法规关于道路通行规定的 ，处 警告或者二十元以上二百元以下罚款 。本法另有规定的， 依照规定处罚 。《新疆维吾尔自治区实施 〈道路交通安全 法〉办法》第七十八条驾驶机动车有下列行为之一的 ，处 100元罚款： （一）连续驾驶机动车超过 4小时未停车休息或者停车休 息时间少于 20分钟的；
违法记分数：0
罚款最小值：20
罚款最大值：200
罚款默认值（指导基准）：100
暂扣：
吊销：
拘留最小：0
拘留最大：0
拘留默认值（指导基准）：0
警告标记：可警告",由《自治区道路交通违法行为行政处罚裁量权基准》6064号违法行为行结构化导入，待另一管理员复核后发布。
6065载货汽车牵引多辆挂车的,新公规〔2025〕1号,,新疆维吾尔自治区公安厅,local,traffic,REGIONAL,650000:新疆维吾尔自治区,交通违法裁量基准|载货车牵引多辆挂车|载货汽车|罚款|可警告,https://gat.xinjiang.gov.cn/gat/gawj/202503/3936ce139b084a9082a72c5bb554942d.shtml,2025-03-11,2025-04-15,,自2025年4月15日起施行，有效期五年；发生交通事故、吊销或拘留以及警告适用条件以文件统一说明和具体执法事实为准。,2026-08-08,30,,新疆道路交通违法行为代码6065的行政处罚裁量基准，违法描述为“载货车牵引 多辆挂车”，适用于“载货汽车牵引多辆挂车的”。本条仅提供官方信息索引，不生成个案处罚结论。,"违法内容：载货汽车牵引多辆挂车的
违法规定：《中华人民共和国道路交通安全法实施条例 》第 五十六条第一款第一项
法律条文：《中华人民共和国道路交通安全法 》第九十条机动车驾驶 人违反道路交通安全法律 、法规关于道路通行规定的 ，处 警告或者二十元以上二百元以下罚款 。本法另有规定的， 依照规定处。《新疆维吾尔自治区实施 〈道路交通安全法 〉办法》第七十七条机动车驾驶人有下列行为之一的 ，处 50元罚款：（二）违反牵引车辆规定的；
违法记分数：0
罚款最小值：20
罚款最大值：200
罚款默认值（指导基准）：50
暂扣：
吊销：
拘留最小：0
拘留最大：0
拘留默认值（指导基准）：0
警告标记：可警告",由《自治区道路交通违法行为行政处罚裁量权基准》6065号违法行为行结构化导入，待另一管理员复核后发布。
6066半挂牵引车牵引多辆挂车的,新公规〔2025〕1号,,新疆维吾尔自治区公安厅,local,traffic,REGIONAL,650000:新疆维吾尔自治区,交通违法裁量基准|半挂车牵引多辆挂车|罚款|可警告,https://gat.xinjiang.gov.cn/gat/gawj/202503/3936ce139b084a9082a72c5bb554942d.shtml,2025-03-11,2025-04-15,,自2025年4月15日起施行，有效期五年；发生交通事故、吊销或拘留以及警告适用条件以文件统一说明和具体执法事实为准。,2026-08-08,30,,新疆道路交通违法行为代码6066的行政处罚裁量基准，违法描述为“半挂车牵引 多辆挂车”，适用于“半挂牵引车牵引多辆挂车的”。本条仅提供官方信息索引，不生成个案处罚结论。,"违法内容：半挂牵引车牵引多辆挂车的
违法规定：《中华人民共和国道路交通安全法实施条例 》第 五十六条第一款机动车牵引挂车应当符合下列规 定 ：第一项载货汽车 、半挂牵引车 、拖拉机只允 许牵引1辆挂车 。挂车的灯光信号 、制动 、连接、 安全防护等装置应当符合国家标准 。
法律条文：《中华人民共和国道路交通安全法 》第九十条机动车驾驶 人违反道路交通安全法律 、法规关于道路通行规定的 ，处 警告或者二十元以上二百元以下罚款 。本法另有规定的， 依照规定处。《新疆维吾尔自治区实施 〈道路交通安全法 〉办法》第七十七条机动车驾驶人有下列行为之一的 ，处 50元罚款：（三）违反牵引挂车规定的；
违法记分数：0
罚款最小值：20
罚款最大值：200
罚款默认值（指导基准）：50
暂扣：
吊销：
拘留最小：0
拘留最大：0
拘留默认值（指导基准）：0
警告标记：可警告",由《自治区道路交通违法行为行政处罚裁量权基准》6066号违法行为行结构化导入，待另一管理员复核后发布。
6067小型载客汽车牵引旅居挂车以外 的且总质量 700千克以上挂车的,新公规〔2025〕1号,,新疆维吾尔自治区公安厅,local,traffic,REGIONAL,650000:新疆维吾尔自治区,交通违法裁量基准|小型载客车不按规定牵引挂车|罚款|可警告,https://gat.xinjiang.gov.cn/gat/gawj/202503/3936ce139b084a9082a72c5bb554942d.shtml,2025-03-11,2025-04-15,,自2025年4月15日起施行，有效期五年；发生交通事故、吊销或拘留以及警告适用条件以文件统一说明和具体执法事实为准。,2026-08-08,30,,新疆道路交通违法行为代码6067的行政处罚裁量基准，违法描述为“小型载客车 不按规定牵 引挂车”，适用于“小型载客汽车牵引旅居挂车以外 的且总质量 700千克以上挂车的”。本条仅提供官方信息索引，不生成个案处罚结论。,"违法内容：小型载客汽车牵引旅居挂车以外 的且总质量 700千克以上挂车的
违法规定：《中华人民共和国道路交通安全法实施条例 》第 五十六条第一款机动车牵引挂车应当符合下列规 定第二项小型载客汽车只允许牵引旅居挂车或者 总质量700千克以下的挂车 。挂车不得载人。
法律条文：《中华人民共和国道路交通安全法 》第九十条机动车驾驶 人违反道路交通安全法律 、法规关于道路通行规定的 ，处 警告或者二十元以上二百元以下罚款 。本法另有规定的， 依照规定处。《新疆维吾尔自治区实施 〈道路交通安全法 〉办法》第七十七条机动车驾驶人有下列行为之一的 ，处 50元罚款：（二）违反牵引车辆规定的 。
违法记分数：0
罚款最小值：20
罚款最大值：200
罚款默认值（指导基准）：50
暂扣：
吊销：
拘留最小：0
拘留最大：0
拘留默认值（指导基准）：0
警告标记：可警告",由《自治区道路交通违法行为行政处罚裁量权基准》6067号违法行为行结构化导入，待另一管理员复核后发布。
6068载货汽车牵引挂车的载质量超过 汽车本身的载质量的,新公规〔2025〕1号,,新疆维吾尔自治区公安厅,local,traffic,REGIONAL,650000:新疆维吾尔自治区,交通违法裁量基准|挂车载质量超越车辆本身载质量|载货汽车|罚款|可警告,https://gat.xinjiang.gov.cn/gat/gawj/202503/3936ce139b084a9082a72c5bb554942d.shtml,2025-03-11,2025-04-15,,自2025年4月15日起施行，有效期五年；发生交通事故、吊销或拘留以及警告适用条件以文件统一说明和具体执法事实为准。,2026-08-08,30,,新疆道路交通违法行为代码6068的行政处罚裁量基准，违法描述为“挂车载质量 超越车辆本 身载质量”，适用于“载货汽车牵引挂车的载质量超过 汽车本身的载质量的”。本条仅提供官方信息索引，不生成个案处罚结论。,"违法内容：载货汽车牵引挂车的载质量超过 汽车本身的载质量的
违法规定：《中华人民共和国道路交通安全法实施条例 》第 五十六条第一款机动车牵引挂车应当符合下列规 定第三项载货汽车所牵引挂车的载质量不得超过 载货汽车本身的载质量 。
法律条文：《中华人民共和国道路交通安全法 》第九十条机动车驾驶 人违反道路交通安全法律 、法规关于道路通行规定的 ，处 警告或者二十元以上二百元以下罚款 。本法另有规定的， 依照规定处。
违法记分数：0
罚款最小值：20
罚款最大值：200
罚款默认值（指导基准）：120
暂扣：
吊销：
拘留最小：0
拘留最大：0
拘留默认值（指导基准）：0
警告标记：可警告",由《自治区道路交通违法行为行政处罚裁量权基准》6068号违法行为行结构化导入，待另一管理员复核后发布。
6069大型载客汽车牵引挂车的,新公规〔2025〕1号,,新疆维吾尔自治区公安厅,local,traffic,REGIONAL,650000:新疆维吾尔自治区,交通违法裁量基准|大型载客汽车牵引挂车|罚款|可警告,https://gat.xinjiang.gov.cn/gat/gawj/202503/3936ce139b084a9082a72c5bb554942d.shtml,2025-03-11,2025-04-15,,自2025年4月15日起施行，有效期五年；发生交通事故、吊销或拘留以及警告适用条件以文件统一说明和具体执法事实为准。,2026-08-08,30,,新疆道路交通违法行为代码6069的行政处罚裁量基准，违法描述为“大型载客汽 车牵引挂车”，适用于“大型载客汽车牵引挂车的”。本条仅提供官方信息索引，不生成个案处罚结论。,"违法内容：大型载客汽车牵引挂车的
违法规定：《中华人民共和国道路交通安全法实施条例 》第 五十六条第二款 大型 、 中型载客汽车 ，低速载 货汽车 ，三轮汽车以及其他机动车不得牵引挂车 。
法律条文：《中华人民共和国道路交通安全法 》第九十条机动车驾驶 人违反道路交通安全法律 、法规关于道路通行规定的 ，处 警告或者二十元以上二百元以下罚款 。本法另有规定的， 依照规定处。《新疆维吾尔自治区实施 〈道路交通安全法 〉办法》第七十七条机动车驾驶人有下列行为之一的 ，处 50元罚款：（二）违反牵引车辆规定的 。
违法记分数：0
罚款最小值：20
罚款最大值：200
罚款默认值（指导基准）：50
暂扣：
吊销：
拘留最小：0
拘留最大：0
拘留默认值（指导基准）：0
警告标记：可警告",由《自治区道路交通违法行为行政处罚裁量权基准》6069号违法行为行结构化导入，待另一管理员复核后发布。
6070中型载客汽车牵引挂车的,新公规〔2025〕1号,,新疆维吾尔自治区公安厅,local,traffic,REGIONAL,650000:新疆维吾尔自治区,交通违法裁量基准|中型载客汽车牵引挂车|罚款|可警告,https://gat.xinjiang.gov.cn/gat/gawj/202503/3936ce139b084a9082a72c5bb554942d.shtml,2025-03-11,2025-04-15,,自2025年4月15日起施行，有效期五年；发生交通事故、吊销或拘留以及警告适用条件以文件统一说明和具体执法事实为准。,2026-08-08,30,,新疆道路交通违法行为代码6070的行政处罚裁量基准，违法描述为“中型载客汽 车牵引挂车”，适用于“中型载客汽车牵引挂车的”。本条仅提供官方信息索引，不生成个案处罚结论。,"违法内容：中型载客汽车牵引挂车的
违法规定：《中华人民共和国道路交通安全法实施条例 》第 五十六条第二款 大型 、 中型载客汽车 ，低速载 货汽车 ，三轮汽车以及其他机动车不得牵引挂车 。
法律条文：《中华人民共和国道路交通安全法 》第九十条机动车驾驶 人违反道路交通安全法律 、法规关于道路通行规定的 ，处 警告或者二十元以上二百元以下罚款 。本法另有规定的， 依照规定处。《新疆维吾尔自治区实施 〈道路交通安全法 〉办法》第七十七条机动车驾驶人有下列行为之一的 ，处 50元罚款：（二）违反牵引车辆规定的 。
违法记分数：0
罚款最小值：20
罚款最大值：200
罚款默认值（指导基准）：50
暂扣：
吊销：
拘留最小：0
拘留最大：0
拘留默认值（指导基准）：0
警告标记：可警告",由《自治区道路交通违法行为行政处罚裁量权基准》6070号违法行为行结构化导入，待另一管理员复核后发布。
6071低速载货汽车牵引挂车的,新公规〔2025〕1号,,新疆维吾尔自治区公安厅,local,traffic,REGIONAL,650000:新疆维吾尔自治区,交通违法裁量基准|低速载货汽车牵引挂车|载货汽车|罚款|可警告,https://gat.xinjiang.gov.cn/gat/gawj/202503/3936ce139b084a9082a72c5bb554942d.shtml,2025-03-11,2025-04-15,,自2025年4月15日起施行，有效期五年；发生交通事故、吊销或拘留以及警告适用条件以文件统一说明和具体执法事实为准。,2026-08-08,30,,新疆道路交通违法行为代码6071的行政处罚裁量基准，违法描述为“低速载货汽 车牵引挂车”，适用于“低速载货汽车牵引挂车的”。本条仅提供官方信息索引，不生成个案处罚结论。,"违法内容：低速载货汽车牵引挂车的
违法规定：《中华人民共和国道路交通安全法实施条例 》第 五十六条第二款 大型 、 中型载客汽车 ，低速载 货汽车 ，三轮汽车以及其他机动车不得牵引挂车 。
法律条文：《中华人民共和国道路交通安全法 》第九十条机动车驾驶 人违反道路交通安全法律 、法规关于道路通行规定的 ，处 警告或者二十元以上二百元以下罚款 。本法另有规定的， 依照规定处。《新疆维吾尔自治区实施 〈道路交通安全法 〉办法》第七十七条机动车驾驶人有下列行为之一的 ，处 50元罚款：（二）违反牵引车辆规定的 。
违法记分数：0
罚款最小值：20
罚款最大值：200
罚款默认值（指导基准）：50
暂扣：
吊销：
拘留最小：0
拘留最大：0
拘留默认值（指导基准）：0
警告标记：可警告",由《自治区道路交通违法行为行政处罚裁量权基准》6071号违法行为行结构化导入，待另一管理员复核后发布。
6072三轮机动车汽车牵引挂车的,新公规〔2025〕1号,,新疆维吾尔自治区公安厅,local,traffic,REGIONAL,650000:新疆维吾尔自治区,交通违法裁量基准|三轮机动车牵引挂车|罚款|可警告,https://gat.xinjiang.gov.cn/gat/gawj/202503/3936ce139b084a9082a72c5bb554942d.shtml,2025-03-11,2025-04-15,,自2025年4月15日起施行，有效期五年；发生交通事故、吊销或拘留以及警告适用条件以文件统一说明和具体执法事实为准。,2026-08-08,30,,新疆道路交通违法行为代码6072的行政处罚裁量基准，违法描述为“三轮机动车 牵引挂车”，适用于“三轮机动车汽车牵引挂车的”。本条仅提供官方信息索引，不生成个案处罚结论。,"违法内容：三轮机动车汽车牵引挂车的
违法规定：《中华人民共和国道路交通安全法实施条例 》第 五十六条第二款 大型 、 中型载客汽车 ，低速载 货汽车 ，三轮汽车以及其他机动车不得牵引挂车 。
法律条文：《中华人民共和国道路交通安全法 》第九十条机动车驾驶 人违反道路交通安全法律 、法规关于道路通行规定的 ，处 警告或者二十元以上二百元以下罚款 。本法另有规定的， 依照规定处。《新疆维吾尔自治区实施 〈道路交通安全法 〉办法》第七十七条机动车驾驶人有下列行为之一的 ，处 50元罚款：（二）违反牵引车辆规定的 。
违法记分数：0
罚款最小值：20
罚款最大值：200
罚款默认值（指导基准）：50
暂扣：
吊销：
拘留最小：0
拘留最大：0
拘留默认值（指导基准）：0
警告标记：可警告",由《自治区道路交通违法行为行政处罚裁量权基准》6072号违法行为行结构化导入，待另一管理员复核后发布。
60881左转弯时 、摩托车未靠路口中心点左侧转弯的,新公规〔2025〕1号,,新疆维吾尔自治区公安厅,local,traffic,REGIONAL,650000:新疆维吾尔自治区,交通违法裁量基准|左转弯不靠路口中心行驶|摩托车|罚款|可警告,https://gat.xinjiang.gov.cn/gat/gawj/202503/3936ce139b084a9082a72c5bb554942d.shtml,2025-03-11,2025-04-15,,自2025年4月15日起施行，有效期五年；发生交通事故、吊销或拘留以及警告适用条件以文件统一说明和具体执法事实为准。,2026-08-08,30,,新疆道路交通违法行为代码60881的行政处罚裁量基准，违法描述为“左转弯不靠 路口中心行 驶”，适用于“左转弯时 、摩托车未靠路口中心点左侧转弯的”。本条仅提供官方信息索引，不生成个案处罚结论。,"违法内容：左转弯时 、摩托车未靠路口中心点左侧转弯的
违法规定：《中华人民共和国道路交通安全法实施条例 》第 五十一条动车通过有交通信号灯控制的交叉路 口，应当按照下列规定通行 ：第三项向左转弯 时，靠路口中心点左侧转弯 。转弯时开启转向 灯 ，夜间行驶开启近光灯 。
法律条文：《中华人民共和国道路交通安全法 》第九十条机动车驾驶 人违反道路交通安全法律 、法规关于道路通行规定的 ，处 警告或者二十元以上二百元以下罚款 。本法另有规定的， 依照规定处。
违法记分数：0
罚款最小值：20
罚款最大值：200
罚款默认值（指导基准）：60
暂扣：
吊销：
拘留最小：0
拘留最大：0
拘留默认值（指导基准）：0
警告标记：可警告",由《自治区道路交通违法行为行政处罚裁量权基准》60881号违法行为行结构化导入，待另一管理员复核后发布。
60882左转弯时 、小 、微型机动车未靠 路口中心点左侧转弯的,新公规〔2025〕1号,,新疆维吾尔自治区公安厅,local,traffic,REGIONAL,650000:新疆维吾尔自治区,交通违法裁量基准|左转弯不靠路口中心行|罚款|可警告,https://gat.xinjiang.gov.cn/gat/gawj/202503/3936ce139b084a9082a72c5bb554942d.shtml,2025-03-11,2025-04-15,,自2025年4月15日起施行，有效期五年；发生交通事故、吊销或拘留以及警告适用条件以文件统一说明和具体执法事实为准。,2026-08-08,30,,新疆道路交通违法行为代码60882的行政处罚裁量基准，违法描述为“左转弯不靠 路口中心行”，适用于“左转弯时 、小 、微型机动车未靠 路口中心点左侧转弯的”。本条仅提供官方信息索引，不生成个案处罚结论。,"违法内容：左转弯时 、小 、微型机动车未靠 路口中心点左侧转弯的
违法规定：《中华人民共和国道路交通安全法实施条例 》第 五十一条第三项（具体法条条款同上 ）
法律条文：《中华人民共和国道路交通安全法 》第九十条（具体法条条款同上）
违法记分数：0
罚款最小值：20
罚款最大值：200
罚款默认值（指导基准）：90
暂扣：
吊销：
拘留最小：0
拘留最大：0
拘留默认值（指导基准）：0
警告标记：可警告",由《自治区道路交通违法行为行政处罚裁量权基准》60882号违法行为行结构化导入，待另一管理员复核后发布。
60883左转弯时 、 中型以上载货汽车未 靠路口中心点左侧转弯的,新公规〔2025〕1号,,新疆维吾尔自治区公安厅,local,traffic,REGIONAL,650000:新疆维吾尔自治区,交通违法裁量基准|左转弯不靠路口中心行|载货汽车|罚款|可警告,https://gat.xinjiang.gov.cn/gat/gawj/202503/3936ce139b084a9082a72c5bb554942d.shtml,2025-03-11,2025-04-15,,自2025年4月15日起施行，有效期五年；发生交通事故、吊销或拘留以及警告适用条件以文件统一说明和具体执法事实为准。,2026-08-08,30,,新疆道路交通违法行为代码60883的行政处罚裁量基准，违法描述为“左转弯不靠 路口中心行”，适用于“左转弯时 、 中型以上载货汽车未 靠路口中心点左侧转弯的”。本条仅提供官方信息索引，不生成个案处罚结论。,"违法内容：左转弯时 、 中型以上载货汽车未 靠路口中心点左侧转弯的
违法规定：《中华人民共和国道路交通安全法实施条例 》第 五十一条第三项（具体法条条款同上 ）
法律条文：《中华人民共和国道路交通安全法 》第九十条（具体法条条款同上）
违法记分数：0
罚款最小值：20
罚款最大值：200
罚款默认值（指导基准）：120
暂扣：
吊销：
拘留最小：0
拘留最大：0
拘留默认值（指导基准）：0
警告标记：可警告",由《自治区道路交通违法行为行政处罚裁量权基准》60883号违法行为行结构化导入，待另一管理员复核后发布。
60884左转弯时 、 中型以上载客汽车 、 危化品运输车辆 、校车未靠路口 中心点左侧转弯的,新公规〔2025〕1号,,新疆维吾尔自治区公安厅,local,traffic,REGIONAL,650000:新疆维吾尔自治区,交通违法裁量基准|左转弯不靠路口中心行驶|校车|中型以上客车|罚款|可警告,https://gat.xinjiang.gov.cn/gat/gawj/202503/3936ce139b084a9082a72c5bb554942d.shtml,2025-03-11,2025-04-15,,自2025年4月15日起施行，有效期五年；发生交通事故、吊销或拘留以及警告适用条件以文件统一说明和具体执法事实为准。,2026-08-08,30,,新疆道路交通违法行为代码60884的行政处罚裁量基准，违法描述为“左转弯不靠 路口中心行 驶”，适用于“左转弯时 、 中型以上载客汽车 、 危化品运输车辆 、校车未靠路口 中心点左侧转弯的”。本条仅提供官方信息索引，不生成个案处罚结论。,"违法内容：左转弯时 、 中型以上载客汽车 、 危化品运输车辆 、校车未靠路口 中心点左侧转弯的
违法规定：《中华人民共和国道路交通安全法实施条例 》第 五十一条第三项（具体法条条款同上 ）
法律条文：《中华人民共和国道路交通安全法 》第九十条（具体法条条款同上）
违法记分数：0
罚款最小值：20
罚款最大值：200
罚款默认值（指导基准）：150
暂扣：
吊销：
拘留最小：0
拘留最大：0
拘留默认值（指导基准）：0
警告标记：可警告",由《自治区道路交通违法行为行政处罚裁量权基准》60884号违法行为行结构化导入，待另一管理员复核后发布。
60891摩托车通过路口遇放行信号 、不 依次通过的,新公规〔2025〕1号,,新疆维吾尔自治区公安厅,local,traffic,REGIONAL,650000:新疆维吾尔自治区,交通违法裁量基准|信号路口不依次通过|摩托车|罚款|可警告,https://gat.xinjiang.gov.cn/gat/gawj/202503/3936ce139b084a9082a72c5bb554942d.shtml,2025-03-11,2025-04-15,,自2025年4月15日起施行，有效期五年；发生交通事故、吊销或拘留以及警告适用条件以文件统一说明和具体执法事实为准。,2026-08-08,30,,新疆道路交通违法行为代码60891的行政处罚裁量基准，违法描述为“信号路口不 依次通过”，适用于“摩托车通过路口遇放行信号 、不 依次通过的”。本条仅提供官方信息索引，不生成个案处罚结论。,"违法内容：摩托车通过路口遇放行信号 、不 依次通过的
违法规定：《中华人民共和国道路交通安全法实施条例 》第 五十一条机动车通过有交通信号灯控制的交叉路 口 ，应当按照下列规定通行 ：第四项遇放行信号 时 ，依次通过。
法律条文：《中华人民共和国道路交通安全法 》第九十条机动车驾驶 人违反道路交通安全法律 、法规关于道路通行规定的 ，处 警告或者二十元以上二百元以下罚款 。本法另有规定的， 依照规定处。
违法记分数：0
罚款最小值：20
罚款最大值：200
罚款默认值（指导基准）：60
暂扣：
吊销：
拘留最小：0
拘留最大：0
拘留默认值（指导基准）：0
警告标记：可警告",由《自治区道路交通违法行为行政处罚裁量权基准》60891号违法行为行结构化导入，待另一管理员复核后发布。
60892小、微型机动车通过路口遇放行 信号 、不依次通过的,新公规〔2025〕1号,,新疆维吾尔自治区公安厅,local,traffic,REGIONAL,650000:新疆维吾尔自治区,交通违法裁量基准|信号路口不依次通过|罚款|可警告,https://gat.xinjiang.gov.cn/gat/gawj/202503/3936ce139b084a9082a72c5bb554942d.shtml,2025-03-11,2025-04-15,,自2025年4月15日起施行，有效期五年；发生交通事故、吊销或拘留以及警告适用条件以文件统一说明和具体执法事实为准。,2026-08-08,30,,新疆道路交通违法行为代码60892的行政处罚裁量基准，违法描述为“信号路口不 依次通过”，适用于“小、微型机动车通过路口遇放行 信号 、不依次通过的”。本条仅提供官方信息索引，不生成个案处罚结论。,"违法内容：小、微型机动车通过路口遇放行 信号 、不依次通过的
违法规定：《中华人民共和国道路交通安全法实施条例 》第 五十一条第四项（具体法条条款同上 ）
法律条文：《中华人民共和国道路交通安全法 》第九十条（具体法条条款同上）
违法记分数：0
罚款最小值：20
罚款最大值：200
罚款默认值（指导基准）：90
暂扣：
吊销：
拘留最小：0
拘留最大：0
拘留默认值（指导基准）：0
警告标记：可警告",由《自治区道路交通违法行为行政处罚裁量权基准》60892号违法行为行结构化导入，待另一管理员复核后发布。
60893中型以上载货汽车通过路口遇放 行信号 、不依次通过的,新公规〔2025〕1号,,新疆维吾尔自治区公安厅,local,traffic,REGIONAL,650000:新疆维吾尔自治区,交通违法裁量基准|信号路口不依次通过|载货汽车|罚款|可警告,https://gat.xinjiang.gov.cn/gat/gawj/202503/3936ce139b084a9082a72c5bb554942d.shtml,2025-03-11,2025-04-15,,自2025年4月15日起施行，有效期五年；发生交通事故、吊销或拘留以及警告适用条件以文件统一说明和具体执法事实为准。,2026-08-08,30,,新疆道路交通违法行为代码60893的行政处罚裁量基准，违法描述为“信号路口不 依次通过”，适用于“中型以上载货汽车通过路口遇放 行信号 、不依次通过的”。本条仅提供官方信息索引，不生成个案处罚结论。,"违法内容：中型以上载货汽车通过路口遇放 行信号 、不依次通过的
违法规定：《中华人民共和国道路交通安全法实施条例 》第 五十一条第四项（具体法条条款同上 ）
法律条文：《中华人民共和国道路交通安全法 》第九十条（具体法条条款同上）
违法记分数：0
罚款最小值：20
罚款最大值：200
罚款默认值（指导基准）：120
暂扣：
吊销：
拘留最小：0
拘留最大：0
拘留默认值（指导基准）：0
警告标记：可警告",由《自治区道路交通违法行为行政处罚裁量权基准》60893号违法行为行结构化导入，待另一管理员复核后发布。
60894中型以上载客汽车 、危化品运输 车辆 、校车通过路口遇放行信号 、不依次通过的,新公规〔2025〕1号,,新疆维吾尔自治区公安厅,local,traffic,REGIONAL,650000:新疆维吾尔自治区,交通违法裁量基准|信号路口不依次通过|校车|中型以上客车|罚款|可警告,https://gat.xinjiang.gov.cn/gat/gawj/202503/3936ce139b084a9082a72c5bb554942d.shtml,2025-03-11,2025-04-15,,自2025年4月15日起施行，有效期五年；发生交通事故、吊销或拘留以及警告适用条件以文件统一说明和具体执法事实为准。,2026-08-08,30,,新疆道路交通违法行为代码60894的行政处罚裁量基准，违法描述为“信号路口不 依次通过”，适用于“中型以上载客汽车 、危化品运输 车辆 、校车通过路口遇放行信号 、不依次通过的”。本条仅提供官方信息索引，不生成个案处罚结论。,"违法内容：中型以上载客汽车 、危化品运输 车辆 、校车通过路口遇放行信号 、不依次通过的
违法规定：《中华人民共和国道路交通安全法实施条例 》第 五十一条第四项（具体法条条款同上 ）
法律条文：《中华人民共和国道路交通安全法 》第九十条（具体法条条款同上）
违法记分数：0
罚款最小值：20
罚款最大值：200
罚款默认值（指导基准）：150
暂扣：
吊销：
拘留最小：0
拘留最大：0
拘留默认值（指导基准）：0
警告标记：可警告",由《自治区道路交通违法行为行政处罚裁量权基准》60894号违法行为行结构化导入，待另一管理员复核后发布。
60901摩托车通过路口遇停止信号时 、 停在停止线以内或路口内的,新公规〔2025〕1号,,新疆维吾尔自治区公安厅,local,traffic,REGIONAL,650000:新疆维吾尔自治区,交通违法裁量基准|信号灯路口越停车线停车|摩托车|罚款|可警告,https://gat.xinjiang.gov.cn/gat/gawj/202503/3936ce139b084a9082a72c5bb554942d.shtml,2025-03-11,2025-04-15,,自2025年4月15日起施行，有效期五年；发生交通事故、吊销或拘留以及警告适用条件以文件统一说明和具体执法事实为准。,2026-08-08,30,,新疆道路交通违法行为代码60901的行政处罚裁量基准，违法描述为“信号灯路口 越停车线停 车”，适用于“摩托车通过路口遇停止信号时 、 停在停止线以内或路口内的”。本条仅提供官方信息索引，不生成个案处罚结论。,"违法内容：摩托车通过路口遇停止信号时 、 停在停止线以内或路口内的
违法规定：《中华人民共和国道路交通安全法实施条例 》第 五十一条机动车通过有交通信号灯控制的交叉路 口 ，应当按照下列规定通行 ：第五项遇停止信号 时 ，依次停在停止线以外 。没有停止线的 ，停在 路口以外。
法律条文：《中华人民共和国道路交通安全法 》第九十条机动车驾驶 人违反道路交通安全法律 、法规关于道路通行规定的 ，处 警告或者二十元以上二百元以下罚款 。本法另有规定的， 依照规定处。
违法记分数：0
罚款最小值：20
罚款最大值：200
罚款默认值（指导基准）：60
暂扣：
吊销：
拘留最小：0
拘留最大：0
拘留默认值（指导基准）：0
警告标记：可警告",由《自治区道路交通违法行为行政处罚裁量权基准》60901号违法行为行结构化导入，待另一管理员复核后发布。
60902小、微型机动车通过路口遇停止 信号时 、停在停止线以内或路口 内的,新公规〔2025〕1号,,新疆维吾尔自治区公安厅,local,traffic,REGIONAL,650000:新疆维吾尔自治区,交通违法裁量基准|信号灯路口越停车线停车|罚款|可警告,https://gat.xinjiang.gov.cn/gat/gawj/202503/3936ce139b084a9082a72c5bb554942d.shtml,2025-03-11,2025-04-15,,自2025年4月15日起施行，有效期五年；发生交通事故、吊销或拘留以及警告适用条件以文件统一说明和具体执法事实为准。,2026-08-08,30,,新疆道路交通违法行为代码60902的行政处罚裁量基准，违法描述为“信号灯路口 越停车线停 车”，适用于“小、微型机动车通过路口遇停止 信号时 、停在停止线以内或路口 内的”。本条仅提供官方信息索引，不生成个案处罚结论。,"违法内容：小、微型机动车通过路口遇停止 信号时 、停在停止线以内或路口 内的
违法规定：《中华人民共和国道路交通安全法实施条例 》第 五十一条第五项（具体法条条款同上 ）
法律条文：《中华人民共和国道路交通安全法 》第九十条（具体法条条款同上）
违法记分数：0
罚款最小值：20
罚款最大值：200
罚款默认值（指导基准）：90
暂扣：
吊销：
拘留最小：0
拘留最大：0
拘留默认值（指导基准）：0
警告标记：可警告",由《自治区道路交通违法行为行政处罚裁量权基准》60902号违法行为行结构化导入，待另一管理员复核后发布。
60903中型以上载货汽车通过路口遇停 止信号时 、停在停止线以内或路 口内的,新公规〔2025〕1号,,新疆维吾尔自治区公安厅,local,traffic,REGIONAL,650000:新疆维吾尔自治区,交通违法裁量基准|信号灯路口越停车线停车|载货汽车|罚款|可警告,https://gat.xinjiang.gov.cn/gat/gawj/202503/3936ce139b084a9082a72c5bb554942d.shtml,2025-03-11,2025-04-15,,自2025年4月15日起施行，有效期五年；发生交通事故、吊销或拘留以及警告适用条件以文件统一说明和具体执法事实为准。,2026-08-08,30,,新疆道路交通违法行为代码60903的行政处罚裁量基准，违法描述为“信号灯路口 越停车线停 车”，适用于“中型以上载货汽车通过路口遇停 止信号时 、停在停止线以内或路 口内的”。本条仅提供官方信息索引，不生成个案处罚结论。,"违法内容：中型以上载货汽车通过路口遇停 止信号时 、停在停止线以内或路 口内的
违法规定：《中华人民共和国道路交通安全法实施条例 》第 五十一条第五项（具体法条条款同上 ）
法律条文：《中华人民共和国道路交通安全法 》第九十条（具体法条条款同上）
违法记分数：0
罚款最小值：20
罚款最大值：200
罚款默认值（指导基准）：120
暂扣：
吊销：
拘留最小：0
拘留最大：0
拘留默认值（指导基准）：0
警告标记：可警告",由《自治区道路交通违法行为行政处罚裁量权基准》60903号违法行为行结构化导入，待另一管理员复核后发布。
60904中型以上载客汽车 、危化品运输 车辆 、校车通过路口遇停止信号 时、停在停止线以内或路口内的,新公规〔2025〕1号,,新疆维吾尔自治区公安厅,local,traffic,REGIONAL,650000:新疆维吾尔自治区,交通违法裁量基准|信号灯路口越停车线停车|校车|中型以上客车|罚款|可警告,https://gat.xinjiang.gov.cn/gat/gawj/202503/3936ce139b084a9082a72c5bb554942d.shtml,2025-03-11,2025-04-15,,自2025年4月15日起施行，有效期五年；发生交通事故、吊销或拘留以及警告适用条件以文件统一说明和具体执法事实为准。,2026-08-08,30,,新疆道路交通违法行为代码60904的行政处罚裁量基准，违法描述为“信号灯路口 越停车线停 车”，适用于“中型以上载客汽车 、危化品运输 车辆 、校车通过路口遇停止信号 时、停在停止线以内或路口内的”。本条仅提供官方信息索引，不生成个案处罚结论。,"违法内容：中型以上载客汽车 、危化品运输 车辆 、校车通过路口遇停止信号 时、停在停止线以内或路口内的
违法规定：《中华人民共和国道路交通安全法实施条例 》第 五十一条第五项（具体法条条款同上 ）
法律条文：《中华人民共和国道路交通安全法 》第九十条（具体法条条款同上）
违法记分数：0
罚款最小值：20
罚款最大值：200
罚款默认值（指导基准）：150
暂扣：
吊销：
拘留最小：0
拘留最大：0
拘留默认值（指导基准）：0
警告标记：可警告",由《自治区道路交通违法行为行政处罚裁量权基准》60904号违法行为行结构化导入，待另一管理员复核后发布。
60911驾驶校车 、公路客运汽车 、旅游 客运汽车以外的小型载客汽车载 人超过核定人数未达到百分之二 十的,新公规〔2025〕1号,,新疆维吾尔自治区公安厅,local,traffic,REGIONAL,650000:新疆维吾尔自治区,交通违法裁量基准|载客超员|公路客运车|旅游客运车|罚款|可警告,https://gat.xinjiang.gov.cn/gat/gawj/202503/3936ce139b084a9082a72c5bb554942d.shtml,2025-03-11,2025-04-15,,自2025年4月15日起施行，有效期五年；发生交通事故、吊销或拘留以及警告适用条件以文件统一说明和具体执法事实为准。,2026-08-08,30,,新疆道路交通违法行为代码60911的行政处罚裁量基准，违法描述为“驾驶校车、 公路客运汽 车 、旅游客 运汽车以外 的其他载客”，适用于“驾驶校车 、公路客运汽车 、旅游 客运汽车以外的小型载客汽车载 人超过核定人数未达到百分之二 十的”。本条仅提供官方信息索引，不生成个案处罚结论。,"违法内容：驾驶校车 、公路客运汽车 、旅游 客运汽车以外的小型载客汽车载 人超过核定人数未达到百分之二 十的
违法规定：《中华人民共和国道路交通安全法 》第四十九条 机动车载人不得超过核定的人数 ，客运机动车不 得违反规定载货 。
法律条文：《中华人民共和国道路交通安全法 》第九十条机动车驾驶 人违反道路交通安全法律 、法规关于道路通行规定的 ，处 警告或者二十元以上二百元以下罚款 。本法另有规定的， 依照规定处。
违法记分数：0
罚款最小值：20
罚款最大值：200
罚款默认值（指导基准）：100
暂扣：
吊销：
拘留最小：0
拘留最大：0
拘留默认值（指导基准）：0
警告标记：可警告",由《自治区道路交通违法行为行政处罚裁量权基准》60911号违法行为行结构化导入，待另一管理员复核后发布。
60912驾驶校车 、公路客运汽车 、旅游 客运汽车以外的中型以上载客汽 车载人超过核定人数未达到百分 之二十的,新公规〔2025〕1号,,新疆维吾尔自治区公安厅,local,traffic,REGIONAL,650000:新疆维吾尔自治区,交通违法裁量基准|载客超员|公路客运车|旅游客运车|罚款|可警告,https://gat.xinjiang.gov.cn/gat/gawj/202503/3936ce139b084a9082a72c5bb554942d.shtml,2025-03-11,2025-04-15,,自2025年4月15日起施行，有效期五年；发生交通事故、吊销或拘留以及警告适用条件以文件统一说明和具体执法事实为准。,2026-08-08,30,,新疆道路交通违法行为代码60912的行政处罚裁量基准，违法描述为“驾驶校车、 公路客运汽 车 、旅游客 运汽车以外”，适用于“驾驶校车 、公路客运汽车 、旅游 客运汽车以外的中型以上载客汽 车载人超过核定人数未达到百分 之二十的”。本条仅提供官方信息索引，不生成个案处罚结论。,"违法内容：驾驶校车 、公路客运汽车 、旅游 客运汽车以外的中型以上载客汽 车载人超过核定人数未达到百分 之二十的
违法规定：《中华人民共和国道路交通安全法 》第四十九条 （具体法条条款同上 ）
法律条文：《中华人民共和国道路交通安全法 》第九十条（具体法条条款同上）
违法记分数：0
罚款最小值：20
罚款最大值：200
罚款默认值（指导基准）：180
暂扣：
吊销：
拘留最小：0
拘留最大：0
拘留默认值（指导基准）：0
警告标记：可警告",由《自治区道路交通违法行为行政处罚裁量权基准》60912号违法行为行结构化导入，待另一管理员复核后发布。
60951摩托车通过有灯控路口时 、不按 所需行进方向驶入导向车道的,新公规〔2025〕1号,,新疆维吾尔自治区公安厅,local,traffic,REGIONAL,650000:新疆维吾尔自治区,交通违法裁量基准|的其他载客不按导向车道行驶|摩托车|罚款|可警告,https://gat.xinjiang.gov.cn/gat/gawj/202503/3936ce139b084a9082a72c5bb554942d.shtml,2025-03-11,2025-04-15,,自2025年4月15日起施行，有效期五年；发生交通事故、吊销或拘留以及警告适用条件以文件统一说明和具体执法事实为准。,2026-08-08,30,,新疆道路交通违法行为代码60951的行政处罚裁量基准，违法描述为“的其他载客 不按导向车 道行驶”，适用于“摩托车通过有灯控路口时 、不按 所需行进方向驶入导向车道的”。本条仅提供官方信息索引，不生成个案处罚结论。,"违法内容：摩托车通过有灯控路口时 、不按 所需行进方向驶入导向车道的
违法规定：《中华人民共和国道路交通安全法实施条例 》第 五十一条机动车通过有交通信号灯控制的交叉路 口 ，应当按照下列规定通行 ：第一项在划有导向 车道的路口 ，按所需行进方向驶入导向车道 。
法律条文：《中华人民共和国道路交通安全法 》第九十条机动车驾驶 人违反道路交通安全法律 、法规关于道路通行规定的 ，处 警告或者二十元以上二百元以下罚款 。本法另有规定的， 依照规定处。
违法记分数：0
罚款最小值：20
罚款最大值：200
罚款默认值（指导基准）：60
暂扣：
吊销：
拘留最小：0
拘留最大：0
拘留默认值（指导基准）：0
警告标记：可警告",由《自治区道路交通违法行为行政处罚裁量权基准》60951号违法行为行结构化导入，待另一管理员复核后发布。
60952小、微型机动车通过有灯控路口 时、不按所需行进方向驶入导向 车道的,新公规〔2025〕1号,,新疆维吾尔自治区公安厅,local,traffic,REGIONAL,650000:新疆维吾尔自治区,交通违法裁量基准|不按导向车道行驶|罚款|可警告,https://gat.xinjiang.gov.cn/gat/gawj/202503/3936ce139b084a9082a72c5bb554942d.shtml,2025-03-11,2025-04-15,,自2025年4月15日起施行，有效期五年；发生交通事故、吊销或拘留以及警告适用条件以文件统一说明和具体执法事实为准。,2026-08-08,30,,新疆道路交通违法行为代码60952的行政处罚裁量基准，违法描述为“不按导向车 道行驶”，适用于“小、微型机动车通过有灯控路口 时、不按所需行进方向驶入导向 车道的”。本条仅提供官方信息索引，不生成个案处罚结论。,"违法内容：小、微型机动车通过有灯控路口 时、不按所需行进方向驶入导向 车道的
违法规定：《中华人民共和国道路交通安全法实施条例 》第 五十一条第一项（具体法条条款同上 ）
法律条文：《中华人民共和国道路交通安全法 》第九十条（具体法条条款同上）
违法记分数：0
罚款最小值：20
罚款最大值：200
罚款默认值（指导基准）：90
暂扣：
吊销：
拘留最小：0
拘留最大：0
拘留默认值（指导基准）：0
警告标记：可警告",由《自治区道路交通违法行为行政处罚裁量权基准》60952号违法行为行结构化导入，待另一管理员复核后发布。
60953中型以上载货汽车通过有灯控路 口时 、不按所需行进方向驶入导 向车道的,新公规〔2025〕1号,,新疆维吾尔自治区公安厅,local,traffic,REGIONAL,650000:新疆维吾尔自治区,交通违法裁量基准|不按导向车道行驶|载货汽车|罚款|可警告,https://gat.xinjiang.gov.cn/gat/gawj/202503/3936ce139b084a9082a72c5bb554942d.shtml,2025-03-11,2025-04-15,,自2025年4月15日起施行，有效期五年；发生交通事故、吊销或拘留以及警告适用条件以文件统一说明和具体执法事实为准。,2026-08-08,30,,新疆道路交通违法行为代码60953的行政处罚裁量基准，违法描述为“不按导向车 道行驶”，适用于“中型以上载货汽车通过有灯控路 口时 、不按所需行进方向驶入导 向车道的”。本条仅提供官方信息索引，不生成个案处罚结论。,"违法内容：中型以上载货汽车通过有灯控路 口时 、不按所需行进方向驶入导 向车道的
违法规定：《中华人民共和国道路交通安全法实施条例 》第 五十一条第一项（具体法条条款同上 ）
法律条文：《中华人民共和国道路交通安全法 》第九十条（具体法条条款同上）
违法记分数：0
罚款最小值：20
罚款最大值：200
罚款默认值（指导基准）：120
暂扣：
吊销：
拘留最小：0
拘留最大：0
拘留默认值（指导基准）：0
警告标记：可警告",由《自治区道路交通违法行为行政处罚裁量权基准》60953号违法行为行结构化导入，待另一管理员复核后发布。
60954中型以上载客汽车 、危化品运输 车辆 、校车通过有灯控路口时 、 不按所需行进方向驶入导向车道,新公规〔2025〕1号,,新疆维吾尔自治区公安厅,local,traffic,REGIONAL,650000:新疆维吾尔自治区,交通违法裁量基准|不按导向车道行驶|校车|中型以上客车|罚款|可警告,https://gat.xinjiang.gov.cn/gat/gawj/202503/3936ce139b084a9082a72c5bb554942d.shtml,2025-03-11,2025-04-15,,自2025年4月15日起施行，有效期五年；发生交通事故、吊销或拘留以及警告适用条件以文件统一说明和具体执法事实为准。,2026-08-08,30,,新疆道路交通违法行为代码60954的行政处罚裁量基准，违法描述为“不按导向车 道行驶”，适用于“中型以上载客汽车 、危化品运输 车辆 、校车通过有灯控路口时 、 不按所需行进方向驶入导向车道”。本条仅提供官方信息索引，不生成个案处罚结论。,"违法内容：中型以上载客汽车 、危化品运输 车辆 、校车通过有灯控路口时 、 不按所需行进方向驶入导向车道
违法规定：《中华人民共和国道路交通安全法实施条例 》第 五十一条第一项（具体法条条款同上 ）
法律条文：《中华人民共和国道路交通安全法 》第九十条（具体法条条款同上）
违法记分数：0
罚款最小值：20
罚款最大值：200
罚款默认值（指导基准）：150
暂扣：
吊销：
拘留最小：0
拘留最大：0
拘留默认值（指导基准）：0
警告标记：可警告",由《自治区道路交通违法行为行政处罚裁量权基准》60954号违法行为行结构化导入，待另一管理员复核后发布。
60961的 摩托车通过路口向右转弯遇同车 道内有车等候放行信号时 、不依 次停车等候的,新公规〔2025〕1号,,新疆维吾尔自治区公安厅,local,traffic,REGIONAL,650000:新疆维吾尔自治区,交通违法裁量基准|强行右转弯|摩托车|罚款|可警告,https://gat.xinjiang.gov.cn/gat/gawj/202503/3936ce139b084a9082a72c5bb554942d.shtml,2025-03-11,2025-04-15,,自2025年4月15日起施行，有效期五年；发生交通事故、吊销或拘留以及警告适用条件以文件统一说明和具体执法事实为准。,2026-08-08,30,,新疆道路交通违法行为代码60961的行政处罚裁量基准，违法描述为“强行右转弯”，适用于“的 摩托车通过路口向右转弯遇同车 道内有车等候放行信号时 、不依 次停车等候的”。本条仅提供官方信息索引，不生成个案处罚结论。,"违法内容：的 摩托车通过路口向右转弯遇同车 道内有车等候放行信号时 、不依 次停车等候的
违法规定：《中华人民共和国道路交通安全法实施条例 》第 五十一条机动车通过有交通信号灯控制的交叉路 口 ，应当按照下列规定通行 ：第六项向右转弯遇 有同车道前车正在等候放行信号时 ，依次停车等
法律条文：《中华人民共和国道路交通安全法 》第九十条机动车驾驶 人违反道路交通安全法律 、法规关于道路通行规定的 ，处 警告或者二十元以上二百元以下罚款 。本法另有规定的， 依照规定处。
违法记分数：0
罚款最小值：20
罚款最大值：200
罚款默认值（指导基准）：60
暂扣：
吊销：
拘留最小：0
拘留最大：0
拘留默认值（指导基准）：0
警告标记：可警告",由《自治区道路交通违法行为行政处罚裁量权基准》60961号违法行为行结构化导入，待另一管理员复核后发布。
60962小、微型机动车通过路口向右转 弯遇同车道内有车等候放行信号 时 、不依次停车等候的,新公规〔2025〕1号,,新疆维吾尔自治区公安厅,local,traffic,REGIONAL,650000:新疆维吾尔自治区,交通违法裁量基准|强行右转弯|罚款|可警告,https://gat.xinjiang.gov.cn/gat/gawj/202503/3936ce139b084a9082a72c5bb554942d.shtml,2025-03-11,2025-04-15,,自2025年4月15日起施行，有效期五年；发生交通事故、吊销或拘留以及警告适用条件以文件统一说明和具体执法事实为准。,2026-08-08,30,,新疆道路交通违法行为代码60962的行政处罚裁量基准，违法描述为“强行右转弯”，适用于“小、微型机动车通过路口向右转 弯遇同车道内有车等候放行信号 时 、不依次停车等候的”。本条仅提供官方信息索引，不生成个案处罚结论。,"违法内容：小、微型机动车通过路口向右转 弯遇同车道内有车等候放行信号 时 、不依次停车等候的
违法规定：候 《中华人民共和国道路交通安全法实施条例 》第 五十一条第六项（具体法条条款同上 ）
法律条文：《中华人民共和国道路交通安全法 》第九十条（具体法条条款同上）
违法记分数：0
罚款最小值：20
罚款最大值：200
罚款默认值（指导基准）：90
暂扣：
吊销：
拘留最小：0
拘留最大：0
拘留默认值（指导基准）：0
警告标记：可警告",由《自治区道路交通违法行为行政处罚裁量权基准》60962号违法行为行结构化导入，待另一管理员复核后发布。
60963中型以上载货汽车通过路口向右 转弯遇同车道内有车等候放行信 号时 、不依次停车等候的,新公规〔2025〕1号,,新疆维吾尔自治区公安厅,local,traffic,REGIONAL,650000:新疆维吾尔自治区,交通违法裁量基准|强行右转弯|载货汽车|罚款|可警告,https://gat.xinjiang.gov.cn/gat/gawj/202503/3936ce139b084a9082a72c5bb554942d.shtml,2025-03-11,2025-04-15,,自2025年4月15日起施行，有效期五年；发生交通事故、吊销或拘留以及警告适用条件以文件统一说明和具体执法事实为准。,2026-08-08,30,,新疆道路交通违法行为代码60963的行政处罚裁量基准，违法描述为“强行右转弯”，适用于“中型以上载货汽车通过路口向右 转弯遇同车道内有车等候放行信 号时 、不依次停车等候的”。本条仅提供官方信息索引，不生成个案处罚结论。,"违法内容：中型以上载货汽车通过路口向右 转弯遇同车道内有车等候放行信 号时 、不依次停车等候的
违法规定：《中华人民共和国道路交通安全法实施条例 》第 五十一条第六项（具体法条条款同上 ）
法律条文：《中华人民共和国道路交通安全法 》第九十条（具体法条条款同上）
违法记分数：0
罚款最小值：20
罚款最大值：200
罚款默认值（指导基准）：120
暂扣：
吊销：
拘留最小：0
拘留最大：0
拘留默认值（指导基准）：0
警告标记：可警告",由《自治区道路交通违法行为行政处罚裁量权基准》60963号违法行为行结构化导入，待另一管理员复核后发布。
60964中型以上载客汽车 、危化品运输 车辆 、校车通过路口向右转弯遇 同车道内有车等候放行信号时 、 不依次停车等候的,新公规〔2025〕1号,,新疆维吾尔自治区公安厅,local,traffic,REGIONAL,650000:新疆维吾尔自治区,交通违法裁量基准|强行右转弯|校车|中型以上客车|罚款|可警告,https://gat.xinjiang.gov.cn/gat/gawj/202503/3936ce139b084a9082a72c5bb554942d.shtml,2025-03-11,2025-04-15,,自2025年4月15日起施行，有效期五年；发生交通事故、吊销或拘留以及警告适用条件以文件统一说明和具体执法事实为准。,2026-08-08,30,,新疆道路交通违法行为代码60964的行政处罚裁量基准，违法描述为“强行右转弯”，适用于“中型以上载客汽车 、危化品运输 车辆 、校车通过路口向右转弯遇 同车道内有车等候放行信号时 、 不依次停车等候的”。本条仅提供官方信息索引，不生成个案处罚结论。,"违法内容：中型以上载客汽车 、危化品运输 车辆 、校车通过路口向右转弯遇 同车道内有车等候放行信号时 、 不依次停车等候的
违法规定：《中华人民共和国道路交通安全法实施条例 》第 五十一条第六项（具体法条条款同上 ）
法律条文：《中华人民共和国道路交通安全法 》第九十条（具体法条条款同上）
违法记分数：0
罚款最小值：20
罚款最大值：200
罚款默认值（指导基准）：150
暂扣：
吊销：
拘留最小：0
拘留最大：0
拘留默认值（指导基准）：0
警告标记：可警告",由《自治区道路交通违法行为行政处罚裁量权基准》60964号违法行为行结构化导入，待另一管理员复核后发布。
60971摩托车在路口遇有交通阻塞时 、 未依次等候的,新公规〔2025〕1号,,新疆维吾尔自治区公安厅,local,traffic,REGIONAL,650000:新疆维吾尔自治区,交通违法裁量基准|交通阻塞路口不依次等候|摩托车|罚款|可警告,https://gat.xinjiang.gov.cn/gat/gawj/202503/3936ce139b084a9082a72c5bb554942d.shtml,2025-03-11,2025-04-15,,自2025年4月15日起施行，有效期五年；发生交通事故、吊销或拘留以及警告适用条件以文件统一说明和具体执法事实为准。,2026-08-08,30,,新疆道路交通违法行为代码60971的行政处罚裁量基准，违法描述为“交通阻塞路 口不依次等 候”，适用于“摩托车在路口遇有交通阻塞时 、 未依次等候的”。本条仅提供官方信息索引，不生成个案处罚结论。,"违法内容：摩托车在路口遇有交通阻塞时 、 未依次等候的
违法规定：《中华人民共和国道路交通安全法实施条例 》第 五十三条第一款机动车遇有前方交叉路口交通阻 塞时 ，应当依次停在路口以外等候 ，不得进入路 口。
法律条文：《中华人民共和国道路交通安全法 》第九十条机动车驾驶 人违反道路交通安全法律 、法规关于道路通行规定的 ，处 警告或者二十元以上二百元以下罚款 。本法另有规定的， 依照规定处。
违法记分数：0
罚款最小值：20
罚款最大值：200
罚款默认值（指导基准）：60
暂扣：
吊销：
拘留最小：0
拘留最大：0
拘留默认值（指导基准）：0
警告标记：可警告",由《自治区道路交通违法行为行政处罚裁量权基准》60971号违法行为行结构化导入，待另一管理员复核后发布。
60972小、微型机动车在路口遇有交通 阻塞时 、未依次等候的,新公规〔2025〕1号,,新疆维吾尔自治区公安厅,local,traffic,REGIONAL,650000:新疆维吾尔自治区,交通违法裁量基准|交通阻塞路口不依次等|罚款|可警告,https://gat.xinjiang.gov.cn/gat/gawj/202503/3936ce139b084a9082a72c5bb554942d.shtml,2025-03-11,2025-04-15,,自2025年4月15日起施行，有效期五年；发生交通事故、吊销或拘留以及警告适用条件以文件统一说明和具体执法事实为准。,2026-08-08,30,,新疆道路交通违法行为代码60972的行政处罚裁量基准，违法描述为“交通阻塞路 口不依次等”，适用于“小、微型机动车在路口遇有交通 阻塞时 、未依次等候的”。本条仅提供官方信息索引，不生成个案处罚结论。,"违法内容：小、微型机动车在路口遇有交通 阻塞时 、未依次等候的
违法规定：《中华人民共和国道路交通安全法实施条例 》第 五十三条第一款（具体法条条款同上 ）
法律条文：《中华人民共和国道路交通安全法 》第九十条（具体法条条款同上）
违法记分数：0
罚款最小值：20
罚款最大值：200
罚款默认值（指导基准）：90
暂扣：
吊销：
拘留最小：0
拘留最大：0
拘留默认值（指导基准）：0
警告标记：可警告",由《自治区道路交通违法行为行政处罚裁量权基准》60972号违法行为行结构化导入，待另一管理员复核后发布。
60973中型以上载货汽车在路口遇有交 通阻塞时 、未依次等候的,新公规〔2025〕1号,,新疆维吾尔自治区公安厅,local,traffic,REGIONAL,650000:新疆维吾尔自治区,交通违法裁量基准|交通阻塞路口不依次等候|载货汽车|罚款|可警告,https://gat.xinjiang.gov.cn/gat/gawj/202503/3936ce139b084a9082a72c5bb554942d.shtml,2025-03-11,2025-04-15,,自2025年4月15日起施行，有效期五年；发生交通事故、吊销或拘留以及警告适用条件以文件统一说明和具体执法事实为准。,2026-08-08,30,,新疆道路交通违法行为代码60973的行政处罚裁量基准，违法描述为“交通阻塞路 口不依次等 候”，适用于“中型以上载货汽车在路口遇有交 通阻塞时 、未依次等候的”。本条仅提供官方信息索引，不生成个案处罚结论。,"违法内容：中型以上载货汽车在路口遇有交 通阻塞时 、未依次等候的
违法规定：《中华人民共和国道路交通安全法实施条例 》第 五十三条第一款（具体法条条款同上 ）
法律条文：《中华人民共和国道路交通安全法 》第九十条（具体法条条款同上）
违法记分数：0
罚款最小值：20
罚款最大值：200
罚款默认值（指导基准）：120
暂扣：
吊销：
拘留最小：0
拘留最大：0
拘留默认值（指导基准）：0
警告标记：可警告",由《自治区道路交通违法行为行政处罚裁量权基准》60973号违法行为行结构化导入，待另一管理员复核后发布。
60974中型以上载客汽车 、危化品运输 车辆 、校车在路口遇有交通阻塞 时、未依次等候的,新公规〔2025〕1号,,新疆维吾尔自治区公安厅,local,traffic,REGIONAL,650000:新疆维吾尔自治区,交通违法裁量基准|交通阻塞路口不依次等候|校车|中型以上客车|罚款|可警告,https://gat.xinjiang.gov.cn/gat/gawj/202503/3936ce139b084a9082a72c5bb554942d.shtml,2025-03-11,2025-04-15,,自2025年4月15日起施行，有效期五年；发生交通事故、吊销或拘留以及警告适用条件以文件统一说明和具体执法事实为准。,2026-08-08,30,,新疆道路交通违法行为代码60974的行政处罚裁量基准，违法描述为“交通阻塞路 口不依次等 候”，适用于“中型以上载客汽车 、危化品运输 车辆 、校车在路口遇有交通阻塞 时、未依次等候的”。本条仅提供官方信息索引，不生成个案处罚结论。,"违法内容：中型以上载客汽车 、危化品运输 车辆 、校车在路口遇有交通阻塞 时、未依次等候的
违法规定：《中华人民共和国道路交通安全法实施条例 》第 五十三条第一款（具体法条条款同上 ）
法律条文：《中华人民共和国道路交通安全法 》第九十条（具体法条条款同上）
违法记分数：0
罚款最小值：20
罚款最大值：200
罚款默认值（指导基准）：150
暂扣：
吊销：
拘留最小：0
拘留最大：0
拘留默认值（指导基准）：0
警告标记：可警告",由《自治区道路交通违法行为行政处罚裁量权基准》60974号违法行为行结构化导入，待另一管理员复核后发布。
60981驾驶拆除或者损坏消声器 、加装 排气管等擅自改装的摩托车的,新公规〔2025〕1号,,新疆维吾尔自治区公安厅,local,traffic,REGIONAL,650000:新疆维吾尔自治区,交通违法裁量基准|非法改装|摩托车|罚款|可警告,https://gat.xinjiang.gov.cn/gat/gawj/202503/3936ce139b084a9082a72c5bb554942d.shtml,2025-03-11,2025-04-15,,自2025年4月15日起施行，有效期五年；发生交通事故、吊销或拘留以及警告适用条件以文件统一说明和具体执法事实为准。,2026-08-08,30,,新疆道路交通违法行为代码60981的行政处罚裁量基准，违法描述为“驾驶拆除或 者损坏消声 器 、加装排 气管等擅自 改装的机动 车的”，适用于“驾驶拆除或者损坏消声器 、加装 排气管等擅自改装的摩托车的”。本条仅提供官方信息索引，不生成个案处罚结论。,"违法内容：驾驶拆除或者损坏消声器 、加装 排气管等擅自改装的摩托车的
违法规定：《中华人民共和国噪声污染防治法 》第四十七条 第一款机动车的消声器和喇叭应当符合国家规定 。禁止驾驶拆除或者损坏消声器 、加装排气管等 擅自改装的机动车以轰鸣 、疾驶等方式造成噪音 污染 ，第七十九条第一款违反本法规定 ，驾驶拆 除或者损坏消声器 、加装排气管等擅自改装的机 动车轰鸣 、疾驶 ，机动车运行时未按照规定使用 声响装置 ，或者违反禁止机动车行驶和使用声响 装置的路段和时间规定的 ， 由县级以上人民政府 公安机关交通管理部门依照有关道路交通安全的 法律法规处罚。
法律条文：《中华人民共和国道路交通安全法 》第九十条机动车驾驶 人违反道路交通安全法律 、法规关于道路通行规定的 ，处 警告或者二十元以上二百元以下罚款 。本法另有规定的， 依照规定处。
违法记分数：0
罚款最小值：20
罚款最大值：200
罚款默认值（指导基准）：60
暂扣：
吊销：
拘留最小：0
拘留最大：0
拘留默认值（指导基准）：0
警告标记：可警告",由《自治区道路交通违法行为行政处罚裁量权基准》60981号违法行为行结构化导入，待另一管理员复核后发布。
60982驾驶拆除或者损坏消声器 、加装 排气管等擅自改装的小 、微型机 动车的,新公规〔2025〕1号,,新疆维吾尔自治区公安厅,local,traffic,REGIONAL,650000:新疆维吾尔自治区,交通违法裁量基准|非法改装|罚款|可警告,https://gat.xinjiang.gov.cn/gat/gawj/202503/3936ce139b084a9082a72c5bb554942d.shtml,2025-03-11,2025-04-15,,自2025年4月15日起施行，有效期五年；发生交通事故、吊销或拘留以及警告适用条件以文件统一说明和具体执法事实为准。,2026-08-08,30,,新疆道路交通违法行为代码60982的行政处罚裁量基准，违法描述为“驾驶拆除或 者损坏消声 器 、加装排 气管等擅自 改装的机动 车的”，适用于“驾驶拆除或者损坏消声器 、加装 排气管等擅自改装的小 、微型机 动车的”。本条仅提供官方信息索引，不生成个案处罚结论。,"违法内容：驾驶拆除或者损坏消声器 、加装 排气管等擅自改装的小 、微型机 动车的
违法规定：《中华人民共和国噪声污染防治法 》第四十七条 第一款 ，第七十九条第一款（具体法条条款同 上）
法律条文：《中华人民共和国道路交通安全法 》第九十条（具体法条条款同上）
违法记分数：0
罚款最小值：20
罚款最大值：200
罚款默认值（指导基准）：90
暂扣：
吊销：
拘留最小：0
拘留最大：0
拘留默认值（指导基准）：0
警告标记：可警告",由《自治区道路交通违法行为行政处罚裁量权基准》60982号违法行为行结构化导入，待另一管理员复核后发布。
60983驾驶拆除或者损坏消声器 、加装 排气管等擅自改装的中型以上载 货汽车的,新公规〔2025〕1号,,新疆维吾尔自治区公安厅,local,traffic,REGIONAL,650000:新疆维吾尔自治区,交通违法裁量基准|非法改装|载货汽车|罚款|可警告,https://gat.xinjiang.gov.cn/gat/gawj/202503/3936ce139b084a9082a72c5bb554942d.shtml,2025-03-11,2025-04-15,,自2025年4月15日起施行，有效期五年；发生交通事故、吊销或拘留以及警告适用条件以文件统一说明和具体执法事实为准。,2026-08-08,30,,新疆道路交通违法行为代码60983的行政处罚裁量基准，违法描述为“驾驶拆除或 者损坏消声 器 、加装排 气管等擅自 改装的机动 车的”，适用于“驾驶拆除或者损坏消声器 、加装 排气管等擅自改装的中型以上载 货汽车的”。本条仅提供官方信息索引，不生成个案处罚结论。,"违法内容：驾驶拆除或者损坏消声器 、加装 排气管等擅自改装的中型以上载 货汽车的
违法规定：《中华人民共和国噪声污染防治法 》第四十七条 第一款 ，第七十九条第一款（具体法条条款同 上）
法律条文：《中华人民共和国道路交通安全法 》第九十条（具体法条条款同上）
违法记分数：0
罚款最小值：20
罚款最大值：200
罚款默认值（指导基准）：120
暂扣：
吊销：
拘留最小：0
拘留最大：0
拘留默认值（指导基准）：0
警告标记：可警告",由《自治区道路交通违法行为行政处罚裁量权基准》60983号违法行为行结构化导入，待另一管理员复核后发布。
60984驾驶拆除或者损坏消声器 、加装 排气管等擅自改装的中型以上载 客汽车 、危化品运输车辆 、校车 的,新公规〔2025〕1号,,新疆维吾尔自治区公安厅,local,traffic,REGIONAL,650000:新疆维吾尔自治区,交通违法裁量基准|非法改装|校车|中型以上客车|罚款|可警告,https://gat.xinjiang.gov.cn/gat/gawj/202503/3936ce139b084a9082a72c5bb554942d.shtml,2025-03-11,2025-04-15,,自2025年4月15日起施行，有效期五年；发生交通事故、吊销或拘留以及警告适用条件以文件统一说明和具体执法事实为准。,2026-08-08,30,,新疆道路交通违法行为代码60984的行政处罚裁量基准，违法描述为“驾驶拆除或 者损坏消声 器 、加装排 气管等擅自 改装的机动 车的”，适用于“驾驶拆除或者损坏消声器 、加装 排气管等擅自改装的中型以上载 客汽车 、危化品运输车辆 、校车 的”。本条仅提供官方信息索引，不生成个案处罚结论。,"违法内容：驾驶拆除或者损坏消声器 、加装 排气管等擅自改装的中型以上载 客汽车 、危化品运输车辆 、校车 的
违法规定：《中华人民共和国噪声污染防治法 》第四十七条 第一款 ，第七十九条第一款（具体法条条款同 上）
法律条文：《中华人民共和国道路交通安全法 》第九十条（具体法条条款同上）
违法记分数：0
罚款最小值：20
罚款最大值：200
罚款默认值（指导基准）：150
暂扣：
吊销：
拘留最小：0
拘留最大：0
拘留默认值（指导基准）：0
警告标记：可警告",由《自治区道路交通违法行为行政处罚裁量权基准》60984号违法行为行结构化导入，待另一管理员复核后发布。
60991驾驶摩托车时向道路上抛撒物品 的,新公规〔2025〕1号,,新疆维吾尔自治区公安厅,local,traffic,REGIONAL,650000:新疆维吾尔自治区,交通违法裁量基准|驾驶机动车时向道路上抛撒物品|摩托车|罚款|可警告,https://gat.xinjiang.gov.cn/gat/gawj/202503/3936ce139b084a9082a72c5bb554942d.shtml,2025-03-11,2025-04-15,,自2025年4月15日起施行，有效期五年；发生交通事故、吊销或拘留以及警告适用条件以文件统一说明和具体执法事实为准。,2026-08-08,30,,新疆道路交通违法行为代码60991的行政处罚裁量基准，违法描述为“驾驶机动车 时向道路上 抛撒物品的”，适用于“驾驶摩托车时向道路上抛撒物品 的”。本条仅提供官方信息索引，不生成个案处罚结论。,"违法内容：驾驶摩托车时向道路上抛撒物品 的
违法规定：《中华人民共和国道路交通安全法实施条例 》第 六十二条 驾驶机动车不得有下列行为 ：第五项向 道路上抛撒物品 。
法律条文：《中华人民共和国道路交通安全法 》第九十条机动车驾驶 人违反道路交通安全法律 、法规关于道路通行规定的 ，处 警告或者二十元以上二百元以下罚款 。本法另有规定的， 依照规定处。
违法记分数：0
罚款最小值：20
罚款最大值：200
罚款默认值（指导基准）：60
暂扣：
吊销：
拘留最小：0
拘留最大：0
拘留默认值（指导基准）：0
警告标记：可警告",由《自治区道路交通违法行为行政处罚裁量权基准》60991号违法行为行结构化导入，待另一管理员复核后发布。
60992驾驶小 、微型机动车时向道路上 抛撒物品的,新公规〔2025〕1号,,新疆维吾尔自治区公安厅,local,traffic,REGIONAL,650000:新疆维吾尔自治区,交通违法裁量基准|驾驶机动车时向道路上抛撒物品|罚款|可警告,https://gat.xinjiang.gov.cn/gat/gawj/202503/3936ce139b084a9082a72c5bb554942d.shtml,2025-03-11,2025-04-15,,自2025年4月15日起施行，有效期五年；发生交通事故、吊销或拘留以及警告适用条件以文件统一说明和具体执法事实为准。,2026-08-08,30,,新疆道路交通违法行为代码60992的行政处罚裁量基准，违法描述为“驾驶机动车 时向道路上 抛撒物品的”，适用于“驾驶小 、微型机动车时向道路上 抛撒物品的”。本条仅提供官方信息索引，不生成个案处罚结论。,"违法内容：驾驶小 、微型机动车时向道路上 抛撒物品的
违法规定：《中华人民共和国道路交通安全法实施条例 》第 六十二条第五项（具体法条条款同上 ）
法律条文：《中华人民共和国道路交通安全法 》第九十条（具体法条条款同上）
违法记分数：0
罚款最小值：20
罚款最大值：200
罚款默认值（指导基准）：90
暂扣：
吊销：
拘留最小：0
拘留最大：0
拘留默认值（指导基准）：0
警告标记：可警告",由《自治区道路交通违法行为行政处罚裁量权基准》60992号违法行为行结构化导入，待另一管理员复核后发布。
60993驾驶中型以上载货汽车时向道路 上抛撒物品的,新公规〔2025〕1号,,新疆维吾尔自治区公安厅,local,traffic,REGIONAL,650000:新疆维吾尔自治区,交通违法裁量基准|驾驶机动车时向道路上抛撒物品|载货汽车|罚款|可警告,https://gat.xinjiang.gov.cn/gat/gawj/202503/3936ce139b084a9082a72c5bb554942d.shtml,2025-03-11,2025-04-15,,自2025年4月15日起施行，有效期五年；发生交通事故、吊销或拘留以及警告适用条件以文件统一说明和具体执法事实为准。,2026-08-08,30,,新疆道路交通违法行为代码60993的行政处罚裁量基准，违法描述为“驾驶机动车 时向道路上 抛撒物品的”，适用于“驾驶中型以上载货汽车时向道路 上抛撒物品的”。本条仅提供官方信息索引，不生成个案处罚结论。,"违法内容：驾驶中型以上载货汽车时向道路 上抛撒物品的
违法规定：《中华人民共和国道路交通安全法实施条例 》第 六十二条第五项（具体法条条款同上 ）
法律条文：《中华人民共和国道路交通安全法 》第九十条（具体法条条款同上）
违法记分数：0
罚款最小值：20
罚款最大值：200
罚款默认值（指导基准）：120
暂扣：
吊销：
拘留最小：0
拘留最大：0
拘留默认值（指导基准）：0
警告标记：可警告",由《自治区道路交通违法行为行政处罚裁量权基准》60993号违法行为行结构化导入，待另一管理员复核后发布。
60994驾驶中型以上载客汽车 、危化品 运输车辆 、校车时向道路上抛撒 物品的,新公规〔2025〕1号,,新疆维吾尔自治区公安厅,local,traffic,REGIONAL,650000:新疆维吾尔自治区,交通违法裁量基准|驾驶机动车时向道路上抛撒物品|校车|中型以上客车|罚款|可警告,https://gat.xinjiang.gov.cn/gat/gawj/202503/3936ce139b084a9082a72c5bb554942d.shtml,2025-03-11,2025-04-15,,自2025年4月15日起施行，有效期五年；发生交通事故、吊销或拘留以及警告适用条件以文件统一说明和具体执法事实为准。,2026-08-08,30,,新疆道路交通违法行为代码60994的行政处罚裁量基准，违法描述为“驾驶机动车 时向道路上 抛撒物品的”，适用于“驾驶中型以上载客汽车 、危化品 运输车辆 、校车时向道路上抛撒 物品的”。本条仅提供官方信息索引，不生成个案处罚结论。,"违法内容：驾驶中型以上载客汽车 、危化品 运输车辆 、校车时向道路上抛撒 物品的
违法规定：《中华人民共和国道路交通安全法实施条例 》第 六十二条第五项（具体法条条款同上 ）
法律条文：《中华人民共和国道路交通安全法 》第九十条（具体法条条款同上）
违法记分数：0
罚款最小值：20
罚款最大值：200
罚款默认值（指导基准）：150
暂扣：
吊销：
拘留最小：0
拘留最大：0
拘留默认值（指导基准）：0
警告标记：可警告",由《自治区道路交通违法行为行政处罚裁量权基准》60994号违法行为行结构化导入，待另一管理员复核后发布。
